{
    "annotationDetails": {
        "hasMorphosyntaxDisambiguated": true, 
        "hasMorphosyntaxPartiallyDisambiguated": true, 
        "hasSegmentsDisambiguated": true
    }, 
    "annotationHeaders": {
        "0": {
            "distributor": "Pantera", 
            "id": "", 
            "processingDuration": 157, 
            "publicationTime": 1553560154653, 
            "retrievedFrom": "", 
            "sourceDescText": "", 
            "title": ""
        }, 
        "1": {
            "distributor": "Pantera; modified by Spejd", 
            "id": "", 
            "processingDuration": 322, 
            "publicationTime": 1553560154653, 
            "retrievedFrom": "", 
            "sourceDescText": "", 
            "title": ""
        }, 
        "2": {
            "distributor": "Spejd", 
            "id": "", 
            "processingDuration": 165, 
            "publicationTime": 1553560154653, 
            "retrievedFrom": "", 
            "sourceDescText": "", 
            "title": ""
        }, 
        "3": {
            "distributor": "Spejd", 
            "id": "", 
            "processingDuration": 165, 
            "publicationTime": 1553560154653, 
            "retrievedFrom": "", 
            "sourceDescText": "", 
            "title": ""
        }, 
        "4": {
            "distributor": "Nerf", 
            "id": "", 
            "processingDuration": 14, 
            "publicationTime": 1553560154653, 
            "retrievedFrom": "", 
            "sourceDescText": "", 
            "title": ""
        }, 
        "7": {
            "distributor": "MentionDetector", 
            "id": null, 
            "processingDuration": 1, 
            "publicationTime": 1553560154653, 
            "retrievedFrom": null, 
            "sourceDescText": null, 
            "title": null
        }, 
        "8": {
            "distributor": "Bartek", 
            "id": null, 
            "processingDuration": 17, 
            "publicationTime": 1553560154653, 
            "retrievedFrom": null, 
            "sourceDescText": null, 
            "title": null
        }
    }, 
    "coreferences": [
        {
            "dominant": "banan", 
            "id": "c-0", 
            "mentionIds": [
                "m-2"
            ], 
            "sourceMentionId": null, 
            "type": "ident"
        }, 
        {
            "dominant": "gotowany zielony fasola", 
            "id": "c-1", 
            "mentionIds": [
                "m-3"
            ], 
            "sourceMentionId": null, 
            "type": "ident"
        }, 
        {
            "dominant": "czerwony burak", 
            "id": "c-2", 
            "mentionIds": [
                "m-0"
            ], 
            "sourceMentionId": null, 
            "type": "ident"
        }, 
        {
            "dominant": "szparag", 
            "id": "c-3", 
            "mentionIds": [
                "m-1"
            ], 
            "sourceMentionId": null, 
            "type": "ident"
        }, 
        {
            "dominant": "6 . 10 MG / 250g", 
            "id": "c-4", 
            "mentionIds": [
                "m-6"
            ], 
            "sourceMentionId": null, 
            "type": "ident"
        }, 
        {
            "dominant": "6 . 10", 
            "id": "c-5", 
            "mentionIds": [
                "m-4"
            ], 
            "sourceMentionId": null, 
            "type": "ident"
        }, 
        {
            "dominant": "MG", 
            "id": "c-6", 
            "mentionIds": [
                "m-5"
            ], 
            "sourceMentionId": null, 
            "type": "ident"
        }
    ], 
    "paragraphs": [
        {
            "id": "p-1", 
            "sentences": [
                {
                    "dependencyParse": [], 
                    "groups": [
                        {
                            "childIds": [
                                "words_a397b4", 
                                "words_a397b9"
                            ], 
                            "id": "groups_a397ba", 
                            "orth": "Czerwone buraki", 
                            "rule": "NGa: (Qub) + Adj + (Qub) + (Adv) + Noun + (Adj)", 
                            "semanticHeadId": "words_a397b9", 
                            "syntacticHeadId": "words_a397b9", 
                            "type": "NGa"
                        }
                    ], 
                    "id": "s-1.1", 
                    "mentions": [
                        {
                            "childIds": [
                                "seg-1.1.0", 
                                "seg-1.1.1"
                            ], 
                            "headIds": [
                                "seg-1.1.1"
                            ], 
                            "id": "m-0", 
                            "zeroSubject": false
                        }
                    ], 
                    "names": [], 
                    "rejectedTokens": [], 
                    "sentimentTags": [], 
                    "tokens": [
                        {
                            "candidateInterpretations": [
                                {
                                    "base": "czerwony", 
                                    "ctag": "adj", 
                                    "msd": "pl:nom:m2:pos"
                                }
                            ], 
                            "chosenInterpretation": {
                                "base": "czerwony", 
                                "ctag": "adj", 
                                "msd": "pl:nom:m2:pos"
                            }, 
                            "id": "seg-1.1.0", 
                            "interpretations": [
                                {
                                    "base": "czerwony", 
                                    "ctag": "adj", 
                                    "msd": "pl:nom:m2:pos"
                                }
                            ], 
                            "noPrecedingSpace": false, 
                            "offset": 1, 
                            "orth": "Czerwone"
                        }, 
                        {
                            "candidateInterpretations": [
                                {
                                    "base": "burak", 
                                    "ctag": "subst", 
                                    "msd": "pl:nom:m2"
                                }
                            ], 
                            "chosenInterpretation": {
                                "base": "burak", 
                                "ctag": "subst", 
                                "msd": "pl:nom:m2"
                            }, 
                            "id": "seg-1.1.1", 
                            "interpretations": [
                                {
                                    "base": "burak", 
                                    "ctag": "subst", 
                                    "msd": "pl:nom:m2"
                                }
                            ], 
                            "noPrecedingSpace": false, 
                            "offset": 10, 
                            "orth": "buraki"
                        }, 
                        {
                            "candidateInterpretations": [
                                {
                                    "base": "(", 
                                    "ctag": "interp", 
                                    "msd": ""
                                }
                            ], 
                            "chosenInterpretation": {
                                "base": "(", 
                                "ctag": "interp", 
                                "msd": ""
                            }, 
                            "id": "seg-1.1.2", 
                            "interpretations": [
                                {
                                    "base": "(", 
                                    "ctag": "interp", 
                                    "msd": ""
                                }
                            ], 
                            "noPrecedingSpace": false, 
                            "offset": 17, 
                            "orth": "("
                        }, 
                        {
                            "candidateInterpretations": [
                                {
                                    "base": "21mg", 
                                    "ctag": "ign", 
                                    "msd": ""
                                }
                            ], 
                            "chosenInterpretation": {
                                "base": "21mg", 
                                "ctag": "ign", 
                                "msd": ""
                            }, 
                            "id": "seg-1.1.3", 
                            "interpretations": [
                                {
                                    "base": "21mg", 
                                    "ctag": "ign", 
                                    "msd": ""
                                }
                            ], 
                            "noPrecedingSpace": true, 
                            "offset": 18, 
                            "orth": "21mg"
                        }, 
                        {
                            "candidateInterpretations": [
                                {
                                    "base": "/", 
                                    "ctag": "interp", 
                                    "msd": ""
                                }
                            ], 
                            "chosenInterpretation": {
                                "base": "/", 
                                "ctag": "interp", 
                                "msd": ""
                            }, 
                            "id": "seg-1.1.4", 
                            "interpretations": [
                                {
                                    "base": "/", 
                                    "ctag": "interp", 
                                    "msd": ""
                                }
                            ], 
                            "noPrecedingSpace": true, 
                            "offset": 22, 
                            "orth": "/"
                        }, 
                        {
                            "candidateInterpretations": [
                                {
                                    "base": "100g", 
                                    "ctag": "ign", 
                                    "msd": ""
                                }
                            ], 
                            "chosenInterpretation": {
                                "base": "100g", 
                                "ctag": "ign", 
                                "msd": ""
                            }, 
                            "id": "seg-1.1.5", 
                            "interpretations": [
                                {
                                    "base": "100g", 
                                    "ctag": "ign", 
                                    "msd": ""
                                }
                            ], 
                            "noPrecedingSpace": true, 
                            "offset": 23, 
                            "orth": "100g"
                        }, 
                        {
                            "candidateInterpretations": [
                                {
                                    "base": ")", 
                                    "ctag": "interp", 
                                    "msd": ""
                                }
                            ], 
                            "chosenInterpretation": {
                                "base": ")", 
                                "ctag": "interp", 
                                "msd": ""
                            }, 
                            "id": "seg-1.1.6", 
                            "interpretations": [
                                {
                                    "base": ")", 
                                    "ctag": "interp", 
                                    "msd": ""
                                }
                            ], 
                            "noPrecedingSpace": true, 
                            "offset": 27, 
                            "orth": ")"
                        }, 
                        {
                            "candidateInterpretations": [
                                {
                                    "base": ".", 
                                    "ctag": "interp", 
                                    "msd": ""
                                }
                            ], 
                            "chosenInterpretation": {
                                "base": ".", 
                                "ctag": "interp", 
                                "msd": ""
                            }, 
                            "id": "seg-1.1.7", 
                            "interpretations": [
                                {
                                    "base": ".", 
                                    "ctag": "interp", 
                                    "msd": ""
                                }
                            ], 
                            "noPrecedingSpace": true, 
                            "offset": 28, 
                            "orth": "."
                        }
                    ], 
                    "words": [
                        {
                            "candidateInterpretations": [
                                {
                                    "base": "czerwony", 
                                    "ctag": "Adj", 
                                    "msd": "pl:nom:m2:pos"
                                }
                            ], 
                            "childIds": [
                                "seg-1.1.0"
                            ], 
                            "chosenInterpretation": {
                                "base": "czerwony", 
                                "ctag": "Adj", 
                                "msd": "pl:nom:m2:pos"
                            }, 
                            "id": "words_a397b4", 
                            "orth": "Czerwone", 
                            "rule": "adj -> Adj"
                        }, 
                        {
                            "candidateInterpretations": [
                                {
                                    "base": "burak", 
                                    "ctag": "Noun", 
                                    "msd": "pl:nom:m2"
                                }
                            ], 
                            "childIds": [
                                "seg-1.1.1"
                            ], 
                            "chosenInterpretation": {
                                "base": "burak", 
                                "ctag": "Noun", 
                                "msd": "pl:nom:m2"
                            }, 
                            "id": "words_a397b9", 
                            "orth": "buraki", 
                            "rule": "subst|depr|ger -> Noun"
                        }, 
                        {
                            "candidateInterpretations": [
                                {
                                    "base": "(", 
                                    "ctag": "Interp", 
                                    "msd": ""
                                }
                            ], 
                            "childIds": [
                                "seg-1.1.2"
                            ], 
                            "chosenInterpretation": {
                                "base": "(", 
                                "ctag": "Interp", 
                                "msd": ""
                            }, 
                            "id": "words_a397b5", 
                            "orth": "(", 
                            "rule": "interp -> Interp"
                        }, 
                        {
                            "candidateInterpretations": [
                                {
                                    "base": "/", 
                                    "ctag": "Interp", 
                                    "msd": ""
                                }
                            ], 
                            "childIds": [
                                "seg-1.1.4"
                            ], 
                            "chosenInterpretation": {
                                "base": "/", 
                                "ctag": "Interp", 
                                "msd": ""
                            }, 
                            "id": "words_a397b6", 
                            "orth": "/", 
                            "rule": "interp -> Interp"
                        }, 
                        {
                            "candidateInterpretations": [
                                {
                                    "base": ")", 
                                    "ctag": "Interp", 
                                    "msd": ""
                                }
                            ], 
                            "childIds": [
                                "seg-1.1.6"
                            ], 
                            "chosenInterpretation": {
                                "base": ")", 
                                "ctag": "Interp", 
                                "msd": ""
                            }, 
                            "id": "words_a397b7", 
                            "orth": ")", 
                            "rule": "interp -> Interp"
                        }, 
                        {
                            "candidateInterpretations": [
                                {
                                    "base": ".", 
                                    "ctag": "Interp", 
                                    "msd": ""
                                }
                            ], 
                            "childIds": [
                                "seg-1.1.7"
                            ], 
                            "chosenInterpretation": {
                                "base": ".", 
                                "ctag": "Interp", 
                                "msd": ""
                            }, 
                            "id": "words_a397b8", 
                            "orth": ".", 
                            "rule": "interp -> Interp"
                        }
                    ]
                }, 
                {
                    "dependencyParse": [], 
                    "groups": [
                        {
                            "childIds": [
                                "words_a397cb"
                            ], 
                            "id": "groups_a397cc", 
                            "orth": "Szparagi", 
                            "rule": "(Qub) + Noun", 
                            "semanticHeadId": "words_a397cb", 
                            "syntacticHeadId": "words_a397cb", 
                            "type": "NG"
                        }
                    ], 
                    "id": "s-1.2", 
                    "mentions": [
                        {
                            "childIds": [
                                "seg-1.2.0"
                            ], 
                            "headIds": [
                                "seg-1.2.0"
                            ], 
                            "id": "m-1", 
                            "zeroSubject": false
                        }
                    ], 
                    "names": [], 
                    "rejectedTokens": [], 
                    "sentimentTags": [], 
                    "tokens": [
                        {
                            "candidateInterpretations": [
                                {
                                    "base": "szparag", 
                                    "ctag": "subst", 
                                    "msd": "pl:nom:m3"
                                }
                            ], 
                            "chosenInterpretation": {
                                "base": "szparag", 
                                "ctag": "subst", 
                                "msd": "pl:nom:m3"
                            }, 
                            "id": "seg-1.2.0", 
                            "interpretations": [
                                {
                                    "base": "szparag", 
                                    "ctag": "subst", 
                                    "msd": "pl:nom:m3"
                                }
                            ], 
                            "noPrecedingSpace": false, 
                            "offset": 31, 
                            "orth": "Szparagi"
                        }, 
                        {
                            "candidateInterpretations": [
                                {
                                    "base": "(", 
                                    "ctag": "interp", 
                                    "msd": ""
                                }
                            ], 
                            "chosenInterpretation": {
                                "base": "(", 
                                "ctag": "interp", 
                                "msd": ""
                            }, 
                            "id": "seg-1.2.1", 
                            "interpretations": [
                                {
                                    "base": "(", 
                                    "ctag": "interp", 
                                    "msd": ""
                                }
                            ], 
                            "noPrecedingSpace": false, 
                            "offset": 40, 
                            "orth": "("
                        }, 
                        {
                            "candidateInterpretations": [
                                {
                                    "base": "18mg", 
                                    "ctag": "ign", 
                                    "msd": ""
                                }
                            ], 
                            "chosenInterpretation": {
                                "base": "18mg", 
                                "ctag": "ign", 
                                "msd": ""
                            }, 
                            "id": "seg-1.2.2", 
                            "interpretations": [
                                {
                                    "base": "18mg", 
                                    "ctag": "ign", 
                                    "msd": ""
                                }
                            ], 
                            "noPrecedingSpace": true, 
                            "offset": 41, 
                            "orth": "18mg"
                        }, 
                        {
                            "candidateInterpretations": [
                                {
                                    "base": "/", 
                                    "ctag": "interp", 
                                    "msd": ""
                                }
                            ], 
                            "chosenInterpretation": {
                                "base": "/", 
                                "ctag": "interp", 
                                "msd": ""
                            }, 
                            "id": "seg-1.2.3", 
                            "interpretations": [
                                {
                                    "base": "/", 
                                    "ctag": "interp", 
                                    "msd": ""
                                }
                            ], 
                            "noPrecedingSpace": true, 
                            "offset": 45, 
                            "orth": "/"
                        }, 
                        {
                            "candidateInterpretations": [
                                {
                                    "base": "100g", 
                                    "ctag": "ign", 
                                    "msd": ""
                                }
                            ], 
                            "chosenInterpretation": {
                                "base": "100g", 
                                "ctag": "ign", 
                                "msd": ""
                            }, 
                            "id": "seg-1.2.4", 
                            "interpretations": [
                                {
                                    "base": "100g", 
                                    "ctag": "ign", 
                                    "msd": ""
                                }
                            ], 
                            "noPrecedingSpace": true, 
                            "offset": 46, 
                            "orth": "100g"
                        }, 
                        {
                            "candidateInterpretations": [
                                {
                                    "base": ")", 
                                    "ctag": "interp", 
                                    "msd": ""
                                }
                            ], 
                            "chosenInterpretation": {
                                "base": ")", 
                                "ctag": "interp", 
                                "msd": ""
                            }, 
                            "id": "seg-1.2.5", 
                            "interpretations": [
                                {
                                    "base": ")", 
                                    "ctag": "interp", 
                                    "msd": ""
                                }
                            ], 
                            "noPrecedingSpace": true, 
                            "offset": 50, 
                            "orth": ")"
                        }, 
                        {
                            "candidateInterpretations": [
                                {
                                    "base": ".", 
                                    "ctag": "interp", 
                                    "msd": ""
                                }
                            ], 
                            "chosenInterpretation": {
                                "base": ".", 
                                "ctag": "interp", 
                                "msd": ""
                            }, 
                            "id": "seg-1.2.6", 
                            "interpretations": [
                                {
                                    "base": ".", 
                                    "ctag": "interp", 
                                    "msd": ""
                                }
                            ], 
                            "noPrecedingSpace": true, 
                            "offset": 51, 
                            "orth": "."
                        }
                    ], 
                    "words": [
                        {
                            "candidateInterpretations": [
                                {
                                    "base": "szparag", 
                                    "ctag": "Noun", 
                                    "msd": "pl:nom:m3"
                                }
                            ], 
                            "childIds": [
                                "seg-1.2.0"
                            ], 
                            "chosenInterpretation": {
                                "base": "szparag", 
                                "ctag": "Noun", 
                                "msd": "pl:nom:m3"
                            }, 
                            "id": "words_a397cb", 
                            "orth": "Szparagi", 
                            "rule": "subst|depr|ger -> Noun"
                        }, 
                        {
                            "candidateInterpretations": [
                                {
                                    "base": "(", 
                                    "ctag": "Interp", 
                                    "msd": ""
                                }
                            ], 
                            "childIds": [
                                "seg-1.2.1"
                            ], 
                            "chosenInterpretation": {
                                "base": "(", 
                                "ctag": "Interp", 
                                "msd": ""
                            }, 
                            "id": "words_a397c7", 
                            "orth": "(", 
                            "rule": "interp -> Interp"
                        }, 
                        {
                            "candidateInterpretations": [
                                {
                                    "base": "/", 
                                    "ctag": "Interp", 
                                    "msd": ""
                                }
                            ], 
                            "childIds": [
                                "seg-1.2.3"
                            ], 
                            "chosenInterpretation": {
                                "base": "/", 
                                "ctag": "Interp", 
                                "msd": ""
                            }, 
                            "id": "words_a397c8", 
                            "orth": "/", 
                            "rule": "interp -> Interp"
                        }, 
                        {
                            "candidateInterpretations": [
                                {
                                    "base": ")", 
                                    "ctag": "Interp", 
                                    "msd": ""
                                }
                            ], 
                            "childIds": [
                                "seg-1.2.5"
                            ], 
                            "chosenInterpretation": {
                                "base": ")", 
                                "ctag": "Interp", 
                                "msd": ""
                            }, 
                            "id": "words_a397c9", 
                            "orth": ")", 
                            "rule": "interp -> Interp"
                        }, 
                        {
                            "candidateInterpretations": [
                                {
                                    "base": ".", 
                                    "ctag": "Interp", 
                                    "msd": ""
                                }
                            ], 
                            "childIds": [
                                "seg-1.2.6"
                            ], 
                            "chosenInterpretation": {
                                "base": ".", 
                                "ctag": "Interp", 
                                "msd": ""
                            }, 
                            "id": "words_a397ca", 
                            "orth": ".", 
                            "rule": "interp -> Interp"
                        }
                    ]
                }, 
                {
                    "dependencyParse": [], 
                    "groups": [
                        {
                            "childIds": [
                                "words_a397e2"
                            ], 
                            "id": "groups_a397e3", 
                            "orth": "Banany", 
                            "rule": "(Qub) + Noun", 
                            "semanticHeadId": "words_a397e2", 
                            "syntacticHeadId": "words_a397e2", 
                            "type": "NG"
                        }
                    ], 
                    "id": "s-1.3", 
                    "mentions": [
                        {
                            "childIds": [
                                "seg-1.3.0"
                            ], 
                            "headIds": [
                                "seg-1.3.0"
                            ], 
                            "id": "m-2", 
                            "zeroSubject": false
                        }
                    ], 
                    "names": [], 
                    "rejectedTokens": [], 
                    "sentimentTags": [], 
                    "tokens": [
                        {
                            "candidateInterpretations": [
                                {
                                    "base": "banan", 
                                    "ctag": "subst", 
                                    "msd": "pl:nom:m3"
                                }
                            ], 
                            "chosenInterpretation": {
                                "base": "banan", 
                                "ctag": "subst", 
                                "msd": "pl:nom:m3"
                            }, 
                            "id": "seg-1.3.0", 
                            "interpretations": [
                                {
                                    "base": "banan", 
                                    "ctag": "subst", 
                                    "msd": "pl:nom:m3"
                                }
                            ], 
                            "noPrecedingSpace": false, 
                            "offset": 54, 
                            "orth": "Banany"
                        }, 
                        {
                            "candidateInterpretations": [
                                {
                                    "base": "(", 
                                    "ctag": "interp", 
                                    "msd": ""
                                }
                            ], 
                            "chosenInterpretation": {
                                "base": "(", 
                                "ctag": "interp", 
                                "msd": ""
                            }, 
                            "id": "seg-1.3.1", 
                            "interpretations": [
                                {
                                    "base": "(", 
                                    "ctag": "interp", 
                                    "msd": ""
                                }
                            ], 
                            "noPrecedingSpace": false, 
                            "offset": 61, 
                            "orth": "("
                        }, 
                        {
                            "candidateInterpretations": [
                                {
                                    "base": "13", 
                                    "ctag": "ign", 
                                    "msd": ""
                                }
                            ], 
                            "chosenInterpretation": {
                                "base": "13", 
                                "ctag": "ign", 
                                "msd": ""
                            }, 
                            "id": "seg-1.3.2", 
                            "interpretations": [
                                {
                                    "base": "13", 
                                    "ctag": "ign", 
                                    "msd": ""
                                }
                            ], 
                            "noPrecedingSpace": true, 
                            "offset": 62, 
                            "orth": "13"
                        }, 
                        {
                            "candidateInterpretations": [
                                {
                                    "base": ".", 
                                    "ctag": "interp", 
                                    "msd": ""
                                }
                            ], 
                            "chosenInterpretation": {
                                "base": ".", 
                                "ctag": "interp", 
                                "msd": ""
                            }, 
                            "id": "seg-1.3.3", 
                            "interpretations": [
                                {
                                    "base": ".", 
                                    "ctag": "interp", 
                                    "msd": ""
                                }
                            ], 
                            "noPrecedingSpace": true, 
                            "offset": 64, 
                            "orth": "."
                        }, 
                        {
                            "candidateInterpretations": [
                                {
                                    "base": "60mg", 
                                    "ctag": "ign", 
                                    "msd": ""
                                }
                            ], 
                            "chosenInterpretation": {
                                "base": "60mg", 
                                "ctag": "ign", 
                                "msd": ""
                            }, 
                            "id": "seg-1.3.4", 
                            "interpretations": [
                                {
                                    "base": "60mg", 
                                    "ctag": "ign", 
                                    "msd": ""
                                }
                            ], 
                            "noPrecedingSpace": true, 
                            "offset": 65, 
                            "orth": "60mg"
                        }, 
                        {
                            "candidateInterpretations": [
                                {
                                    "base": "/", 
                                    "ctag": "interp", 
                                    "msd": ""
                                }
                            ], 
                            "chosenInterpretation": {
                                "base": "/", 
                                "ctag": "interp", 
                                "msd": ""
                            }, 
                            "id": "seg-1.3.5", 
                            "interpretations": [
                                {
                                    "base": "/", 
                                    "ctag": "interp", 
                                    "msd": ""
                                }
                            ], 
                            "noPrecedingSpace": true, 
                            "offset": 69, 
                            "orth": "/"
                        }, 
                        {
                            "candidateInterpretations": [
                                {
                                    "base": "250g", 
                                    "ctag": "ign", 
                                    "msd": ""
                                }
                            ], 
                            "chosenInterpretation": {
                                "base": "250g", 
                                "ctag": "ign", 
                                "msd": ""
                            }, 
                            "id": "seg-1.3.6", 
                            "interpretations": [
                                {
                                    "base": "250g", 
                                    "ctag": "ign", 
                                    "msd": ""
                                }
                            ], 
                            "noPrecedingSpace": true, 
                            "offset": 70, 
                            "orth": "250g"
                        }, 
                        {
                            "candidateInterpretations": [
                                {
                                    "base": ")", 
                                    "ctag": "interp", 
                                    "msd": ""
                                }
                            ], 
                            "chosenInterpretation": {
                                "base": ")", 
                                "ctag": "interp", 
                                "msd": ""
                            }, 
                            "id": "seg-1.3.7", 
                            "interpretations": [
                                {
                                    "base": ")", 
                                    "ctag": "interp", 
                                    "msd": ""
                                }
                            ], 
                            "noPrecedingSpace": true, 
                            "offset": 74, 
                            "orth": ")"
                        }, 
                        {
                            "candidateInterpretations": [
                                {
                                    "base": ".", 
                                    "ctag": "interp", 
                                    "msd": ""
                                }
                            ], 
                            "chosenInterpretation": {
                                "base": ".", 
                                "ctag": "interp", 
                                "msd": ""
                            }, 
                            "id": "seg-1.3.8", 
                            "interpretations": [
                                {
                                    "base": ".", 
                                    "ctag": "interp", 
                                    "msd": ""
                                }
                            ], 
                            "noPrecedingSpace": true, 
                            "offset": 75, 
                            "orth": "."
                        }
                    ], 
                    "words": [
                        {
                            "candidateInterpretations": [
                                {
                                    "base": "banan", 
                                    "ctag": "Noun", 
                                    "msd": "pl:nom:m3"
                                }
                            ], 
                            "childIds": [
                                "seg-1.3.0"
                            ], 
                            "chosenInterpretation": {
                                "base": "banan", 
                                "ctag": "Noun", 
                                "msd": "pl:nom:m3"
                            }, 
                            "id": "words_a397e2", 
                            "orth": "Banany", 
                            "rule": "subst|depr|ger -> Noun"
                        }, 
                        {
                            "candidateInterpretations": [
                                {
                                    "base": "(", 
                                    "ctag": "Interp", 
                                    "msd": ""
                                }
                            ], 
                            "childIds": [
                                "seg-1.3.1"
                            ], 
                            "chosenInterpretation": {
                                "base": "(", 
                                "ctag": "Interp", 
                                "msd": ""
                            }, 
                            "id": "words_a397dd", 
                            "orth": "(", 
                            "rule": "interp -> Interp"
                        }, 
                        {
                            "candidateInterpretations": [
                                {
                                    "base": ".", 
                                    "ctag": "Interp", 
                                    "msd": ""
                                }
                            ], 
                            "childIds": [
                                "seg-1.3.3"
                            ], 
                            "chosenInterpretation": {
                                "base": ".", 
                                "ctag": "Interp", 
                                "msd": ""
                            }, 
                            "id": "words_a397de", 
                            "orth": ".", 
                            "rule": "interp -> Interp"
                        }, 
                        {
                            "candidateInterpretations": [
                                {
                                    "base": "/", 
                                    "ctag": "Interp", 
                                    "msd": ""
                                }
                            ], 
                            "childIds": [
                                "seg-1.3.5"
                            ], 
                            "chosenInterpretation": {
                                "base": "/", 
                                "ctag": "Interp", 
                                "msd": ""
                            }, 
                            "id": "words_a397df", 
                            "orth": "/", 
                            "rule": "interp -> Interp"
                        }, 
                        {
                            "candidateInterpretations": [
                                {
                                    "base": ")", 
                                    "ctag": "Interp", 
                                    "msd": ""
                                }
                            ], 
                            "childIds": [
                                "seg-1.3.7"
                            ], 
                            "chosenInterpretation": {
                                "base": ")", 
                                "ctag": "Interp", 
                                "msd": ""
                            }, 
                            "id": "words_a397e0", 
                            "orth": ")", 
                            "rule": "interp -> Interp"
                        }, 
                        {
                            "candidateInterpretations": [
                                {
                                    "base": ".", 
                                    "ctag": "Interp", 
                                    "msd": ""
                                }
                            ], 
                            "childIds": [
                                "seg-1.3.8"
                            ], 
                            "chosenInterpretation": {
                                "base": ".", 
                                "ctag": "Interp", 
                                "msd": ""
                            }, 
                            "id": "words_a397e1", 
                            "orth": ".", 
                            "rule": "interp -> Interp"
                        }
                    ]
                }, 
                {
                    "dependencyParse": [], 
                    "groups": [
                        {
                            "childIds": [
                                "words_a397f7", 
                                "words_a397f8", 
                                "words_a397fe"
                            ], 
                            "id": "groups_a39801", 
                            "orth": "Gotowana zielona fasola", 
                            "rule": "NGa: (Qub) + Adj + (n*((Adv) + Adj)) + Noun + (Adj)", 
                            "semanticHeadId": "words_a397fe", 
                            "syntacticHeadId": "words_a397fe", 
                            "type": "NGa"
                        }, 
                        {
                            "childIds": [
                                "seg-1.4.4", 
                                "words_a397fa", 
                                "seg-1.4.6"
                            ], 
                            "id": "groups_a39800", 
                            "orth": "6.10", 
                            "rule": "NGgodz: liczba cyframi + dwukropek / kropka + liczba cyframi (lub zakres liczbowy)", 
                            "semanticHeadId": "seg-1.4.4", 
                            "syntacticHeadId": "seg-1.4.4", 
                            "type": "NGgodz"
                        }, 
                        {
                            "childIds": [
                                "words_a397ff"
                            ], 
                            "id": "groups_a39802", 
                            "orth": "mg", 
                            "rule": "(Qub) + Noun", 
                            "semanticHeadId": "words_a397ff", 
                            "syntacticHeadId": "words_a397ff", 
                            "type": "NG"
                        }
                    ], 
                    "id": "s-1.4", 
                    "mentions": [
                        {
                            "childIds": [
                                "seg-1.4.0", 
                                "seg-1.4.1", 
                                "seg-1.4.2"
                            ], 
                            "headIds": [
                                "seg-1.4.2"
                            ], 
                            "id": "m-3", 
                            "zeroSubject": false
                        }, 
                        {
                            "childIds": [
                                "seg-1.4.4", 
                                "seg-1.4.5", 
                                "seg-1.4.6"
                            ], 
                            "headIds": [
                                "seg-1.4.4"
                            ], 
                            "id": "m-4", 
                            "zeroSubject": false
                        }, 
                        {
                            "childIds": [
                                "seg-1.4.7"
                            ], 
                            "headIds": [
                                "seg-1.4.7"
                            ], 
                            "id": "m-5", 
                            "zeroSubject": false
                        }, 
                        {
                            "childIds": [
                                "seg-1.4.4", 
                                "seg-1.4.5", 
                                "seg-1.4.6", 
                                "seg-1.4.7", 
                                "seg-1.4.8", 
                                "seg-1.4.9"
                            ], 
                            "headIds": [
                                "seg-1.4.4"
                            ], 
                            "id": "m-6", 
                            "zeroSubject": false
                        }
                    ], 
                    "names": [
                        {
                            "base": "", 
                            "childIds": [
                                "seg-1.4.4", 
                                "seg-1.4.5", 
                                "seg-1.4.6", 
                                "seg-1.4.7", 
                                "seg-1.4.8", 
                                "seg-1.4.9"
                            ], 
                            "id": "ne.s-1.4.0", 
                            "orth": "6.10 mg/250g", 
                            "subtype": "", 
                            "type": "date"
                        }
                    ], 
                    "rejectedTokens": [], 
                    "sentimentTags": [], 
                    "tokens": [
                        {
                            "candidateInterpretations": [
                                {
                                    "base": "gotowany", 
                                    "ctag": "adj", 
                                    "msd": "sg:nom:f:pos"
                                }
                            ], 
                            "chosenInterpretation": {
                                "base": "gotowany", 
                                "ctag": "adj", 
                                "msd": "sg:nom:f:pos"
                            }, 
                            "id": "seg-1.4.0", 
                            "interpretations": [
                                {
                                    "base": "gotowany", 
                                    "ctag": "adj", 
                                    "msd": "sg:nom:f:pos"
                                }
                            ], 
                            "noPrecedingSpace": false, 
                            "offset": 78, 
                            "orth": "Gotowana"
                        }, 
                        {
                            "candidateInterpretations": [
                                {
                                    "base": "zielony", 
                                    "ctag": "adj", 
                                    "msd": "sg:nom:f:pos"
                                }
                            ], 
                            "chosenInterpretation": {
                                "base": "zielony", 
                                "ctag": "adj", 
                                "msd": "sg:nom:f:pos"
                            }, 
                            "id": "seg-1.4.1", 
                            "interpretations": [
                                {
                                    "base": "zielony", 
                                    "ctag": "adj", 
                                    "msd": "sg:nom:f:pos"
                                }
                            ], 
                            "noPrecedingSpace": false, 
                            "offset": 87, 
                            "orth": "zielona"
                        }, 
                        {
                            "candidateInterpretations": [
                                {
                                    "base": "fasola", 
                                    "ctag": "subst", 
                                    "msd": "sg:nom:f"
                                }
                            ], 
                            "chosenInterpretation": {
                                "base": "fasola", 
                                "ctag": "subst", 
                                "msd": "sg:nom:f"
                            }, 
                            "id": "seg-1.4.2", 
                            "interpretations": [
                                {
                                    "base": "fasola", 
                                    "ctag": "subst", 
                                    "msd": "sg:nom:f"
                                }
                            ], 
                            "noPrecedingSpace": false, 
                            "offset": 95, 
                            "orth": "fasola"
                        }, 
                        {
                            "candidateInterpretations": [
                                {
                                    "base": "(", 
                                    "ctag": "interp", 
                                    "msd": ""
                                }
                            ], 
                            "chosenInterpretation": {
                                "base": "(", 
                                "ctag": "interp", 
                                "msd": ""
                            }, 
                            "id": "seg-1.4.3", 
                            "interpretations": [
                                {
                                    "base": "(", 
                                    "ctag": "interp", 
                                    "msd": ""
                                }
                            ], 
                            "noPrecedingSpace": false, 
                            "offset": 102, 
                            "orth": "("
                        }, 
                        {
                            "candidateInterpretations": [
                                {
                                    "base": "6", 
                                    "ctag": "ign", 
                                    "msd": ""
                                }
                            ], 
                            "chosenInterpretation": {
                                "base": "6", 
                                "ctag": "ign", 
                                "msd": ""
                            }, 
                            "id": "seg-1.4.4", 
                            "interpretations": [
                                {
                                    "base": "6", 
                                    "ctag": "ign", 
                                    "msd": ""
                                }
                            ], 
                            "noPrecedingSpace": true, 
                            "offset": 103, 
                            "orth": "6"
                        }, 
                        {
                            "candidateInterpretations": [
                                {
                                    "base": ".", 
                                    "ctag": "interp", 
                                    "msd": ""
                                }
                            ], 
                            "chosenInterpretation": {
                                "base": ".", 
                                "ctag": "interp", 
                                "msd": ""
                            }, 
                            "id": "seg-1.4.5", 
                            "interpretations": [
                                {
                                    "base": ".", 
                                    "ctag": "interp", 
                                    "msd": ""
                                }
                            ], 
                            "noPrecedingSpace": true, 
                            "offset": 104, 
                            "orth": "."
                        }, 
                        {
                            "candidateInterpretations": [
                                {
                                    "base": "10", 
                                    "ctag": "ign", 
                                    "msd": ""
                                }
                            ], 
                            "chosenInterpretation": {
                                "base": "10", 
                                "ctag": "ign", 
                                "msd": ""
                            }, 
                            "id": "seg-1.4.6", 
                            "interpretations": [
                                {
                                    "base": "10", 
                                    "ctag": "ign", 
                                    "msd": ""
                                }
                            ], 
                            "noPrecedingSpace": true, 
                            "offset": 105, 
                            "orth": "10"
                        }, 
                        {
                            "candidateInterpretations": [
                                {
                                    "base": "MG", 
                                    "ctag": "subst", 
                                    "msd": "sg:nom:m3"
                                }
                            ], 
                            "chosenInterpretation": {
                                "base": "MG", 
                                "ctag": "subst", 
                                "msd": "sg:nom:m3"
                            }, 
                            "id": "seg-1.4.7", 
                            "interpretations": [
                                {
                                    "base": "MG", 
                                    "ctag": "subst", 
                                    "msd": "sg:nom:m3"
                                }
                            ], 
                            "noPrecedingSpace": false, 
                            "offset": 108, 
                            "orth": "mg"
                        }, 
                        {
                            "candidateInterpretations": [
                                {
                                    "base": "/", 
                                    "ctag": "interp", 
                                    "msd": ""
                                }
                            ], 
                            "chosenInterpretation": {
                                "base": "/", 
                                "ctag": "interp", 
                                "msd": ""
                            }, 
                            "id": "seg-1.4.8", 
                            "interpretations": [
                                {
                                    "base": "/", 
                                    "ctag": "interp", 
                                    "msd": ""
                                }
                            ], 
                            "noPrecedingSpace": true, 
                            "offset": 110, 
                            "orth": "/"
                        }, 
                        {
                            "candidateInterpretations": [
                                {
                                    "base": "250g", 
                                    "ctag": "ign", 
                                    "msd": ""
                                }
                            ], 
                            "chosenInterpretation": {
                                "base": "250g", 
                                "ctag": "ign", 
                                "msd": ""
                            }, 
                            "id": "seg-1.4.9", 
                            "interpretations": [
                                {
                                    "base": "250g", 
                                    "ctag": "ign", 
                                    "msd": ""
                                }
                            ], 
                            "noPrecedingSpace": true, 
                            "offset": 111, 
                            "orth": "250g"
                        }, 
                        {
                            "candidateInterpretations": [
                                {
                                    "base": ")", 
                                    "ctag": "interp", 
                                    "msd": ""
                                }
                            ], 
                            "chosenInterpretation": {
                                "base": ")", 
                                "ctag": "interp", 
                                "msd": ""
                            }, 
                            "id": "seg-1.4.10", 
                            "interpretations": [
                                {
                                    "base": ")", 
                                    "ctag": "interp", 
                                    "msd": ""
                                }
                            ], 
                            "noPrecedingSpace": true, 
                            "offset": 115, 
                            "orth": ")"
                        }, 
                        {
                            "candidateInterpretations": [
                                {
                                    "base": ".", 
                                    "ctag": "interp", 
                                    "msd": ""
                                }
                            ], 
                            "chosenInterpretation": {
                                "base": ".", 
                                "ctag": "interp", 
                                "msd": ""
                            }, 
                            "id": "seg-1.4.11", 
                            "interpretations": [
                                {
                                    "base": ".", 
                                    "ctag": "interp", 
                                    "msd": ""
                                }
                            ], 
                            "noPrecedingSpace": true, 
                            "offset": 116, 
                            "orth": "."
                        }
                    ], 
                    "words": [
                        {
                            "candidateInterpretations": [
                                {
                                    "base": "gotowany", 
                                    "ctag": "Adj", 
                                    "msd": "sg:nom:f:pos"
                                }
                            ], 
                            "childIds": [
                                "seg-1.4.0"
                            ], 
                            "chosenInterpretation": {
                                "base": "gotowany", 
                                "ctag": "Adj", 
                                "msd": "sg:nom:f:pos"
                            }, 
                            "id": "words_a397f7", 
                            "orth": "Gotowana", 
                            "rule": "adj -> Adj"
                        }, 
                        {
                            "candidateInterpretations": [
                                {
                                    "base": "zielony", 
                                    "ctag": "Adj", 
                                    "msd": "sg:nom:f:pos"
                                }
                            ], 
                            "childIds": [
                                "seg-1.4.1"
                            ], 
                            "chosenInterpretation": {
                                "base": "zielony", 
                                "ctag": "Adj", 
                                "msd": "sg:nom:f:pos"
                            }, 
                            "id": "words_a397f8", 
                            "orth": "zielona", 
                            "rule": "adj -> Adj"
                        }, 
                        {
                            "candidateInterpretations": [
                                {
                                    "base": "fasola", 
                                    "ctag": "Noun", 
                                    "msd": "sg:nom:f"
                                }
                            ], 
                            "childIds": [
                                "seg-1.4.2"
                            ], 
                            "chosenInterpretation": {
                                "base": "fasola", 
                                "ctag": "Noun", 
                                "msd": "sg:nom:f"
                            }, 
                            "id": "words_a397fe", 
                            "orth": "fasola", 
                            "rule": "subst|depr|ger -> Noun"
                        }, 
                        {
                            "candidateInterpretations": [
                                {
                                    "base": "(", 
                                    "ctag": "Interp", 
                                    "msd": ""
                                }
                            ], 
                            "childIds": [
                                "seg-1.4.3"
                            ], 
                            "chosenInterpretation": {
                                "base": "(", 
                                "ctag": "Interp", 
                                "msd": ""
                            }, 
                            "id": "words_a397f9", 
                            "orth": "(", 
                            "rule": "interp -> Interp"
                        }, 
                        {
                            "candidateInterpretations": [
                                {
                                    "base": ".", 
                                    "ctag": "Interp", 
                                    "msd": ""
                                }
                            ], 
                            "childIds": [
                                "seg-1.4.5"
                            ], 
                            "chosenInterpretation": {
                                "base": ".", 
                                "ctag": "Interp", 
                                "msd": ""
                            }, 
                            "id": "words_a397fa", 
                            "orth": ".", 
                            "rule": "interp -> Interp"
                        }, 
                        {
                            "candidateInterpretations": [
                                {
                                    "base": "MG", 
                                    "ctag": "Noun", 
                                    "msd": "sg:nom:m3"
                                }
                            ], 
                            "childIds": [
                                "seg-1.4.7"
                            ], 
                            "chosenInterpretation": {
                                "base": "MG", 
                                "ctag": "Noun", 
                                "msd": "sg:nom:m3"
                            }, 
                            "id": "words_a397ff", 
                            "orth": "mg", 
                            "rule": "subst|depr|ger -> Noun"
                        }, 
                        {
                            "candidateInterpretations": [
                                {
                                    "base": "/", 
                                    "ctag": "Interp", 
                                    "msd": ""
                                }
                            ], 
                            "childIds": [
                                "seg-1.4.8"
                            ], 
                            "chosenInterpretation": {
                                "base": "/", 
                                "ctag": "Interp", 
                                "msd": ""
                            }, 
                            "id": "words_a397fb", 
                            "orth": "/", 
                            "rule": "interp -> Interp"
                        }, 
                        {
                            "candidateInterpretations": [
                                {
                                    "base": ")", 
                                    "ctag": "Interp", 
                                    "msd": ""
                                }
                            ], 
                            "childIds": [
                                "seg-1.4.10"
                            ], 
                            "chosenInterpretation": {
                                "base": ")", 
                                "ctag": "Interp", 
                                "msd": ""
                            }, 
                            "id": "words_a397fc", 
                            "orth": ")", 
                            "rule": "interp -> Interp"
                        }, 
                        {
                            "candidateInterpretations": [
                                {
                                    "base": ".", 
                                    "ctag": "Interp", 
                                    "msd": ""
                                }
                            ], 
                            "childIds": [
                                "seg-1.4.11"
                            ], 
                            "chosenInterpretation": {
                                "base": ".", 
                                "ctag": "Interp", 
                                "msd": ""
                            }, 
                            "id": "words_a397fd", 
                            "orth": ".", 
                            "rule": "interp -> Interp"
                        }
                    ]
                }
            ], 
            "text": " Czerwone buraki (21mg/100g).  Szparagi (18mg/100g).  Banany (13.60mg/250g).  Gotowana zielona fasola (6.10 mg/250g)."
        }
    ], 
    "summary": "", 
    "textHeader": {
        "distributor": "Multiservice", 
        "id": "", 
        "processingDuration": 1175, 
        "publicationTime": 1553560154653, 
        "retrievedFrom": "", 
        "sourceDescText": "", 
        "title": ""
    }
}