{
    "annotationDetails": {
        "hasMorphosyntaxDisambiguated": true, 
        "hasMorphosyntaxPartiallyDisambiguated": true, 
        "hasSegmentsDisambiguated": true
    }, 
    "annotationHeaders": {
        "0": {
            "distributor": "Pantera", 
            "id": "", 
            "processingDuration": 33, 
            "publicationTime": 1553560178214, 
            "retrievedFrom": "", 
            "sourceDescText": "", 
            "title": ""
        }, 
        "1": {
            "distributor": "Pantera; modified by Spejd", 
            "id": "", 
            "processingDuration": 40, 
            "publicationTime": 1553560178214, 
            "retrievedFrom": "", 
            "sourceDescText": "", 
            "title": ""
        }, 
        "2": {
            "distributor": "Spejd", 
            "id": "", 
            "processingDuration": 7, 
            "publicationTime": 1553560178214, 
            "retrievedFrom": "", 
            "sourceDescText": "", 
            "title": ""
        }, 
        "3": {
            "distributor": "Spejd", 
            "id": "", 
            "processingDuration": 7, 
            "publicationTime": 1553560178214, 
            "retrievedFrom": "", 
            "sourceDescText": "", 
            "title": ""
        }, 
        "4": {
            "distributor": "Nerf", 
            "id": "", 
            "processingDuration": 28, 
            "publicationTime": 1553560178214, 
            "retrievedFrom": "", 
            "sourceDescText": "", 
            "title": ""
        }, 
        "7": {
            "distributor": "MentionDetector", 
            "id": null, 
            "processingDuration": 2, 
            "publicationTime": 1553560178214, 
            "retrievedFrom": null, 
            "sourceDescText": null, 
            "title": null
        }, 
        "8": {
            "distributor": "Bartek", 
            "id": null, 
            "processingDuration": 438, 
            "publicationTime": 1553560178214, 
            "retrievedFrom": null, 
            "sourceDescText": null, 
            "title": null
        }
    }, 
    "coreferences": [
        {
            "dominant": "zwi\u0105zek krzem", 
            "id": "c-0", 
            "mentionIds": [
                "m-9", 
                "m-1"
            ], 
            "sourceMentionId": null, 
            "type": "ident"
        }, 
        {
            "dominant": "krzem", 
            "id": "c-1", 
            "mentionIds": [
                "m-0"
            ], 
            "sourceMentionId": null, 
            "type": "ident"
        }, 
        {
            "dominant": "koloid , kt\u00f3ry przyci\u0105ga\u0107 zanieczyszczenie osadza\u0107 si\u0119 na dno . Kamie\u0144 kupowa\u0107 w sklep z zdrowy \u017cywno\u015b\u0107", 
            "id": "c-2", 
            "mentionIds": [
                "m-8"
            ], 
            "sourceMentionId": null, 
            "type": "ident"
        }, 
        {
            "dominant": "zanieczyszczenie", 
            "id": "c-3", 
            "mentionIds": [
                "m-2"
            ], 
            "sourceMentionId": null, 
            "type": "ident"
        }, 
        {
            "dominant": "dno", 
            "id": "c-4", 
            "mentionIds": [
                "m-3"
            ], 
            "sourceMentionId": null, 
            "type": "ident"
        }, 
        {
            "dominant": "Kamie\u0144", 
            "id": "c-5", 
            "mentionIds": [
                "m-4"
            ], 
            "sourceMentionId": null, 
            "type": "ident"
        }, 
        {
            "dominant": "kupowa\u0107", 
            "id": "c-6", 
            "mentionIds": [
                "m-5"
            ], 
            "sourceMentionId": null, 
            "type": "ident"
        }, 
        {
            "dominant": "sklep", 
            "id": "c-7", 
            "mentionIds": [
                "m-6"
            ], 
            "sourceMentionId": null, 
            "type": "ident"
        }, 
        {
            "dominant": "zdrowy \u017cywno\u015b\u0107", 
            "id": "c-8", 
            "mentionIds": [
                "m-7"
            ], 
            "sourceMentionId": null, 
            "type": "ident"
        }, 
        {
            "dominant": "kilka miesi\u0105c", 
            "id": "c-9", 
            "mentionIds": [
                "m-10"
            ], 
            "sourceMentionId": null, 
            "type": "ident"
        }
    ], 
    "paragraphs": [
        {
            "id": "p-1", 
            "sentences": [
                {
                    "dependencyParse": [], 
                    "groups": [
                        {
                            "childIds": [
                                "groups_a3ada5", 
                                "groups_a3ada6"
                            ], 
                            "id": "groups_a3adaf", 
                            "orth": "Zwi\u0105zki krzemu", 
                            "rule": "NG2: NG + NG(gen) nie przed NG(gen) i nie przed koordynacj\u0105", 
                            "semanticHeadId": "words_a3ad98", 
                            "syntacticHeadId": "words_a3ad98", 
                            "type": "NG2"
                        }, 
                        {
                            "childIds": [
                                "words_a3ad98"
                            ], 
                            "id": "groups_a3ada5", 
                            "orth": "Zwi\u0105zki", 
                            "rule": "(Qub) + Noun", 
                            "semanticHeadId": "words_a3ad98", 
                            "syntacticHeadId": "words_a3ad98", 
                            "type": "NG"
                        }, 
                        {
                            "childIds": [
                                "words_a3ad99"
                            ], 
                            "id": "groups_a3ada6", 
                            "orth": "krzemu", 
                            "rule": "(Qub) + Noun", 
                            "semanticHeadId": "words_a3ad99", 
                            "syntacticHeadId": "words_a3ad99", 
                            "type": "NG"
                        }, 
                        {
                            "childIds": [
                                "groups_a3ada7", 
                                "words_a3ad91", 
                                "groups_a3adad", 
                                "words_a3ad89", 
                                "groups_a3ada8", 
                                "groups_a3adae", 
                                "words_a3ad95", 
                                "groups_a3ada9", 
                                "words_a3ad92", 
                                "groups_a3adaa", 
                                "words_a3ad8a", 
                                "words_a3ad96", 
                                "groups_a3adab", 
                                "words_a3ad97", 
                                "groups_a3ada4"
                            ], 
                            "id": "groups_a3adb0", 
                            "orth": "koloidy, kt\u00f3re przyci\u0105gaj\u0105 zanieczyszczenia osadzaj\u0105ce si\u0119 na dnie. Kamienie kupujemy w sklepach ze zdrow\u0105 \u017cywno\u015bci\u0105", 
                            "rule": "NG + kt\u00f3ry + Verbfin", 
                            "semanticHeadId": "words_a3ad9a", 
                            "syntacticHeadId": "words_a3ad9a", 
                            "type": "NGkg"
                        }, 
                        {
                            "childIds": [
                                "words_a3ad9a"
                            ], 
                            "id": "groups_a3ada7", 
                            "orth": "koloidy", 
                            "rule": "(Qub) + Noun", 
                            "semanticHeadId": "words_a3ad9a", 
                            "syntacticHeadId": "words_a3ad9a", 
                            "type": "NG"
                        }, 
                        {
                            "childIds": [
                                "words_a3ad8f"
                            ], 
                            "id": "groups_a3adad", 
                            "orth": "kt\u00f3re", 
                            "rule": "(Qub) + Adj", 
                            "semanticHeadId": "words_a3ad8f", 
                            "syntacticHeadId": "words_a3ad8f", 
                            "type": "AdjG"
                        }, 
                        {
                            "childIds": [
                                "words_a3ad9b"
                            ], 
                            "id": "groups_a3ada8", 
                            "orth": "zanieczyszczenia", 
                            "rule": "(Qub) + Noun", 
                            "semanticHeadId": "words_a3ad9b", 
                            "syntacticHeadId": "words_a3ad9b", 
                            "type": "NG"
                        }, 
                        {
                            "childIds": [
                                "words_a3ad8e"
                            ], 
                            "id": "groups_a3adae", 
                            "orth": "osadzaj\u0105ce si\u0119", 
                            "rule": "(Qub) + Adj", 
                            "semanticHeadId": "words_a3ad8e", 
                            "syntacticHeadId": "words_a3ad8e", 
                            "type": "AdjG"
                        }, 
                        {
                            "childIds": [
                                "words_a3ad9c"
                            ], 
                            "id": "groups_a3ada9", 
                            "orth": "dnie", 
                            "rule": "(Qub) + Noun", 
                            "semanticHeadId": "words_a3ad9c", 
                            "syntacticHeadId": "words_a3ad9c", 
                            "type": "NG"
                        }, 
                        {
                            "childIds": [
                                "words_a3ad9d"
                            ], 
                            "id": "groups_a3adaa", 
                            "orth": "Kamienie", 
                            "rule": "(Qub) + Noun", 
                            "semanticHeadId": "words_a3ad9d", 
                            "syntacticHeadId": "words_a3ad9d", 
                            "type": "NG"
                        }, 
                        {
                            "childIds": [
                                "words_a3ad9e"
                            ], 
                            "id": "groups_a3adab", 
                            "orth": "sklepach", 
                            "rule": "(Qub) + Noun", 
                            "semanticHeadId": "words_a3ad9e", 
                            "syntacticHeadId": "words_a3ad9e", 
                            "type": "NG"
                        }, 
                        {
                            "childIds": [
                                "words_a3ad90", 
                                "words_a3ad9f"
                            ], 
                            "id": "groups_a3ada4", 
                            "orth": "zdrow\u0105 \u017cywno\u015bci\u0105", 
                            "rule": "NGa: (Qub) + Adj + (Qub) + (Adv) + Noun + (Adj)", 
                            "semanticHeadId": "words_a3ad9f", 
                            "syntacticHeadId": "words_a3ad9f", 
                            "type": "NGa"
                        }, 
                        {
                            "childIds": [
                                "words_a3ada2"
                            ], 
                            "id": "groups_a3adac", 
                            "orth": "je", 
                            "rule": "(Qub) + Noun", 
                            "semanticHeadId": "words_a3ada2", 
                            "syntacticHeadId": "words_a3ada2", 
                            "type": "NG"
                        }, 
                        {
                            "childIds": [
                                "words_a3ada1", 
                                "words_a3ada0"
                            ], 
                            "id": "groups_a3ada3", 
                            "orth": "kilka miesi\u0119cy", 
                            "rule": "NGl: (Adj) + Num + (Adj) + Noun + (Adj) (rz\u0105d)", 
                            "semanticHeadId": "words_a3ada0", 
                            "syntacticHeadId": "words_a3ada1", 
                            "type": "NGl"
                        }
                    ], 
                    "id": "s-1.1", 
                    "mentions": [
                        {
                            "childIds": [
                                "seg-1.1.1"
                            ], 
                            "headIds": [
                                "seg-1.1.1"
                            ], 
                            "id": "m-0", 
                            "zeroSubject": false
                        }, 
                        {
                            "childIds": [
                                "seg-1.1.0", 
                                "seg-1.1.1"
                            ], 
                            "headIds": [
                                "seg-1.1.0"
                            ], 
                            "id": "m-1", 
                            "zeroSubject": false
                        }, 
                        {
                            "childIds": [
                                "seg-1.1.7"
                            ], 
                            "headIds": [
                                "seg-1.1.7"
                            ], 
                            "id": "m-2", 
                            "zeroSubject": false
                        }, 
                        {
                            "childIds": [
                                "seg-1.1.11"
                            ], 
                            "headIds": [
                                "seg-1.1.11"
                            ], 
                            "id": "m-3", 
                            "zeroSubject": false
                        }, 
                        {
                            "childIds": [
                                "seg-1.1.13"
                            ], 
                            "headIds": [
                                "seg-1.1.13"
                            ], 
                            "id": "m-4", 
                            "zeroSubject": false
                        }, 
                        {
                            "childIds": [
                                "seg-1.1.14"
                            ], 
                            "headIds": [
                                "seg-1.1.14"
                            ], 
                            "id": "m-5", 
                            "zeroSubject": true
                        }, 
                        {
                            "childIds": [
                                "seg-1.1.16"
                            ], 
                            "headIds": [
                                "seg-1.1.16"
                            ], 
                            "id": "m-6", 
                            "zeroSubject": false
                        }, 
                        {
                            "childIds": [
                                "seg-1.1.18", 
                                "seg-1.1.19"
                            ], 
                            "headIds": [
                                "seg-1.1.19"
                            ], 
                            "id": "m-7", 
                            "zeroSubject": false
                        }, 
                        {
                            "childIds": [
                                "seg-1.1.3", 
                                "seg-1.1.4", 
                                "seg-1.1.5", 
                                "seg-1.1.6", 
                                "seg-1.1.7", 
                                "seg-1.1.8", 
                                "seg-1.1.9", 
                                "seg-1.1.10", 
                                "seg-1.1.11", 
                                "seg-1.1.12", 
                                "seg-1.1.13", 
                                "seg-1.1.14", 
                                "seg-1.1.15", 
                                "seg-1.1.16", 
                                "seg-1.1.17", 
                                "seg-1.1.18", 
                                "seg-1.1.19"
                            ], 
                            "headIds": [
                                "seg-1.1.3"
                            ], 
                            "id": "m-8", 
                            "zeroSubject": false
                        }, 
                        {
                            "childIds": [
                                "seg-1.1.22"
                            ], 
                            "headIds": [
                                "seg-1.1.22"
                            ], 
                            "id": "m-9", 
                            "zeroSubject": false
                        }, 
                        {
                            "childIds": [
                                "seg-1.1.24", 
                                "seg-1.1.25"
                            ], 
                            "headIds": [
                                "seg-1.1.25"
                            ], 
                            "id": "m-10", 
                            "zeroSubject": false
                        }
                    ], 
                    "names": [], 
                    "rejectedTokens": [], 
                    "sentimentTags": [], 
                    "tokens": [
                        {
                            "candidateInterpretations": [
                                {
                                    "base": "zwi\u0105zek", 
                                    "ctag": "subst", 
                                    "msd": "pl:nom:m3"
                                }
                            ], 
                            "chosenInterpretation": {
                                "base": "zwi\u0105zek", 
                                "ctag": "subst", 
                                "msd": "pl:nom:m3"
                            }, 
                            "id": "seg-1.1.0", 
                            "interpretations": [
                                {
                                    "base": "zwi\u0105zek", 
                                    "ctag": "subst", 
                                    "msd": "pl:nom:m3"
                                }
                            ], 
                            "noPrecedingSpace": false, 
                            "offset": 1, 
                            "orth": "Zwi\u0105zki"
                        }, 
                        {
                            "candidateInterpretations": [
                                {
                                    "base": "krzem", 
                                    "ctag": "subst", 
                                    "msd": "sg:gen:m3"
                                }
                            ], 
                            "chosenInterpretation": {
                                "base": "krzem", 
                                "ctag": "subst", 
                                "msd": "sg:gen:m3"
                            }, 
                            "id": "seg-1.1.1", 
                            "interpretations": [
                                {
                                    "base": "krzem", 
                                    "ctag": "subst", 
                                    "msd": "sg:gen:m3"
                                }
                            ], 
                            "noPrecedingSpace": false, 
                            "offset": 9, 
                            "orth": "krzemu"
                        }, 
                        {
                            "candidateInterpretations": [
                                {
                                    "base": "tworzy\u0107", 
                                    "ctag": "fin", 
                                    "msd": "pl:ter:imperf"
                                }
                            ], 
                            "chosenInterpretation": {
                                "base": "tworzy\u0107", 
                                "ctag": "fin", 
                                "msd": "pl:ter:imperf"
                            }, 
                            "id": "seg-1.1.2", 
                            "interpretations": [
                                {
                                    "base": "tworzy\u0107", 
                                    "ctag": "fin", 
                                    "msd": "pl:ter:imperf"
                                }
                            ], 
                            "noPrecedingSpace": false, 
                            "offset": 16, 
                            "orth": "tworz\u0105"
                        }, 
                        {
                            "candidateInterpretations": [
                                {
                                    "base": "koloid", 
                                    "ctag": "subst", 
                                    "msd": "pl:acc:m3"
                                }
                            ], 
                            "chosenInterpretation": {
                                "base": "koloid", 
                                "ctag": "subst", 
                                "msd": "pl:acc:m3"
                            }, 
                            "id": "seg-1.1.3", 
                            "interpretations": [
                                {
                                    "base": "koloid", 
                                    "ctag": "subst", 
                                    "msd": "pl:acc:m3"
                                }
                            ], 
                            "noPrecedingSpace": false, 
                            "offset": 23, 
                            "orth": "koloidy"
                        }, 
                        {
                            "candidateInterpretations": [
                                {
                                    "base": ",", 
                                    "ctag": "interp", 
                                    "msd": ""
                                }
                            ], 
                            "chosenInterpretation": {
                                "base": ",", 
                                "ctag": "interp", 
                                "msd": ""
                            }, 
                            "id": "seg-1.1.4", 
                            "interpretations": [
                                {
                                    "base": ",", 
                                    "ctag": "interp", 
                                    "msd": ""
                                }
                            ], 
                            "noPrecedingSpace": true, 
                            "offset": 30, 
                            "orth": ","
                        }, 
                        {
                            "candidateInterpretations": [
                                {
                                    "base": "kt\u00f3ry", 
                                    "ctag": "adj", 
                                    "msd": "pl:nom:m3:pos"
                                }
                            ], 
                            "chosenInterpretation": {
                                "base": "kt\u00f3ry", 
                                "ctag": "adj", 
                                "msd": "pl:nom:m3:pos"
                            }, 
                            "id": "seg-1.1.5", 
                            "interpretations": [
                                {
                                    "base": "kt\u00f3ry", 
                                    "ctag": "adj", 
                                    "msd": "pl:nom:m3:pos"
                                }
                            ], 
                            "noPrecedingSpace": false, 
                            "offset": 32, 
                            "orth": "kt\u00f3re"
                        }, 
                        {
                            "candidateInterpretations": [
                                {
                                    "base": "przyci\u0105ga\u0107", 
                                    "ctag": "fin", 
                                    "msd": "pl:ter:imperf"
                                }
                            ], 
                            "chosenInterpretation": {
                                "base": "przyci\u0105ga\u0107", 
                                "ctag": "fin", 
                                "msd": "pl:ter:imperf"
                            }, 
                            "id": "seg-1.1.6", 
                            "interpretations": [
                                {
                                    "base": "przyci\u0105ga\u0107", 
                                    "ctag": "fin", 
                                    "msd": "pl:ter:imperf"
                                }
                            ], 
                            "noPrecedingSpace": false, 
                            "offset": 38, 
                            "orth": "przyci\u0105gaj\u0105"
                        }, 
                        {
                            "candidateInterpretations": [
                                {
                                    "base": "zanieczyszczenie", 
                                    "ctag": "subst", 
                                    "msd": "pl:acc:n"
                                }
                            ], 
                            "chosenInterpretation": {
                                "base": "zanieczyszczenie", 
                                "ctag": "subst", 
                                "msd": "pl:acc:n"
                            }, 
                            "id": "seg-1.1.7", 
                            "interpretations": [
                                {
                                    "base": "zanieczyszczenie", 
                                    "ctag": "subst", 
                                    "msd": "pl:acc:n"
                                }
                            ], 
                            "noPrecedingSpace": false, 
                            "offset": 50, 
                            "orth": "zanieczyszczenia"
                        }, 
                        {
                            "candidateInterpretations": [
                                {
                                    "base": "osadza\u0107", 
                                    "ctag": "pact", 
                                    "msd": "pl:nom:n:imperf:aff"
                                }
                            ], 
                            "chosenInterpretation": {
                                "base": "osadza\u0107", 
                                "ctag": "pact", 
                                "msd": "pl:nom:n:imperf:aff"
                            }, 
                            "id": "seg-1.1.8", 
                            "interpretations": [
                                {
                                    "base": "osadza\u0107", 
                                    "ctag": "pact", 
                                    "msd": "pl:nom:n:imperf:aff"
                                }
                            ], 
                            "noPrecedingSpace": false, 
                            "offset": 67, 
                            "orth": "osadzaj\u0105ce"
                        }, 
                        {
                            "candidateInterpretations": [
                                {
                                    "base": "si\u0119", 
                                    "ctag": "qub", 
                                    "msd": ""
                                }
                            ], 
                            "chosenInterpretation": {
                                "base": "si\u0119", 
                                "ctag": "qub", 
                                "msd": ""
                            }, 
                            "id": "seg-1.1.9", 
                            "interpretations": [
                                {
                                    "base": "si\u0119", 
                                    "ctag": "qub", 
                                    "msd": ""
                                }
                            ], 
                            "noPrecedingSpace": false, 
                            "offset": 78, 
                            "orth": "si\u0119"
                        }, 
                        {
                            "candidateInterpretations": [
                                {
                                    "base": "na", 
                                    "ctag": "prep", 
                                    "msd": "loc"
                                }
                            ], 
                            "chosenInterpretation": {
                                "base": "na", 
                                "ctag": "prep", 
                                "msd": "loc"
                            }, 
                            "id": "seg-1.1.10", 
                            "interpretations": [
                                {
                                    "base": "na", 
                                    "ctag": "prep", 
                                    "msd": "loc"
                                }
                            ], 
                            "noPrecedingSpace": false, 
                            "offset": 82, 
                            "orth": "na"
                        }, 
                        {
                            "candidateInterpretations": [
                                {
                                    "base": "dno", 
                                    "ctag": "subst", 
                                    "msd": "sg:loc:n"
                                }
                            ], 
                            "chosenInterpretation": {
                                "base": "dno", 
                                "ctag": "subst", 
                                "msd": "sg:loc:n"
                            }, 
                            "id": "seg-1.1.11", 
                            "interpretations": [
                                {
                                    "base": "dno", 
                                    "ctag": "subst", 
                                    "msd": "sg:loc:n"
                                }
                            ], 
                            "noPrecedingSpace": false, 
                            "offset": 85, 
                            "orth": "dnie"
                        }, 
                        {
                            "candidateInterpretations": [
                                {
                                    "base": ".", 
                                    "ctag": "interp", 
                                    "msd": ""
                                }
                            ], 
                            "chosenInterpretation": {
                                "base": ".", 
                                "ctag": "interp", 
                                "msd": ""
                            }, 
                            "id": "seg-1.1.12", 
                            "interpretations": [
                                {
                                    "base": ".", 
                                    "ctag": "interp", 
                                    "msd": ""
                                }
                            ], 
                            "noPrecedingSpace": true, 
                            "offset": 89, 
                            "orth": "."
                        }, 
                        {
                            "candidateInterpretations": [
                                {
                                    "base": "Kamie\u0144", 
                                    "ctag": "subst", 
                                    "msd": "pl:acc:m3"
                                }
                            ], 
                            "chosenInterpretation": {
                                "base": "Kamie\u0144", 
                                "ctag": "subst", 
                                "msd": "pl:acc:m3"
                            }, 
                            "id": "seg-1.1.13", 
                            "interpretations": [
                                {
                                    "base": "Kamie\u0144", 
                                    "ctag": "subst", 
                                    "msd": "pl:acc:m3"
                                }
                            ], 
                            "noPrecedingSpace": false, 
                            "offset": 92, 
                            "orth": "Kamienie"
                        }, 
                        {
                            "candidateInterpretations": [
                                {
                                    "base": "kupowa\u0107", 
                                    "ctag": "fin", 
                                    "msd": "pl:pri:imperf"
                                }
                            ], 
                            "chosenInterpretation": {
                                "base": "kupowa\u0107", 
                                "ctag": "fin", 
                                "msd": "pl:pri:imperf"
                            }, 
                            "id": "seg-1.1.14", 
                            "interpretations": [
                                {
                                    "base": "kupowa\u0107", 
                                    "ctag": "fin", 
                                    "msd": "pl:pri:imperf"
                                }
                            ], 
                            "noPrecedingSpace": false, 
                            "offset": 101, 
                            "orth": "kupujemy"
                        }, 
                        {
                            "candidateInterpretations": [
                                {
                                    "base": "w", 
                                    "ctag": "prep", 
                                    "msd": "loc:nwok"
                                }
                            ], 
                            "chosenInterpretation": {
                                "base": "w", 
                                "ctag": "prep", 
                                "msd": "loc:nwok"
                            }, 
                            "id": "seg-1.1.15", 
                            "interpretations": [
                                {
                                    "base": "w", 
                                    "ctag": "prep", 
                                    "msd": "loc:nwok"
                                }
                            ], 
                            "noPrecedingSpace": false, 
                            "offset": 110, 
                            "orth": "w"
                        }, 
                        {
                            "candidateInterpretations": [
                                {
                                    "base": "sklep", 
                                    "ctag": "subst", 
                                    "msd": "pl:loc:m3"
                                }
                            ], 
                            "chosenInterpretation": {
                                "base": "sklep", 
                                "ctag": "subst", 
                                "msd": "pl:loc:m3"
                            }, 
                            "id": "seg-1.1.16", 
                            "interpretations": [
                                {
                                    "base": "sklep", 
                                    "ctag": "subst", 
                                    "msd": "pl:loc:m3"
                                }
                            ], 
                            "noPrecedingSpace": false, 
                            "offset": 112, 
                            "orth": "sklepach"
                        }, 
                        {
                            "candidateInterpretations": [
                                {
                                    "base": "z", 
                                    "ctag": "prep", 
                                    "msd": "inst:wok"
                                }
                            ], 
                            "chosenInterpretation": {
                                "base": "z", 
                                "ctag": "prep", 
                                "msd": "inst:wok"
                            }, 
                            "id": "seg-1.1.17", 
                            "interpretations": [
                                {
                                    "base": "z", 
                                    "ctag": "prep", 
                                    "msd": "inst:wok"
                                }
                            ], 
                            "noPrecedingSpace": false, 
                            "offset": 121, 
                            "orth": "ze"
                        }, 
                        {
                            "candidateInterpretations": [
                                {
                                    "base": "zdrowy", 
                                    "ctag": "adj", 
                                    "msd": "sg:inst:f:pos"
                                }
                            ], 
                            "chosenInterpretation": {
                                "base": "zdrowy", 
                                "ctag": "adj", 
                                "msd": "sg:inst:f:pos"
                            }, 
                            "id": "seg-1.1.18", 
                            "interpretations": [
                                {
                                    "base": "zdrowy", 
                                    "ctag": "adj", 
                                    "msd": "sg:inst:f:pos"
                                }
                            ], 
                            "noPrecedingSpace": false, 
                            "offset": 124, 
                            "orth": "zdrow\u0105"
                        }, 
                        {
                            "candidateInterpretations": [
                                {
                                    "base": "\u017cywno\u015b\u0107", 
                                    "ctag": "subst", 
                                    "msd": "sg:inst:f"
                                }
                            ], 
                            "chosenInterpretation": {
                                "base": "\u017cywno\u015b\u0107", 
                                "ctag": "subst", 
                                "msd": "sg:inst:f"
                            }, 
                            "id": "seg-1.1.19", 
                            "interpretations": [
                                {
                                    "base": "\u017cywno\u015b\u0107", 
                                    "ctag": "subst", 
                                    "msd": "sg:inst:f"
                                }
                            ], 
                            "noPrecedingSpace": false, 
                            "offset": 131, 
                            "orth": "\u017cywno\u015bci\u0105"
                        }, 
                        {
                            "candidateInterpretations": [
                                {
                                    "base": ".", 
                                    "ctag": "interp", 
                                    "msd": ""
                                }
                            ], 
                            "chosenInterpretation": {
                                "base": ".", 
                                "ctag": "interp", 
                                "msd": ""
                            }, 
                            "id": "seg-1.1.20", 
                            "interpretations": [
                                {
                                    "base": ".", 
                                    "ctag": "interp", 
                                    "msd": ""
                                }
                            ], 
                            "noPrecedingSpace": true, 
                            "offset": 140, 
                            "orth": "."
                        }, 
                        {
                            "candidateInterpretations": [
                                {
                                    "base": "mo\u017cna", 
                                    "ctag": "pred", 
                                    "msd": ""
                                }
                            ], 
                            "chosenInterpretation": {
                                "base": "mo\u017cna", 
                                "ctag": "pred", 
                                "msd": ""
                            }, 
                            "id": "seg-1.1.21", 
                            "interpretations": [
                                {
                                    "base": "mo\u017cna", 
                                    "ctag": "pred", 
                                    "msd": ""
                                }
                            ], 
                            "noPrecedingSpace": false, 
                            "offset": 143, 
                            "orth": "Mo\u017cna"
                        }, 
                        {
                            "candidateInterpretations": [
                                {
                                    "base": "on", 
                                    "ctag": "ppron3", 
                                    "msd": "pl:acc:f:ter:akc:npraep"
                                }
                            ], 
                            "chosenInterpretation": {
                                "base": "on", 
                                "ctag": "ppron3", 
                                "msd": "pl:acc:f:ter:akc:npraep"
                            }, 
                            "id": "seg-1.1.22", 
                            "interpretations": [
                                {
                                    "base": "on", 
                                    "ctag": "ppron3", 
                                    "msd": "pl:acc:f:ter:akc:npraep"
                                }
                            ], 
                            "noPrecedingSpace": false, 
                            "offset": 149, 
                            "orth": "je"
                        }, 
                        {
                            "candidateInterpretations": [
                                {
                                    "base": "u\u017cywa\u0107", 
                                    "ctag": "inf", 
                                    "msd": "imperf"
                                }
                            ], 
                            "chosenInterpretation": {
                                "base": "u\u017cywa\u0107", 
                                "ctag": "inf", 
                                "msd": "imperf"
                            }, 
                            "id": "seg-1.1.23", 
                            "interpretations": [
                                {
                                    "base": "u\u017cywa\u0107", 
                                    "ctag": "inf", 
                                    "msd": "imperf"
                                }
                            ], 
                            "noPrecedingSpace": false, 
                            "offset": 152, 
                            "orth": "u\u017cywa\u0107"
                        }, 
                        {
                            "candidateInterpretations": [
                                {
                                    "base": "kilka", 
                                    "ctag": "num", 
                                    "msd": "pl:acc:m3:rec"
                                }
                            ], 
                            "chosenInterpretation": {
                                "base": "kilka", 
                                "ctag": "num", 
                                "msd": "pl:acc:m3:rec"
                            }, 
                            "id": "seg-1.1.24", 
                            "interpretations": [
                                {
                                    "base": "kilka", 
                                    "ctag": "num", 
                                    "msd": "pl:acc:m3:rec"
                                }
                            ], 
                            "noPrecedingSpace": false, 
                            "offset": 159, 
                            "orth": "kilka"
                        }, 
                        {
                            "candidateInterpretations": [
                                {
                                    "base": "miesi\u0105c", 
                                    "ctag": "subst", 
                                    "msd": "pl:gen:m3"
                                }
                            ], 
                            "chosenInterpretation": {
                                "base": "miesi\u0105c", 
                                "ctag": "subst", 
                                "msd": "pl:gen:m3"
                            }, 
                            "id": "seg-1.1.25", 
                            "interpretations": [
                                {
                                    "base": "miesi\u0105c", 
                                    "ctag": "subst", 
                                    "msd": "pl:gen:m3"
                                }
                            ], 
                            "noPrecedingSpace": false, 
                            "offset": 165, 
                            "orth": "miesi\u0119cy"
                        }, 
                        {
                            "candidateInterpretations": [
                                {
                                    "base": ".", 
                                    "ctag": "interp", 
                                    "msd": ""
                                }
                            ], 
                            "chosenInterpretation": {
                                "base": ".", 
                                "ctag": "interp", 
                                "msd": ""
                            }, 
                            "id": "seg-1.1.26", 
                            "interpretations": [
                                {
                                    "base": ".", 
                                    "ctag": "interp", 
                                    "msd": ""
                                }
                            ], 
                            "noPrecedingSpace": true, 
                            "offset": 173, 
                            "orth": "."
                        }
                    ], 
                    "words": [
                        {
                            "candidateInterpretations": [
                                {
                                    "base": "zwi\u0105zek", 
                                    "ctag": "Noun", 
                                    "msd": "pl:nom:m3"
                                }
                            ], 
                            "childIds": [
                                "seg-1.1.0"
                            ], 
                            "chosenInterpretation": {
                                "base": "zwi\u0105zek", 
                                "ctag": "Noun", 
                                "msd": "pl:nom:m3"
                            }, 
                            "id": "words_a3ad98", 
                            "orth": "Zwi\u0105zki", 
                            "rule": "subst|depr|ger -> Noun"
                        }, 
                        {
                            "candidateInterpretations": [
                                {
                                    "base": "krzem", 
                                    "ctag": "Noun", 
                                    "msd": "sg:gen:m3"
                                }
                            ], 
                            "childIds": [
                                "seg-1.1.1"
                            ], 
                            "chosenInterpretation": {
                                "base": "krzem", 
                                "ctag": "Noun", 
                                "msd": "sg:gen:m3"
                            }, 
                            "id": "words_a3ad99", 
                            "orth": "krzemu", 
                            "rule": "subst|depr|ger -> Noun"
                        }, 
                        {
                            "candidateInterpretations": [
                                {
                                    "base": "tworzy\u0107", 
                                    "ctag": "Verbfin", 
                                    "msd": "pl:ter:pres:ind:imperf:nrefl:aff"
                                }
                            ], 
                            "childIds": [
                                "seg-1.1.2"
                            ], 
                            "chosenInterpretation": {
                                "base": "tworzy\u0107", 
                                "ctag": "Verbfin", 
                                "msd": "pl:ter:pres:ind:imperf:nrefl:aff"
                            }, 
                            "id": "words_a3ad88", 
                            "orth": "tworz\u0105", 
                            "rule": "fin imperf -> Verbfin"
                        }, 
                        {
                            "candidateInterpretations": [
                                {
                                    "base": "koloid", 
                                    "ctag": "Noun", 
                                    "msd": "pl:acc:m3"
                                }
                            ], 
                            "childIds": [
                                "seg-1.1.3"
                            ], 
                            "chosenInterpretation": {
                                "base": "koloid", 
                                "ctag": "Noun", 
                                "msd": "pl:acc:m3"
                            }, 
                            "id": "words_a3ad9a", 
                            "orth": "koloidy", 
                            "rule": "subst|depr|ger -> Noun"
                        }, 
                        {
                            "candidateInterpretations": [
                                {
                                    "base": ",", 
                                    "ctag": "Interp", 
                                    "msd": ""
                                }
                            ], 
                            "childIds": [
                                "seg-1.1.4"
                            ], 
                            "chosenInterpretation": {
                                "base": ",", 
                                "ctag": "Interp", 
                                "msd": ""
                            }, 
                            "id": "words_a3ad91", 
                            "orth": ",", 
                            "rule": "interp -> Interp"
                        }, 
                        {
                            "candidateInterpretations": [
                                {
                                    "base": "kt\u00f3ry", 
                                    "ctag": "Adj", 
                                    "msd": "pl:nom:m3:pos"
                                }
                            ], 
                            "childIds": [
                                "seg-1.1.5"
                            ], 
                            "chosenInterpretation": {
                                "base": "kt\u00f3ry", 
                                "ctag": "Adj", 
                                "msd": "pl:nom:m3:pos"
                            }, 
                            "id": "words_a3ad8f", 
                            "orth": "kt\u00f3re", 
                            "rule": "adj -> Adj"
                        }, 
                        {
                            "candidateInterpretations": [
                                {
                                    "base": "przyci\u0105ga\u0107", 
                                    "ctag": "Verbfin", 
                                    "msd": "pl:ter:pres:ind:imperf:nrefl:aff"
                                }
                            ], 
                            "childIds": [
                                "seg-1.1.6"
                            ], 
                            "chosenInterpretation": {
                                "base": "przyci\u0105ga\u0107", 
                                "ctag": "Verbfin", 
                                "msd": "pl:ter:pres:ind:imperf:nrefl:aff"
                            }, 
                            "id": "words_a3ad89", 
                            "orth": "przyci\u0105gaj\u0105", 
                            "rule": "fin imperf -> Verbfin"
                        }, 
                        {
                            "candidateInterpretations": [
                                {
                                    "base": "zanieczyszczenie", 
                                    "ctag": "Noun", 
                                    "msd": "pl:acc:n"
                                }
                            ], 
                            "childIds": [
                                "seg-1.1.7"
                            ], 
                            "chosenInterpretation": {
                                "base": "zanieczyszczenie", 
                                "ctag": "Noun", 
                                "msd": "pl:acc:n"
                            }, 
                            "id": "words_a3ad9b", 
                            "orth": "zanieczyszczenia", 
                            "rule": "subst|depr|ger -> Noun"
                        }, 
                        {
                            "candidateInterpretations": [
                                {
                                    "base": "osadza\u0107 si\u0119", 
                                    "ctag": "Pact", 
                                    "msd": "pl:nom:n:imperf:refl:aff"
                                }
                            ], 
                            "childIds": [
                                "words_a3ad8d", 
                                "seg-1.1.9"
                            ], 
                            "chosenInterpretation": {
                                "base": "osadza\u0107 si\u0119", 
                                "ctag": "Pact", 
                                "msd": "pl:nom:n:imperf:refl:aff"
                            }, 
                            "id": "words_a3ad8e", 
                            "orth": "osadzaj\u0105ce si\u0119", 
                            "rule": "zwrotno\u015b\u0107 dla czasownik\u00f3w, imies\u0142ow\u00f3w itp. (1)"
                        }, 
                        {
                            "candidateInterpretations": [
                                {
                                    "base": "osadza\u0107", 
                                    "ctag": "Pact", 
                                    "msd": "pl:nom:n:imperf:nrefl:aff"
                                }
                            ], 
                            "childIds": [
                                "seg-1.1.8"
                            ], 
                            "chosenInterpretation": {
                                "base": "osadza\u0107", 
                                "ctag": "Pact", 
                                "msd": "pl:nom:n:imperf:nrefl:aff"
                            }, 
                            "id": "words_a3ad8d", 
                            "orth": "osadzaj\u0105ce", 
                            "rule": "pact -> Pact"
                        }, 
                        {
                            "candidateInterpretations": [
                                {
                                    "base": "na", 
                                    "ctag": "Prep", 
                                    "msd": "loc"
                                }
                            ], 
                            "childIds": [
                                "seg-1.1.10"
                            ], 
                            "chosenInterpretation": {
                                "base": "na", 
                                "ctag": "Prep", 
                                "msd": "loc"
                            }, 
                            "id": "words_a3ad95", 
                            "orth": "na", 
                            "rule": "prep -> Prep"
                        }, 
                        {
                            "candidateInterpretations": [
                                {
                                    "base": "dno", 
                                    "ctag": "Noun", 
                                    "msd": "sg:loc:n"
                                }
                            ], 
                            "childIds": [
                                "seg-1.1.11"
                            ], 
                            "chosenInterpretation": {
                                "base": "dno", 
                                "ctag": "Noun", 
                                "msd": "sg:loc:n"
                            }, 
                            "id": "words_a3ad9c", 
                            "orth": "dnie", 
                            "rule": "subst|depr|ger -> Noun"
                        }, 
                        {
                            "candidateInterpretations": [
                                {
                                    "base": ".", 
                                    "ctag": "Interp", 
                                    "msd": ""
                                }
                            ], 
                            "childIds": [
                                "seg-1.1.12"
                            ], 
                            "chosenInterpretation": {
                                "base": ".", 
                                "ctag": "Interp", 
                                "msd": ""
                            }, 
                            "id": "words_a3ad92", 
                            "orth": ".", 
                            "rule": "interp -> Interp"
                        }, 
                        {
                            "candidateInterpretations": [
                                {
                                    "base": "Kamie\u0144", 
                                    "ctag": "Noun", 
                                    "msd": "pl:acc:m3"
                                }
                            ], 
                            "childIds": [
                                "seg-1.1.13"
                            ], 
                            "chosenInterpretation": {
                                "base": "Kamie\u0144", 
                                "ctag": "Noun", 
                                "msd": "pl:acc:m3"
                            }, 
                            "id": "words_a3ad9d", 
                            "orth": "Kamienie", 
                            "rule": "subst|depr|ger -> Noun"
                        }, 
                        {
                            "candidateInterpretations": [
                                {
                                    "base": "kupowa\u0107", 
                                    "ctag": "Verbfin", 
                                    "msd": "pl:pri:pres:ind:imperf:nrefl:aff"
                                }
                            ], 
                            "childIds": [
                                "seg-1.1.14"
                            ], 
                            "chosenInterpretation": {
                                "base": "kupowa\u0107", 
                                "ctag": "Verbfin", 
                                "msd": "pl:pri:pres:ind:imperf:nrefl:aff"
                            }, 
                            "id": "words_a3ad8a", 
                            "orth": "kupujemy", 
                            "rule": "fin imperf -> Verbfin"
                        }, 
                        {
                            "candidateInterpretations": [
                                {
                                    "base": "w", 
                                    "ctag": "Prep", 
                                    "msd": "loc:nwok"
                                }
                            ], 
                            "childIds": [
                                "seg-1.1.15"
                            ], 
                            "chosenInterpretation": {
                                "base": "w", 
                                "ctag": "Prep", 
                                "msd": "loc:nwok"
                            }, 
                            "id": "words_a3ad96", 
                            "orth": "w", 
                            "rule": "prep -> Prep"
                        }, 
                        {
                            "candidateInterpretations": [
                                {
                                    "base": "sklep", 
                                    "ctag": "Noun", 
                                    "msd": "pl:loc:m3"
                                }
                            ], 
                            "childIds": [
                                "seg-1.1.16"
                            ], 
                            "chosenInterpretation": {
                                "base": "sklep", 
                                "ctag": "Noun", 
                                "msd": "pl:loc:m3"
                            }, 
                            "id": "words_a3ad9e", 
                            "orth": "sklepach", 
                            "rule": "subst|depr|ger -> Noun"
                        }, 
                        {
                            "candidateInterpretations": [
                                {
                                    "base": "z", 
                                    "ctag": "Prep", 
                                    "msd": "inst:wok"
                                }
                            ], 
                            "childIds": [
                                "seg-1.1.17"
                            ], 
                            "chosenInterpretation": {
                                "base": "z", 
                                "ctag": "Prep", 
                                "msd": "inst:wok"
                            }, 
                            "id": "words_a3ad97", 
                            "orth": "ze", 
                            "rule": "prep -> Prep"
                        }, 
                        {
                            "candidateInterpretations": [
                                {
                                    "base": "zdrowy", 
                                    "ctag": "Adj", 
                                    "msd": "sg:inst:f:pos"
                                }
                            ], 
                            "childIds": [
                                "seg-1.1.18"
                            ], 
                            "chosenInterpretation": {
                                "base": "zdrowy", 
                                "ctag": "Adj", 
                                "msd": "sg:inst:f:pos"
                            }, 
                            "id": "words_a3ad90", 
                            "orth": "zdrow\u0105", 
                            "rule": "adj -> Adj"
                        }, 
                        {
                            "candidateInterpretations": [
                                {
                                    "base": "\u017cywno\u015b\u0107", 
                                    "ctag": "Noun", 
                                    "msd": "sg:inst:f"
                                }
                            ], 
                            "childIds": [
                                "seg-1.1.19"
                            ], 
                            "chosenInterpretation": {
                                "base": "\u017cywno\u015b\u0107", 
                                "ctag": "Noun", 
                                "msd": "sg:inst:f"
                            }, 
                            "id": "words_a3ad9f", 
                            "orth": "\u017cywno\u015bci\u0105", 
                            "rule": "subst|depr|ger -> Noun"
                        }, 
                        {
                            "candidateInterpretations": [
                                {
                                    "base": ".", 
                                    "ctag": "Interp", 
                                    "msd": ""
                                }
                            ], 
                            "childIds": [
                                "seg-1.1.20"
                            ], 
                            "chosenInterpretation": {
                                "base": ".", 
                                "ctag": "Interp", 
                                "msd": ""
                            }, 
                            "id": "words_a3ad93", 
                            "orth": ".", 
                            "rule": "interp -> Interp"
                        }, 
                        {
                            "candidateInterpretations": [
                                {
                                    "base": "mo\u017cna", 
                                    "ctag": "Pred", 
                                    "msd": "pres:ind:imperf:aff"
                                }
                            ], 
                            "childIds": [
                                "seg-1.1.21"
                            ], 
                            "chosenInterpretation": {
                                "base": "mo\u017cna", 
                                "ctag": "Pred", 
                                "msd": "pres:ind:imperf:aff"
                            }, 
                            "id": "words_a3ad8c", 
                            "orth": "Mo\u017cna", 
                            "rule": "pred -> Pred"
                        }, 
                        {
                            "candidateInterpretations": [
                                {
                                    "base": "on", 
                                    "ctag": "Ppron3", 
                                    "msd": "pl:acc:f:ter:akc:npraep"
                                }
                            ], 
                            "childIds": [
                                "seg-1.1.22"
                            ], 
                            "chosenInterpretation": {
                                "base": "on", 
                                "ctag": "Ppron3", 
                                "msd": "pl:acc:f:ter:akc:npraep"
                            }, 
                            "id": "words_a3ada2", 
                            "orth": "je", 
                            "rule": "ppron3 -> Ppron3"
                        }, 
                        {
                            "candidateInterpretations": [
                                {
                                    "base": "u\u017cywa\u0107", 
                                    "ctag": "Inf", 
                                    "msd": "imperf:nrefl:aff"
                                }
                            ], 
                            "childIds": [
                                "seg-1.1.23"
                            ], 
                            "chosenInterpretation": {
                                "base": "u\u017cywa\u0107", 
                                "ctag": "Inf", 
                                "msd": "imperf:nrefl:aff"
                            }, 
                            "id": "words_a3ad8b", 
                            "orth": "u\u017cywa\u0107", 
                            "rule": "inf -> Inf"
                        }, 
                        {
                            "candidateInterpretations": [
                                {
                                    "base": "kilka", 
                                    "ctag": "Num", 
                                    "msd": "pl:acc:m3:rec"
                                }
                            ], 
                            "childIds": [
                                "seg-1.1.24"
                            ], 
                            "chosenInterpretation": {
                                "base": "kilka", 
                                "ctag": "Num", 
                                "msd": "pl:acc:m3:rec"
                            }, 
                            "id": "words_a3ada1", 
                            "orth": "kilka", 
                            "rule": "num -> Num"
                        }, 
                        {
                            "candidateInterpretations": [
                                {
                                    "base": "miesi\u0105c", 
                                    "ctag": "Noun", 
                                    "msd": "pl:gen:m3"
                                }
                            ], 
                            "childIds": [
                                "seg-1.1.25"
                            ], 
                            "chosenInterpretation": {
                                "base": "miesi\u0105c", 
                                "ctag": "Noun", 
                                "msd": "pl:gen:m3"
                            }, 
                            "id": "words_a3ada0", 
                            "orth": "miesi\u0119cy", 
                            "rule": "subst|depr|ger -> Noun"
                        }, 
                        {
                            "candidateInterpretations": [
                                {
                                    "base": ".", 
                                    "ctag": "Interp", 
                                    "msd": ""
                                }
                            ], 
                            "childIds": [
                                "seg-1.1.26"
                            ], 
                            "chosenInterpretation": {
                                "base": ".", 
                                "ctag": "Interp", 
                                "msd": ""
                            }, 
                            "id": "words_a3ad94", 
                            "orth": ".", 
                            "rule": "interp -> Interp"
                        }
                    ]
                }
            ], 
            "text": " Zwi\u0105zki krzemu tworz\u0105 koloidy, kt\u00f3re przyci\u0105gaj\u0105 zanieczyszczenia osadzaj\u0105ce si\u0119 na dnie.  Kamienie kupujemy w sklepach ze zdrow\u0105 \u017cywno\u015bci\u0105.  Mo\u017cna je u\u017cywa\u0107 kilka miesi\u0119cy. "
        }
    ], 
    "summary": "", 
    "textHeader": {
        "distributor": "Multiservice", 
        "id": "", 
        "processingDuration": 1008, 
        "publicationTime": 1553560178214, 
        "retrievedFrom": "", 
        "sourceDescText": "", 
        "title": ""
    }
}