{
    "annotationDetails": {
        "hasMorphosyntaxDisambiguated": true, 
        "hasMorphosyntaxPartiallyDisambiguated": true, 
        "hasSegmentsDisambiguated": true
    }, 
    "annotationHeaders": {
        "0": {
            "distributor": "Pantera", 
            "id": "", 
            "processingDuration": 113, 
            "publicationTime": 1553560918894, 
            "retrievedFrom": "", 
            "sourceDescText": "", 
            "title": ""
        }, 
        "1": {
            "distributor": "Pantera; modified by Spejd", 
            "id": "", 
            "processingDuration": 484, 
            "publicationTime": 1553560918894, 
            "retrievedFrom": "", 
            "sourceDescText": "", 
            "title": ""
        }, 
        "2": {
            "distributor": "Spejd", 
            "id": "", 
            "processingDuration": 371, 
            "publicationTime": 1553560918894, 
            "retrievedFrom": "", 
            "sourceDescText": "", 
            "title": ""
        }, 
        "3": {
            "distributor": "Spejd", 
            "id": "", 
            "processingDuration": 371, 
            "publicationTime": 1553560918894, 
            "retrievedFrom": "", 
            "sourceDescText": "", 
            "title": ""
        }, 
        "4": {
            "distributor": "Nerf", 
            "id": "", 
            "processingDuration": 24, 
            "publicationTime": 1553560918894, 
            "retrievedFrom": "", 
            "sourceDescText": "", 
            "title": ""
        }, 
        "7": {
            "distributor": "MentionDetector", 
            "id": null, 
            "processingDuration": 0, 
            "publicationTime": 1553560918894, 
            "retrievedFrom": null, 
            "sourceDescText": null, 
            "title": null
        }, 
        "8": {
            "distributor": "Bartek", 
            "id": null, 
            "processingDuration": 2, 
            "publicationTime": 1553560918894, 
            "retrievedFrom": null, 
            "sourceDescText": null, 
            "title": null
        }
    }, 
    "coreferences": [
        {
            "dominant": "zadymiony pomieszczenie", 
            "id": "c-0", 
            "mentionIds": [
                "m-0"
            ], 
            "sourceMentionId": null, 
            "type": "ident"
        }, 
        {
            "dominant": "oko", 
            "id": "c-1", 
            "mentionIds": [
                "m-1", 
                "m-5"
            ], 
            "sourceMentionId": null, 
            "type": "ident"
        }, 
        {
            "dominant": "kropelka", 
            "id": "c-2", 
            "mentionIds": [
                "m-2"
            ], 
            "sourceMentionId": null, 
            "type": "ident"
        }, 
        {
            "dominant": "sztuczny \u0142za", 
            "id": "c-3", 
            "mentionIds": [
                "m-3"
            ], 
            "sourceMentionId": null, 
            "type": "ident"
        }, 
        {
            "dominant": "chwila", 
            "id": "c-4", 
            "mentionIds": [
                "m-4"
            ], 
            "sourceMentionId": null, 
            "type": "ident"
        }
    ], 
    "paragraphs": [
        {
            "id": "p-1", 
            "sentences": [
                {
                    "dependencyParse": [], 
                    "groups": [
                        {
                            "childIds": [
                                "words_a3e6a4", 
                                "words_a3e6b0"
                            ], 
                            "id": "groups_a3e6b6", 
                            "orth": "zadymionych pomieszcze\u0144", 
                            "rule": "NGa: (Qub) + Adj + (Qub) + (Adv) + Noun + (Adj)", 
                            "semanticHeadId": "words_a3e6b0", 
                            "syntacticHeadId": "words_a3e6b0", 
                            "type": "NGa"
                        }, 
                        {
                            "childIds": [
                                "words_a3e6b1"
                            ], 
                            "id": "groups_a3e6b8", 
                            "orth": "oczy", 
                            "rule": "(Qub) + Noun", 
                            "semanticHeadId": "words_a3e6b1", 
                            "syntacticHeadId": "words_a3e6b1", 
                            "type": "NG"
                        }, 
                        {
                            "childIds": [
                                "words_a3e6b2"
                            ], 
                            "id": "groups_a3e6b9", 
                            "orth": "kropelki", 
                            "rule": "(Qub) + Noun", 
                            "semanticHeadId": "words_a3e6b2", 
                            "syntacticHeadId": "words_a3e6b2", 
                            "type": "NG"
                        }, 
                        {
                            "childIds": [
                                "words_a3e6a3"
                            ], 
                            "id": "groups_a3e6bc", 
                            "orth": "nazywane", 
                            "rule": "(Qub) + Adj", 
                            "semanticHeadId": "words_a3e6a3", 
                            "syntacticHeadId": "words_a3e6a3", 
                            "type": "AdjG"
                        }, 
                        {
                            "childIds": [
                                "words_a3e6a5", 
                                "words_a3e6b3"
                            ], 
                            "id": "groups_a3e6b7", 
                            "orth": "sztucznymi \u0142zami", 
                            "rule": "NGa: (Qub) + Adj + (Qub) + (Adv) + Noun + (Adj)", 
                            "semanticHeadId": "words_a3e6b3", 
                            "syntacticHeadId": "words_a3e6b3", 
                            "type": "NGa"
                        }, 
                        {
                            "childIds": [
                                "words_a3e6af", 
                                "groups_a3e6ba"
                            ], 
                            "id": "groups_a3e6bd", 
                            "orth": "na chwil\u0119", 
                            "rule": "PrepNG: Prep + NG", 
                            "semanticHeadId": "words_a3e6b4", 
                            "syntacticHeadId": "words_a3e6af", 
                            "type": "PrepNG"
                        }, 
                        {
                            "childIds": [
                                "words_a3e6b4"
                            ], 
                            "id": "groups_a3e6ba", 
                            "orth": "chwil\u0119", 
                            "rule": "(Qub) + Noun", 
                            "semanticHeadId": "words_a3e6b4", 
                            "syntacticHeadId": "words_a3e6b4", 
                            "type": "NG"
                        }, 
                        {
                            "childIds": [
                                "words_a3e6b5"
                            ], 
                            "id": "groups_a3e6bb", 
                            "orth": "oczy", 
                            "rule": "(Qub) + Noun", 
                            "semanticHeadId": "words_a3e6b5", 
                            "syntacticHeadId": "words_a3e6b5", 
                            "type": "NG"
                        }
                    ], 
                    "id": "s-1.1", 
                    "mentions": [
                        {
                            "childIds": [
                                "seg-1.1.2", 
                                "seg-1.1.3"
                            ], 
                            "headIds": [
                                "seg-1.1.3"
                            ], 
                            "id": "m-0", 
                            "zeroSubject": false
                        }, 
                        {
                            "childIds": [
                                "seg-1.1.8"
                            ], 
                            "headIds": [
                                "seg-1.1.8"
                            ], 
                            "id": "m-1", 
                            "zeroSubject": false
                        }, 
                        {
                            "childIds": [
                                "seg-1.1.11"
                            ], 
                            "headIds": [
                                "seg-1.1.11"
                            ], 
                            "id": "m-2", 
                            "zeroSubject": false
                        }, 
                        {
                            "childIds": [
                                "seg-1.1.14", 
                                "seg-1.1.15"
                            ], 
                            "headIds": [
                                "seg-1.1.15"
                            ], 
                            "id": "m-3", 
                            "zeroSubject": false
                        }, 
                        {
                            "childIds": [
                                "seg-1.1.20"
                            ], 
                            "headIds": [
                                "seg-1.1.20"
                            ], 
                            "id": "m-4", 
                            "zeroSubject": false
                        }, 
                        {
                            "childIds": [
                                "seg-1.1.21"
                            ], 
                            "headIds": [
                                "seg-1.1.21"
                            ], 
                            "id": "m-5", 
                            "zeroSubject": false
                        }
                    ], 
                    "names": [], 
                    "rejectedTokens": [], 
                    "sentimentTags": [], 
                    "tokens": [
                        {
                            "candidateInterpretations": [
                                {
                                    "base": "\u2013", 
                                    "ctag": "interp", 
                                    "msd": ""
                                }
                            ], 
                            "chosenInterpretation": {
                                "base": "\u2013", 
                                "ctag": "interp", 
                                "msd": ""
                            }, 
                            "id": "seg-1.1.0", 
                            "interpretations": [
                                {
                                    "base": "\u2013", 
                                    "ctag": "interp", 
                                    "msd": ""
                                }
                            ], 
                            "noPrecedingSpace": false, 
                            "offset": 1, 
                            "orth": "\u2013"
                        }, 
                        {
                            "candidateInterpretations": [
                                {
                                    "base": "unika\u0107", 
                                    "ctag": "impt", 
                                    "msd": "sg:sec:imperf"
                                }
                            ], 
                            "chosenInterpretation": {
                                "base": "unika\u0107", 
                                "ctag": "impt", 
                                "msd": "sg:sec:imperf"
                            }, 
                            "id": "seg-1.1.1", 
                            "interpretations": [
                                {
                                    "base": "unika\u0107", 
                                    "ctag": "impt", 
                                    "msd": "sg:sec:imperf"
                                }
                            ], 
                            "noPrecedingSpace": false, 
                            "offset": 3, 
                            "orth": "Unikaj"
                        }, 
                        {
                            "candidateInterpretations": [
                                {
                                    "base": "zadymiony", 
                                    "ctag": "adj", 
                                    "msd": "pl:gen:n:pos"
                                }
                            ], 
                            "chosenInterpretation": {
                                "base": "zadymiony", 
                                "ctag": "adj", 
                                "msd": "pl:gen:n:pos"
                            }, 
                            "id": "seg-1.1.2", 
                            "interpretations": [
                                {
                                    "base": "zadymiony", 
                                    "ctag": "adj", 
                                    "msd": "pl:gen:n:pos"
                                }
                            ], 
                            "noPrecedingSpace": false, 
                            "offset": 10, 
                            "orth": "zadymionych"
                        }, 
                        {
                            "candidateInterpretations": [
                                {
                                    "base": "pomieszczenie", 
                                    "ctag": "subst", 
                                    "msd": "pl:gen:n"
                                }
                            ], 
                            "chosenInterpretation": {
                                "base": "pomieszczenie", 
                                "ctag": "subst", 
                                "msd": "pl:gen:n"
                            }, 
                            "id": "seg-1.1.3", 
                            "interpretations": [
                                {
                                    "base": "pomieszczenie", 
                                    "ctag": "subst", 
                                    "msd": "pl:gen:n"
                                }
                            ], 
                            "noPrecedingSpace": false, 
                            "offset": 22, 
                            "orth": "pomieszcze\u0144"
                        }, 
                        {
                            "candidateInterpretations": [
                                {
                                    "base": ".", 
                                    "ctag": "interp", 
                                    "msd": ""
                                }
                            ], 
                            "chosenInterpretation": {
                                "base": ".", 
                                "ctag": "interp", 
                                "msd": ""
                            }, 
                            "id": "seg-1.1.4", 
                            "interpretations": [
                                {
                                    "base": ".", 
                                    "ctag": "interp", 
                                    "msd": ""
                                }
                            ], 
                            "noPrecedingSpace": true, 
                            "offset": 33, 
                            "orth": "."
                        }, 
                        {
                            "candidateInterpretations": [
                                {
                                    "base": "\u2013", 
                                    "ctag": "interp", 
                                    "msd": ""
                                }
                            ], 
                            "chosenInterpretation": {
                                "base": "\u2013", 
                                "ctag": "interp", 
                                "msd": ""
                            }, 
                            "id": "seg-1.1.5", 
                            "interpretations": [
                                {
                                    "base": "\u2013", 
                                    "ctag": "interp", 
                                    "msd": ""
                                }
                            ], 
                            "noPrecedingSpace": false, 
                            "offset": 36, 
                            "orth": "\u2013"
                        }, 
                        {
                            "candidateInterpretations": [
                                {
                                    "base": "regularnie", 
                                    "ctag": "adv", 
                                    "msd": "pos"
                                }
                            ], 
                            "chosenInterpretation": {
                                "base": "regularnie", 
                                "ctag": "adv", 
                                "msd": "pos"
                            }, 
                            "id": "seg-1.1.6", 
                            "interpretations": [
                                {
                                    "base": "regularnie", 
                                    "ctag": "adv", 
                                    "msd": "pos"
                                }
                            ], 
                            "noPrecedingSpace": false, 
                            "offset": 38, 
                            "orth": "Regularnie"
                        }, 
                        {
                            "candidateInterpretations": [
                                {
                                    "base": "nawil\u017ca\u0107", 
                                    "ctag": "impt", 
                                    "msd": "sg:sec:imperf"
                                }
                            ], 
                            "chosenInterpretation": {
                                "base": "nawil\u017ca\u0107", 
                                "ctag": "impt", 
                                "msd": "sg:sec:imperf"
                            }, 
                            "id": "seg-1.1.7", 
                            "interpretations": [
                                {
                                    "base": "nawil\u017ca\u0107", 
                                    "ctag": "impt", 
                                    "msd": "sg:sec:imperf"
                                }
                            ], 
                            "noPrecedingSpace": false, 
                            "offset": 49, 
                            "orth": "nawil\u017caj"
                        }, 
                        {
                            "candidateInterpretations": [
                                {
                                    "base": "oko", 
                                    "ctag": "subst", 
                                    "msd": "pl:acc:n"
                                }
                            ], 
                            "chosenInterpretation": {
                                "base": "oko", 
                                "ctag": "subst", 
                                "msd": "pl:acc:n"
                            }, 
                            "id": "seg-1.1.8", 
                            "interpretations": [
                                {
                                    "base": "oko", 
                                    "ctag": "subst", 
                                    "msd": "pl:acc:n"
                                }
                            ], 
                            "noPrecedingSpace": false, 
                            "offset": 58, 
                            "orth": "oczy"
                        }, 
                        {
                            "candidateInterpretations": [
                                {
                                    "base": ",", 
                                    "ctag": "interp", 
                                    "msd": ""
                                }
                            ], 
                            "chosenInterpretation": {
                                "base": ",", 
                                "ctag": "interp", 
                                "msd": ""
                            }, 
                            "id": "seg-1.1.9", 
                            "interpretations": [
                                {
                                    "base": ",", 
                                    "ctag": "interp", 
                                    "msd": ""
                                }
                            ], 
                            "noPrecedingSpace": true, 
                            "offset": 62, 
                            "orth": ","
                        }, 
                        {
                            "candidateInterpretations": [
                                {
                                    "base": "wkrapla\u0107", 
                                    "ctag": "pcon", 
                                    "msd": "imperf"
                                }
                            ], 
                            "chosenInterpretation": {
                                "base": "wkrapla\u0107", 
                                "ctag": "pcon", 
                                "msd": "imperf"
                            }, 
                            "id": "seg-1.1.10", 
                            "interpretations": [
                                {
                                    "base": "wkrapla\u0107", 
                                    "ctag": "pcon", 
                                    "msd": "imperf"
                                }
                            ], 
                            "noPrecedingSpace": false, 
                            "offset": 64, 
                            "orth": "wkraplaj\u0105c"
                        }, 
                        {
                            "candidateInterpretations": [
                                {
                                    "base": "kropelka", 
                                    "ctag": "subst", 
                                    "msd": "pl:acc:f"
                                }
                            ], 
                            "chosenInterpretation": {
                                "base": "kropelka", 
                                "ctag": "subst", 
                                "msd": "pl:acc:f"
                            }, 
                            "id": "seg-1.1.11", 
                            "interpretations": [
                                {
                                    "base": "kropelka", 
                                    "ctag": "subst", 
                                    "msd": "pl:acc:f"
                                }
                            ], 
                            "noPrecedingSpace": false, 
                            "offset": 75, 
                            "orth": "kropelki"
                        }, 
                        {
                            "candidateInterpretations": [
                                {
                                    "base": "potocznie", 
                                    "ctag": "adv", 
                                    "msd": "pos"
                                }
                            ], 
                            "chosenInterpretation": {
                                "base": "potocznie", 
                                "ctag": "adv", 
                                "msd": "pos"
                            }, 
                            "id": "seg-1.1.12", 
                            "interpretations": [
                                {
                                    "base": "potocznie", 
                                    "ctag": "adv", 
                                    "msd": "pos"
                                }
                            ], 
                            "noPrecedingSpace": false, 
                            "offset": 84, 
                            "orth": "potocznie"
                        }, 
                        {
                            "candidateInterpretations": [
                                {
                                    "base": "nazywa\u0107", 
                                    "ctag": "ppas", 
                                    "msd": "pl:nom:f:imperf:aff"
                                }
                            ], 
                            "chosenInterpretation": {
                                "base": "nazywa\u0107", 
                                "ctag": "ppas", 
                                "msd": "pl:nom:f:imperf:aff"
                            }, 
                            "id": "seg-1.1.13", 
                            "interpretations": [
                                {
                                    "base": "nazywa\u0107", 
                                    "ctag": "ppas", 
                                    "msd": "pl:nom:f:imperf:aff"
                                }
                            ], 
                            "noPrecedingSpace": false, 
                            "offset": 94, 
                            "orth": "nazywane"
                        }, 
                        {
                            "candidateInterpretations": [
                                {
                                    "base": "sztuczny", 
                                    "ctag": "adj", 
                                    "msd": "pl:inst:f:pos"
                                }
                            ], 
                            "chosenInterpretation": {
                                "base": "sztuczny", 
                                "ctag": "adj", 
                                "msd": "pl:inst:f:pos"
                            }, 
                            "id": "seg-1.1.14", 
                            "interpretations": [
                                {
                                    "base": "sztuczny", 
                                    "ctag": "adj", 
                                    "msd": "pl:inst:f:pos"
                                }
                            ], 
                            "noPrecedingSpace": false, 
                            "offset": 103, 
                            "orth": "sztucznymi"
                        }, 
                        {
                            "candidateInterpretations": [
                                {
                                    "base": "\u0142za", 
                                    "ctag": "subst", 
                                    "msd": "pl:inst:f"
                                }
                            ], 
                            "chosenInterpretation": {
                                "base": "\u0142za", 
                                "ctag": "subst", 
                                "msd": "pl:inst:f"
                            }, 
                            "id": "seg-1.1.15", 
                            "interpretations": [
                                {
                                    "base": "\u0142za", 
                                    "ctag": "subst", 
                                    "msd": "pl:inst:f"
                                }
                            ], 
                            "noPrecedingSpace": false, 
                            "offset": 114, 
                            "orth": "\u0142zami"
                        }, 
                        {
                            "candidateInterpretations": [
                                {
                                    "base": ".", 
                                    "ctag": "interp", 
                                    "msd": ""
                                }
                            ], 
                            "chosenInterpretation": {
                                "base": ".", 
                                "ctag": "interp", 
                                "msd": ""
                            }, 
                            "id": "seg-1.1.16", 
                            "interpretations": [
                                {
                                    "base": ".", 
                                    "ctag": "interp", 
                                    "msd": ""
                                }
                            ], 
                            "noPrecedingSpace": true, 
                            "offset": 119, 
                            "orth": "."
                        }, 
                        {
                            "candidateInterpretations": [
                                {
                                    "base": "\u2013", 
                                    "ctag": "interp", 
                                    "msd": ""
                                }
                            ], 
                            "chosenInterpretation": {
                                "base": "\u2013", 
                                "ctag": "interp", 
                                "msd": ""
                            }, 
                            "id": "seg-1.1.17", 
                            "interpretations": [
                                {
                                    "base": "\u2013", 
                                    "ctag": "interp", 
                                    "msd": ""
                                }
                            ], 
                            "noPrecedingSpace": false, 
                            "offset": 122, 
                            "orth": "\u2013"
                        }, 
                        {
                            "candidateInterpretations": [
                                {
                                    "base": "zamkn\u0105\u0107", 
                                    "ctag": "impt", 
                                    "msd": "sg:sec:perf"
                                }
                            ], 
                            "chosenInterpretation": {
                                "base": "zamkn\u0105\u0107", 
                                "ctag": "impt", 
                                "msd": "sg:sec:perf"
                            }, 
                            "id": "seg-1.1.18", 
                            "interpretations": [
                                {
                                    "base": "zamkn\u0105\u0107", 
                                    "ctag": "impt", 
                                    "msd": "sg:sec:perf"
                                }
                            ], 
                            "noPrecedingSpace": false, 
                            "offset": 124, 
                            "orth": "Zamknij"
                        }, 
                        {
                            "candidateInterpretations": [
                                {
                                    "base": "na", 
                                    "ctag": "prep", 
                                    "msd": "acc"
                                }
                            ], 
                            "chosenInterpretation": {
                                "base": "na", 
                                "ctag": "prep", 
                                "msd": "acc"
                            }, 
                            "id": "seg-1.1.19", 
                            "interpretations": [
                                {
                                    "base": "na", 
                                    "ctag": "prep", 
                                    "msd": "acc"
                                }
                            ], 
                            "noPrecedingSpace": false, 
                            "offset": 132, 
                            "orth": "na"
                        }, 
                        {
                            "candidateInterpretations": [
                                {
                                    "base": "chwila", 
                                    "ctag": "subst", 
                                    "msd": "sg:acc:f"
                                }
                            ], 
                            "chosenInterpretation": {
                                "base": "chwila", 
                                "ctag": "subst", 
                                "msd": "sg:acc:f"
                            }, 
                            "id": "seg-1.1.20", 
                            "interpretations": [
                                {
                                    "base": "chwila", 
                                    "ctag": "subst", 
                                    "msd": "sg:acc:f"
                                }
                            ], 
                            "noPrecedingSpace": false, 
                            "offset": 135, 
                            "orth": "chwil\u0119"
                        }, 
                        {
                            "candidateInterpretations": [
                                {
                                    "base": "oko", 
                                    "ctag": "subst", 
                                    "msd": "pl:acc:n"
                                }
                            ], 
                            "chosenInterpretation": {
                                "base": "oko", 
                                "ctag": "subst", 
                                "msd": "pl:acc:n"
                            }, 
                            "id": "seg-1.1.21", 
                            "interpretations": [
                                {
                                    "base": "oko", 
                                    "ctag": "subst", 
                                    "msd": "pl:acc:n"
                                }
                            ], 
                            "noPrecedingSpace": false, 
                            "offset": 142, 
                            "orth": "oczy"
                        }, 
                        {
                            "candidateInterpretations": [
                                {
                                    "base": ".", 
                                    "ctag": "interp", 
                                    "msd": ""
                                }
                            ], 
                            "chosenInterpretation": {
                                "base": ".", 
                                "ctag": "interp", 
                                "msd": ""
                            }, 
                            "id": "seg-1.1.22", 
                            "interpretations": [
                                {
                                    "base": ".", 
                                    "ctag": "interp", 
                                    "msd": ""
                                }
                            ], 
                            "noPrecedingSpace": true, 
                            "offset": 146, 
                            "orth": "."
                        }
                    ], 
                    "words": [
                        {
                            "candidateInterpretations": [
                                {
                                    "base": "\u2013", 
                                    "ctag": "Interp", 
                                    "msd": ""
                                }
                            ], 
                            "childIds": [
                                "seg-1.1.0"
                            ], 
                            "chosenInterpretation": {
                                "base": "\u2013", 
                                "ctag": "Interp", 
                                "msd": ""
                            }, 
                            "id": "words_a3e6a8", 
                            "orth": "\u2013", 
                            "rule": "interp -> Interp"
                        }, 
                        {
                            "candidateInterpretations": [
                                {
                                    "base": "unika\u0107", 
                                    "ctag": "Verbfin", 
                                    "msd": "sg:sec:pres:imp:imperf:nrefl:aff"
                                }
                            ], 
                            "childIds": [
                                "seg-1.1.1"
                            ], 
                            "chosenInterpretation": {
                                "base": "unika\u0107", 
                                "ctag": "Verbfin", 
                                "msd": "sg:sec:pres:imp:imperf:nrefl:aff"
                            }, 
                            "id": "words_a3e69f", 
                            "orth": "Unikaj", 
                            "rule": "impt imperf -> Verbfin"
                        }, 
                        {
                            "candidateInterpretations": [
                                {
                                    "base": "zadymiony", 
                                    "ctag": "Adj", 
                                    "msd": "pl:gen:n:pos"
                                }
                            ], 
                            "childIds": [
                                "seg-1.1.2"
                            ], 
                            "chosenInterpretation": {
                                "base": "zadymiony", 
                                "ctag": "Adj", 
                                "msd": "pl:gen:n:pos"
                            }, 
                            "id": "words_a3e6a4", 
                            "orth": "zadymionych", 
                            "rule": "adj -> Adj"
                        }, 
                        {
                            "candidateInterpretations": [
                                {
                                    "base": "pomieszczenie", 
                                    "ctag": "Noun", 
                                    "msd": "pl:gen:n"
                                }
                            ], 
                            "childIds": [
                                "seg-1.1.3"
                            ], 
                            "chosenInterpretation": {
                                "base": "pomieszczenie", 
                                "ctag": "Noun", 
                                "msd": "pl:gen:n"
                            }, 
                            "id": "words_a3e6b0", 
                            "orth": "pomieszcze\u0144", 
                            "rule": "subst|depr|ger -> Noun"
                        }, 
                        {
                            "candidateInterpretations": [
                                {
                                    "base": ".", 
                                    "ctag": "Interp", 
                                    "msd": ""
                                }
                            ], 
                            "childIds": [
                                "seg-1.1.4"
                            ], 
                            "chosenInterpretation": {
                                "base": ".", 
                                "ctag": "Interp", 
                                "msd": ""
                            }, 
                            "id": "words_a3e6a9", 
                            "orth": ".", 
                            "rule": "interp -> Interp"
                        }, 
                        {
                            "candidateInterpretations": [
                                {
                                    "base": "\u2013", 
                                    "ctag": "Interp", 
                                    "msd": ""
                                }
                            ], 
                            "childIds": [
                                "seg-1.1.5"
                            ], 
                            "chosenInterpretation": {
                                "base": "\u2013", 
                                "ctag": "Interp", 
                                "msd": ""
                            }, 
                            "id": "words_a3e6aa", 
                            "orth": "\u2013", 
                            "rule": "interp -> Interp"
                        }, 
                        {
                            "candidateInterpretations": [
                                {
                                    "base": "regularnie", 
                                    "ctag": "Adv", 
                                    "msd": "pos"
                                }
                            ], 
                            "childIds": [
                                "seg-1.1.6"
                            ], 
                            "chosenInterpretation": {
                                "base": "regularnie", 
                                "ctag": "Adv", 
                                "msd": "pos"
                            }, 
                            "id": "words_a3e6a6", 
                            "orth": "Regularnie", 
                            "rule": "adv -> Adv"
                        }, 
                        {
                            "candidateInterpretations": [
                                {
                                    "base": "nawil\u017ca\u0107", 
                                    "ctag": "Verbfin", 
                                    "msd": "sg:sec:pres:imp:imperf:nrefl:aff"
                                }
                            ], 
                            "childIds": [
                                "seg-1.1.7"
                            ], 
                            "chosenInterpretation": {
                                "base": "nawil\u017ca\u0107", 
                                "ctag": "Verbfin", 
                                "msd": "sg:sec:pres:imp:imperf:nrefl:aff"
                            }, 
                            "id": "words_a3e6a0", 
                            "orth": "nawil\u017caj", 
                            "rule": "impt imperf -> Verbfin"
                        }, 
                        {
                            "candidateInterpretations": [
                                {
                                    "base": "oko", 
                                    "ctag": "Noun", 
                                    "msd": "pl:acc:n"
                                }
                            ], 
                            "childIds": [
                                "seg-1.1.8"
                            ], 
                            "chosenInterpretation": {
                                "base": "oko", 
                                "ctag": "Noun", 
                                "msd": "pl:acc:n"
                            }, 
                            "id": "words_a3e6b1", 
                            "orth": "oczy", 
                            "rule": "subst|depr|ger -> Noun"
                        }, 
                        {
                            "candidateInterpretations": [
                                {
                                    "base": ",", 
                                    "ctag": "Interp", 
                                    "msd": ""
                                }
                            ], 
                            "childIds": [
                                "seg-1.1.9"
                            ], 
                            "chosenInterpretation": {
                                "base": ",", 
                                "ctag": "Interp", 
                                "msd": ""
                            }, 
                            "id": "words_a3e6ab", 
                            "orth": ",", 
                            "rule": "interp -> Interp"
                        }, 
                        {
                            "candidateInterpretations": [
                                {
                                    "base": "wkrapla\u0107", 
                                    "ctag": "Pcon", 
                                    "msd": "imperf:nrefl:aff"
                                }
                            ], 
                            "childIds": [
                                "seg-1.1.10"
                            ], 
                            "chosenInterpretation": {
                                "base": "wkrapla\u0107", 
                                "ctag": "Pcon", 
                                "msd": "imperf:nrefl:aff"
                            }, 
                            "id": "words_a3e6a2", 
                            "orth": "wkraplaj\u0105c", 
                            "rule": "pcon -> Pcon"
                        }, 
                        {
                            "candidateInterpretations": [
                                {
                                    "base": "kropelka", 
                                    "ctag": "Noun", 
                                    "msd": "pl:acc:f"
                                }
                            ], 
                            "childIds": [
                                "seg-1.1.11"
                            ], 
                            "chosenInterpretation": {
                                "base": "kropelka", 
                                "ctag": "Noun", 
                                "msd": "pl:acc:f"
                            }, 
                            "id": "words_a3e6b2", 
                            "orth": "kropelki", 
                            "rule": "subst|depr|ger -> Noun"
                        }, 
                        {
                            "candidateInterpretations": [
                                {
                                    "base": "potocznie", 
                                    "ctag": "Adv", 
                                    "msd": "pos"
                                }
                            ], 
                            "childIds": [
                                "seg-1.1.12"
                            ], 
                            "chosenInterpretation": {
                                "base": "potocznie", 
                                "ctag": "Adv", 
                                "msd": "pos"
                            }, 
                            "id": "words_a3e6a7", 
                            "orth": "potocznie", 
                            "rule": "adv -> Adv"
                        }, 
                        {
                            "candidateInterpretations": [
                                {
                                    "base": "nazywa\u0107", 
                                    "ctag": "Ppas", 
                                    "msd": "pl:nom:f:imperf:nrefl:aff"
                                }
                            ], 
                            "childIds": [
                                "seg-1.1.13"
                            ], 
                            "chosenInterpretation": {
                                "base": "nazywa\u0107", 
                                "ctag": "Ppas", 
                                "msd": "pl:nom:f:imperf:nrefl:aff"
                            }, 
                            "id": "words_a3e6a3", 
                            "orth": "nazywane", 
                            "rule": "ppas -> Ppas"
                        }, 
                        {
                            "candidateInterpretations": [
                                {
                                    "base": "sztuczny", 
                                    "ctag": "Adj", 
                                    "msd": "pl:inst:f:pos"
                                }
                            ], 
                            "childIds": [
                                "seg-1.1.14"
                            ], 
                            "chosenInterpretation": {
                                "base": "sztuczny", 
                                "ctag": "Adj", 
                                "msd": "pl:inst:f:pos"
                            }, 
                            "id": "words_a3e6a5", 
                            "orth": "sztucznymi", 
                            "rule": "adj -> Adj"
                        }, 
                        {
                            "candidateInterpretations": [
                                {
                                    "base": "\u0142za", 
                                    "ctag": "Noun", 
                                    "msd": "pl:inst:f"
                                }
                            ], 
                            "childIds": [
                                "seg-1.1.15"
                            ], 
                            "chosenInterpretation": {
                                "base": "\u0142za", 
                                "ctag": "Noun", 
                                "msd": "pl:inst:f"
                            }, 
                            "id": "words_a3e6b3", 
                            "orth": "\u0142zami", 
                            "rule": "subst|depr|ger -> Noun"
                        }, 
                        {
                            "candidateInterpretations": [
                                {
                                    "base": ".", 
                                    "ctag": "Interp", 
                                    "msd": ""
                                }
                            ], 
                            "childIds": [
                                "seg-1.1.16"
                            ], 
                            "chosenInterpretation": {
                                "base": ".", 
                                "ctag": "Interp", 
                                "msd": ""
                            }, 
                            "id": "words_a3e6ac", 
                            "orth": ".", 
                            "rule": "interp -> Interp"
                        }, 
                        {
                            "candidateInterpretations": [
                                {
                                    "base": "\u2013", 
                                    "ctag": "Interp", 
                                    "msd": ""
                                }
                            ], 
                            "childIds": [
                                "seg-1.1.17"
                            ], 
                            "chosenInterpretation": {
                                "base": "\u2013", 
                                "ctag": "Interp", 
                                "msd": ""
                            }, 
                            "id": "words_a3e6ad", 
                            "orth": "\u2013", 
                            "rule": "interp -> Interp"
                        }, 
                        {
                            "candidateInterpretations": [
                                {
                                    "base": "zamkn\u0105\u0107", 
                                    "ctag": "Verbfin", 
                                    "msd": "sg:sec:fut:imp:perf:nrefl:aff"
                                }
                            ], 
                            "childIds": [
                                "seg-1.1.18"
                            ], 
                            "chosenInterpretation": {
                                "base": "zamkn\u0105\u0107", 
                                "ctag": "Verbfin", 
                                "msd": "sg:sec:fut:imp:perf:nrefl:aff"
                            }, 
                            "id": "words_a3e6a1", 
                            "orth": "Zamknij", 
                            "rule": "impt perf -> Verbfin"
                        }, 
                        {
                            "candidateInterpretations": [
                                {
                                    "base": "na", 
                                    "ctag": "Prep", 
                                    "msd": "acc"
                                }
                            ], 
                            "childIds": [
                                "seg-1.1.19"
                            ], 
                            "chosenInterpretation": {
                                "base": "na", 
                                "ctag": "Prep", 
                                "msd": "acc"
                            }, 
                            "id": "words_a3e6af", 
                            "orth": "na", 
                            "rule": "prep -> Prep"
                        }, 
                        {
                            "candidateInterpretations": [
                                {
                                    "base": "chwila", 
                                    "ctag": "Noun", 
                                    "msd": "sg:acc:f"
                                }
                            ], 
                            "childIds": [
                                "seg-1.1.20"
                            ], 
                            "chosenInterpretation": {
                                "base": "chwila", 
                                "ctag": "Noun", 
                                "msd": "sg:acc:f"
                            }, 
                            "id": "words_a3e6b4", 
                            "orth": "chwil\u0119", 
                            "rule": "subst|depr|ger -> Noun"
                        }, 
                        {
                            "candidateInterpretations": [
                                {
                                    "base": "oko", 
                                    "ctag": "Noun", 
                                    "msd": "pl:acc:n"
                                }
                            ], 
                            "childIds": [
                                "seg-1.1.21"
                            ], 
                            "chosenInterpretation": {
                                "base": "oko", 
                                "ctag": "Noun", 
                                "msd": "pl:acc:n"
                            }, 
                            "id": "words_a3e6b5", 
                            "orth": "oczy", 
                            "rule": "subst|depr|ger -> Noun"
                        }, 
                        {
                            "candidateInterpretations": [
                                {
                                    "base": ".", 
                                    "ctag": "Interp", 
                                    "msd": ""
                                }
                            ], 
                            "childIds": [
                                "seg-1.1.22"
                            ], 
                            "chosenInterpretation": {
                                "base": ".", 
                                "ctag": "Interp", 
                                "msd": ""
                            }, 
                            "id": "words_a3e6ae", 
                            "orth": ".", 
                            "rule": "interp -> Interp"
                        }
                    ]
                }
            ], 
            "text": " \u2013 Unikaj zadymionych pomieszcze\u0144.  \u2013 Regularnie nawil\u017caj oczy, wkraplaj\u0105c kropelki potocznie nazywane sztucznymi \u0142zami.  \u2013 Zamknij na chwil\u0119 oczy. "
        }
    ], 
    "summary": "", 
    "textHeader": {
        "distributor": "Multiservice", 
        "id": "", 
        "processingDuration": 1182, 
        "publicationTime": 1553560918894, 
        "retrievedFrom": "", 
        "sourceDescText": "", 
        "title": ""
    }
}