{
    "annotationDetails": {
        "hasMorphosyntaxDisambiguated": true, 
        "hasMorphosyntaxPartiallyDisambiguated": true, 
        "hasSegmentsDisambiguated": true
    }, 
    "annotationHeaders": {
        "0": {
            "distributor": "Pantera", 
            "id": "", 
            "processingDuration": 187, 
            "publicationTime": 1553561811244, 
            "retrievedFrom": "", 
            "sourceDescText": "", 
            "title": ""
        }, 
        "1": {
            "distributor": "Pantera; modified by Spejd", 
            "id": "", 
            "processingDuration": 223, 
            "publicationTime": 1553561811244, 
            "retrievedFrom": "", 
            "sourceDescText": "", 
            "title": ""
        }, 
        "2": {
            "distributor": "Spejd", 
            "id": "", 
            "processingDuration": 36, 
            "publicationTime": 1553561811244, 
            "retrievedFrom": "", 
            "sourceDescText": "", 
            "title": ""
        }, 
        "3": {
            "distributor": "Spejd", 
            "id": "", 
            "processingDuration": 36, 
            "publicationTime": 1553561811244, 
            "retrievedFrom": "", 
            "sourceDescText": "", 
            "title": ""
        }, 
        "4": {
            "distributor": "Nerf", 
            "id": "", 
            "processingDuration": 39, 
            "publicationTime": 1553561811244, 
            "retrievedFrom": "", 
            "sourceDescText": "", 
            "title": ""
        }, 
        "7": {
            "distributor": "MentionDetector", 
            "id": null, 
            "processingDuration": 1, 
            "publicationTime": 1553561811244, 
            "retrievedFrom": null, 
            "sourceDescText": null, 
            "title": null
        }, 
        "8": {
            "distributor": "Bartek", 
            "id": null, 
            "processingDuration": 99, 
            "publicationTime": 1553561811244, 
            "retrievedFrom": null, 
            "sourceDescText": null, 
            "title": null
        }
    }, 
    "coreferences": [
        {
            "dominant": "wywo\u0142ywa\u0107 por\u00f3d", 
            "id": "c-0", 
            "mentionIds": [
                "m-0"
            ], 
            "sourceMentionId": null, 
            "type": "ident"
        }, 
        {
            "dominant": "wywo\u0142ywa\u0107 por\u00f3d b\u0105d\u017a por\u00f3d przyspieszony", 
            "id": "c-1", 
            "mentionIds": [
                "m-2"
            ], 
            "sourceMentionId": null, 
            "type": "ident"
        }, 
        {
            "dominant": "po\u0142owa kobieta , kt\u00f3ry odpowiedzie\u0107 na ankieta przeprowadzi\u0107 przez fundacja rodzi\u0107 po ludzki przy wsp\u00f3\u0142praca miesi\u0119cznik \" tw\u00f3j dziecko \"", 
            "id": "c-2", 
            "mentionIds": [
                "m-10", 
                "m-12"
            ], 
            "sourceMentionId": null, 
            "type": "ident"
        }, 
        {
            "dominant": "por\u00f3d przyspieszony", 
            "id": "c-3", 
            "mentionIds": [
                "m-1"
            ], 
            "sourceMentionId": null, 
            "type": "ident"
        }, 
        {
            "dominant": "kobieta", 
            "id": "c-4", 
            "mentionIds": [
                "m-3", 
                "m-11"
            ], 
            "sourceMentionId": null, 
            "type": "ident"
        }, 
        {
            "dominant": "ankieta przeprowadzi\u0107", 
            "id": "c-5", 
            "mentionIds": [
                "m-4"
            ], 
            "sourceMentionId": null, 
            "type": "ident"
        }, 
        {
            "dominant": "fundacja rodzi\u0107", 
            "id": "c-6", 
            "mentionIds": [
                "m-5"
            ], 
            "sourceMentionId": null, 
            "type": "ident"
        }, 
        {
            "dominant": "wsp\u00f3\u0142praca miesi\u0119cznik", 
            "id": "c-7", 
            "mentionIds": [
                "m-7"
            ], 
            "sourceMentionId": null, 
            "type": "ident"
        }, 
        {
            "dominant": "miesi\u0119cznik", 
            "id": "c-8", 
            "mentionIds": [
                "m-6"
            ], 
            "sourceMentionId": null, 
            "type": "ident"
        }, 
        {
            "dominant": "\" tw\u00f3j dziecko \"", 
            "id": "c-9", 
            "mentionIds": [
                "m-9"
            ], 
            "sourceMentionId": null, 
            "type": "ident"
        }, 
        {
            "dominant": "dziecko", 
            "id": "c-10", 
            "mentionIds": [
                "m-8"
            ], 
            "sourceMentionId": null, 
            "type": "ident"
        }
    ], 
    "paragraphs": [
        {
            "id": "p-1", 
            "sentences": [
                {
                    "dependencyParse": [], 
                    "groups": [
                        {
                            "childIds": [
                                "groups_a42148", 
                                "words_a42135", 
                                "groups_a42149"
                            ], 
                            "id": "groups_a42153", 
                            "orth": "wywo\u0142ywanego porodu b\u0105d\u017a porodu przyspieszonego", 
                            "rule": "NGk: NG + NG", 
                            "semanticHeadId": "words_a4213e", 
                            "syntacticHeadId": "words_a4213e", 
                            "type": "NGk"
                        }, 
                        {
                            "childIds": [
                                "words_a4212f", 
                                "words_a4213e"
                            ], 
                            "id": "groups_a42148", 
                            "orth": "wywo\u0142ywanego porodu", 
                            "rule": "NGa: (Adv) + Ppas (nNom) + Noun + (Adj)", 
                            "semanticHeadId": "words_a4213e", 
                            "syntacticHeadId": "words_a4213e", 
                            "type": "NGa"
                        }, 
                        {
                            "childIds": [
                                "words_a4213f", 
                                "words_a42132"
                            ], 
                            "id": "groups_a42149", 
                            "orth": "porodu przyspieszonego", 
                            "rule": "NGa: Noun + (Adv) + n*Adj Gen", 
                            "semanticHeadId": "words_a4213f", 
                            "syntacticHeadId": "words_a4213f", 
                            "type": "NGa"
                        }, 
                        {
                            "childIds": [
                                "groups_a42151", 
                                "words_a42136", 
                                "groups_a42150", 
                                "words_a4212d", 
                                "words_a4213b", 
                                "groups_a4214a", 
                                "words_a4213c", 
                                "groups_a4214d", 
                                "words_a4212e", 
                                "words_a4212b", 
                                "words_a4213d", 
                                "groups_a42152", 
                                "groups_a42147"
                            ], 
                            "id": "groups_a42154", 
                            "orth": "po\u0142owa kobiet, kt\u00f3ra odpowiedzia\u0142a na ankiet\u0119 przeprowadzon\u0105 przez Fundacj\u0119 Rodzi\u0107 po ludzku przy wsp\u00f3\u0142pracy miesi\u0119cznika \"Twoje Dziecko\"", 
                            "rule": "NG + kt\u00f3ry + Verbfin", 
                            "semanticHeadId": "words_a42140", 
                            "syntacticHeadId": "words_a42140", 
                            "type": "NGkg"
                        }, 
                        {
                            "childIds": [
                                "groups_a4214b", 
                                "groups_a4214c"
                            ], 
                            "id": "groups_a42151", 
                            "orth": "po\u0142owa kobiet", 
                            "rule": "NG2: NG + NG(gen) nie przed NG(gen) i nie przed koordynacj\u0105", 
                            "semanticHeadId": "words_a42140", 
                            "syntacticHeadId": "words_a42140", 
                            "type": "NG2"
                        }, 
                        {
                            "childIds": [
                                "words_a42140"
                            ], 
                            "id": "groups_a4214b", 
                            "orth": "po\u0142owa", 
                            "rule": "(Qub) + Noun", 
                            "semanticHeadId": "words_a42140", 
                            "syntacticHeadId": "words_a42140", 
                            "type": "NG"
                        }, 
                        {
                            "childIds": [
                                "words_a42141"
                            ], 
                            "id": "groups_a4214c", 
                            "orth": "kobiet", 
                            "rule": "(Qub) + Noun", 
                            "semanticHeadId": "words_a42141", 
                            "syntacticHeadId": "words_a42141", 
                            "type": "NG"
                        }, 
                        {
                            "childIds": [
                                "words_a42133"
                            ], 
                            "id": "groups_a42150", 
                            "orth": "kt\u00f3ra", 
                            "rule": "(Qub) + Adj", 
                            "semanticHeadId": "words_a42133", 
                            "syntacticHeadId": "words_a42133", 
                            "type": "AdjG"
                        }, 
                        {
                            "childIds": [
                                "words_a42142", 
                                "words_a42130"
                            ], 
                            "id": "groups_a4214a", 
                            "orth": "ankiet\u0119 przeprowadzon\u0105", 
                            "rule": "NGa: Noun + (Adv) + n*Adj nGen nNom", 
                            "semanticHeadId": "words_a42142", 
                            "syntacticHeadId": "words_a42142", 
                            "type": "NGa"
                        }, 
                        {
                            "childIds": [
                                "words_a42143"
                            ], 
                            "id": "groups_a4214d", 
                            "orth": "Fundacj\u0119", 
                            "rule": "(Qub) + Noun", 
                            "semanticHeadId": "words_a42143", 
                            "syntacticHeadId": "words_a42143", 
                            "type": "NG"
                        }, 
                        {
                            "childIds": [
                                "groups_a4214e", 
                                "groups_a4214f"
                            ], 
                            "id": "groups_a42152", 
                            "orth": "wsp\u00f3\u0142pracy miesi\u0119cznika", 
                            "rule": "NG2: NG + NG(gen) nie przed NG(gen) i nie przed koordynacj\u0105", 
                            "semanticHeadId": "words_a42144", 
                            "syntacticHeadId": "words_a42144", 
                            "type": "NG2"
                        }, 
                        {
                            "childIds": [
                                "words_a42144"
                            ], 
                            "id": "groups_a4214e", 
                            "orth": "wsp\u00f3\u0142pracy", 
                            "rule": "(Qub) + Noun", 
                            "semanticHeadId": "words_a42144", 
                            "syntacticHeadId": "words_a42144", 
                            "type": "NG"
                        }, 
                        {
                            "childIds": [
                                "words_a42145"
                            ], 
                            "id": "groups_a4214f", 
                            "orth": "miesi\u0119cznika", 
                            "rule": "(Qub) + Noun", 
                            "semanticHeadId": "words_a42145", 
                            "syntacticHeadId": "words_a42145", 
                            "type": "NG"
                        }, 
                        {
                            "childIds": [
                                "words_a42137", 
                                "words_a42134", 
                                "words_a42146", 
                                "words_a42138"
                            ], 
                            "id": "groups_a42147", 
                            "orth": "\"Twoje Dziecko\"", 
                            "rule": "tytu\u0142y", 
                            "semanticHeadId": "words_a42134", 
                            "syntacticHeadId": "words_a42134", 
                            "type": "NG"
                        }
                    ], 
                    "id": "s-1.1", 
                    "mentions": [
                        {
                            "childIds": [
                                "seg-1.1.1", 
                                "seg-1.1.2"
                            ], 
                            "headIds": [
                                "seg-1.1.2"
                            ], 
                            "id": "m-0", 
                            "zeroSubject": false
                        }, 
                        {
                            "childIds": [
                                "seg-1.1.4", 
                                "seg-1.1.5"
                            ], 
                            "headIds": [
                                "seg-1.1.4"
                            ], 
                            "id": "m-1", 
                            "zeroSubject": false
                        }, 
                        {
                            "childIds": [
                                "seg-1.1.1", 
                                "seg-1.1.2", 
                                "seg-1.1.3", 
                                "seg-1.1.4", 
                                "seg-1.1.5"
                            ], 
                            "headIds": [
                                "seg-1.1.2"
                            ], 
                            "id": "m-2", 
                            "zeroSubject": false
                        }, 
                        {
                            "childIds": [
                                "seg-1.1.9"
                            ], 
                            "headIds": [
                                "seg-1.1.9"
                            ], 
                            "id": "m-3", 
                            "zeroSubject": false
                        }, 
                        {
                            "childIds": [
                                "seg-1.1.14", 
                                "seg-1.1.15"
                            ], 
                            "headIds": [
                                "seg-1.1.14"
                            ], 
                            "id": "m-4", 
                            "zeroSubject": false
                        }, 
                        {
                            "childIds": [
                                "seg-1.1.17", 
                                "seg-1.1.18"
                            ], 
                            "headIds": [
                                "seg-1.1.17"
                            ], 
                            "id": "m-5", 
                            "zeroSubject": false
                        }, 
                        {
                            "childIds": [
                                "seg-1.1.23"
                            ], 
                            "headIds": [
                                "seg-1.1.23"
                            ], 
                            "id": "m-6", 
                            "zeroSubject": false
                        }, 
                        {
                            "childIds": [
                                "seg-1.1.22", 
                                "seg-1.1.23"
                            ], 
                            "headIds": [
                                "seg-1.1.22"
                            ], 
                            "id": "m-7", 
                            "zeroSubject": false
                        }, 
                        {
                            "childIds": [
                                "seg-1.1.26"
                            ], 
                            "headIds": [
                                "seg-1.1.26"
                            ], 
                            "id": "m-8", 
                            "zeroSubject": false
                        }, 
                        {
                            "childIds": [
                                "seg-1.1.24", 
                                "seg-1.1.25", 
                                "seg-1.1.26", 
                                "seg-1.1.27"
                            ], 
                            "headIds": [
                                "seg-1.1.25"
                            ], 
                            "id": "m-9", 
                            "zeroSubject": false
                        }, 
                        {
                            "childIds": [
                                "seg-1.1.8", 
                                "seg-1.1.9", 
                                "seg-1.1.10", 
                                "seg-1.1.11", 
                                "seg-1.1.12", 
                                "seg-1.1.13", 
                                "seg-1.1.14", 
                                "seg-1.1.15", 
                                "seg-1.1.16", 
                                "seg-1.1.17", 
                                "seg-1.1.18", 
                                "seg-1.1.19", 
                                "seg-1.1.20", 
                                "seg-1.1.21", 
                                "seg-1.1.22", 
                                "seg-1.1.23", 
                                "seg-1.1.24", 
                                "seg-1.1.25", 
                                "seg-1.1.26", 
                                "seg-1.1.27"
                            ], 
                            "headIds": [
                                "seg-1.1.8"
                            ], 
                            "id": "m-10", 
                            "zeroSubject": false
                        }
                    ], 
                    "names": [
                        {
                            "base": "", 
                            "childIds": [
                                "seg-1.1.17", 
                                "seg-1.1.18"
                            ], 
                            "id": "ne.s-1.1.0", 
                            "orth": "Fundacj\u0119 Rodzi\u0107", 
                            "subtype": "", 
                            "type": "orgName"
                        }
                    ], 
                    "rejectedTokens": [], 
                    "sentimentTags": [], 
                    "tokens": [
                        {
                            "candidateInterpretations": [
                                {
                                    "base": "do", 
                                    "ctag": "prep", 
                                    "msd": "gen"
                                }
                            ], 
                            "chosenInterpretation": {
                                "base": "do", 
                                "ctag": "prep", 
                                "msd": "gen"
                            }, 
                            "id": "seg-1.1.0", 
                            "interpretations": [
                                {
                                    "base": "do", 
                                    "ctag": "prep", 
                                    "msd": "gen"
                                }
                            ], 
                            "noPrecedingSpace": false, 
                            "offset": 3, 
                            "orth": "Do"
                        }, 
                        {
                            "candidateInterpretations": [
                                {
                                    "base": "wywo\u0142ywa\u0107", 
                                    "ctag": "ppas", 
                                    "msd": "sg:gen:m3:imperf:aff"
                                }
                            ], 
                            "chosenInterpretation": {
                                "base": "wywo\u0142ywa\u0107", 
                                "ctag": "ppas", 
                                "msd": "sg:gen:m3:imperf:aff"
                            }, 
                            "id": "seg-1.1.1", 
                            "interpretations": [
                                {
                                    "base": "wywo\u0142ywa\u0107", 
                                    "ctag": "ppas", 
                                    "msd": "sg:gen:m3:imperf:aff"
                                }
                            ], 
                            "noPrecedingSpace": false, 
                            "offset": 6, 
                            "orth": "wywo\u0142ywanego"
                        }, 
                        {
                            "candidateInterpretations": [
                                {
                                    "base": "por\u00f3d", 
                                    "ctag": "subst", 
                                    "msd": "sg:gen:m3"
                                }
                            ], 
                            "chosenInterpretation": {
                                "base": "por\u00f3d", 
                                "ctag": "subst", 
                                "msd": "sg:gen:m3"
                            }, 
                            "id": "seg-1.1.2", 
                            "interpretations": [
                                {
                                    "base": "por\u00f3d", 
                                    "ctag": "subst", 
                                    "msd": "sg:gen:m3"
                                }
                            ], 
                            "noPrecedingSpace": false, 
                            "offset": 19, 
                            "orth": "porodu"
                        }, 
                        {
                            "candidateInterpretations": [
                                {
                                    "base": "b\u0105d\u017a", 
                                    "ctag": "conj", 
                                    "msd": ""
                                }
                            ], 
                            "chosenInterpretation": {
                                "base": "b\u0105d\u017a", 
                                "ctag": "conj", 
                                "msd": ""
                            }, 
                            "id": "seg-1.1.3", 
                            "interpretations": [
                                {
                                    "base": "b\u0105d\u017a", 
                                    "ctag": "conj", 
                                    "msd": ""
                                }
                            ], 
                            "noPrecedingSpace": false, 
                            "offset": 26, 
                            "orth": "b\u0105d\u017a"
                        }, 
                        {
                            "candidateInterpretations": [
                                {
                                    "base": "por\u00f3d", 
                                    "ctag": "subst", 
                                    "msd": "sg:gen:m3"
                                }
                            ], 
                            "chosenInterpretation": {
                                "base": "por\u00f3d", 
                                "ctag": "subst", 
                                "msd": "sg:gen:m3"
                            }, 
                            "id": "seg-1.1.4", 
                            "interpretations": [
                                {
                                    "base": "por\u00f3d", 
                                    "ctag": "subst", 
                                    "msd": "sg:gen:m3"
                                }
                            ], 
                            "noPrecedingSpace": false, 
                            "offset": 31, 
                            "orth": "porodu"
                        }, 
                        {
                            "candidateInterpretations": [
                                {
                                    "base": "przyspieszony", 
                                    "ctag": "adj", 
                                    "msd": "sg:gen:m3:pos"
                                }
                            ], 
                            "chosenInterpretation": {
                                "base": "przyspieszony", 
                                "ctag": "adj", 
                                "msd": "sg:gen:m3:pos"
                            }, 
                            "id": "seg-1.1.5", 
                            "interpretations": [
                                {
                                    "base": "przyspieszony", 
                                    "ctag": "adj", 
                                    "msd": "sg:gen:m3:pos"
                                }
                            ], 
                            "noPrecedingSpace": false, 
                            "offset": 38, 
                            "orth": "przyspieszonego"
                        }, 
                        {
                            "candidateInterpretations": [
                                {
                                    "base": "przyzna\u0107", 
                                    "ctag": "praet", 
                                    "msd": "sg:f:perf"
                                }
                            ], 
                            "chosenInterpretation": {
                                "base": "przyzna\u0107", 
                                "ctag": "praet", 
                                "msd": "sg:f:perf"
                            }, 
                            "id": "seg-1.1.6", 
                            "interpretations": [
                                {
                                    "base": "przyzna\u0107", 
                                    "ctag": "praet", 
                                    "msd": "sg:f:perf"
                                }
                            ], 
                            "noPrecedingSpace": false, 
                            "offset": 54, 
                            "orth": "przyzna\u0142a"
                        }, 
                        {
                            "candidateInterpretations": [
                                {
                                    "base": "si\u0119", 
                                    "ctag": "qub", 
                                    "msd": ""
                                }
                            ], 
                            "chosenInterpretation": {
                                "base": "si\u0119", 
                                "ctag": "qub", 
                                "msd": ""
                            }, 
                            "id": "seg-1.1.7", 
                            "interpretations": [
                                {
                                    "base": "si\u0119", 
                                    "ctag": "qub", 
                                    "msd": ""
                                }
                            ], 
                            "noPrecedingSpace": false, 
                            "offset": 64, 
                            "orth": "si\u0119"
                        }, 
                        {
                            "candidateInterpretations": [
                                {
                                    "base": "po\u0142owa", 
                                    "ctag": "subst", 
                                    "msd": "sg:nom:f"
                                }
                            ], 
                            "chosenInterpretation": {
                                "base": "po\u0142owa", 
                                "ctag": "subst", 
                                "msd": "sg:nom:f"
                            }, 
                            "id": "seg-1.1.8", 
                            "interpretations": [
                                {
                                    "base": "po\u0142owa", 
                                    "ctag": "subst", 
                                    "msd": "sg:nom:f"
                                }
                            ], 
                            "noPrecedingSpace": false, 
                            "offset": 68, 
                            "orth": "po\u0142owa"
                        }, 
                        {
                            "candidateInterpretations": [
                                {
                                    "base": "kobieta", 
                                    "ctag": "subst", 
                                    "msd": "pl:gen:f"
                                }
                            ], 
                            "chosenInterpretation": {
                                "base": "kobieta", 
                                "ctag": "subst", 
                                "msd": "pl:gen:f"
                            }, 
                            "id": "seg-1.1.9", 
                            "interpretations": [
                                {
                                    "base": "kobieta", 
                                    "ctag": "subst", 
                                    "msd": "pl:gen:f"
                                }
                            ], 
                            "noPrecedingSpace": false, 
                            "offset": 75, 
                            "orth": "kobiet"
                        }, 
                        {
                            "candidateInterpretations": [
                                {
                                    "base": ",", 
                                    "ctag": "interp", 
                                    "msd": ""
                                }
                            ], 
                            "chosenInterpretation": {
                                "base": ",", 
                                "ctag": "interp", 
                                "msd": ""
                            }, 
                            "id": "seg-1.1.10", 
                            "interpretations": [
                                {
                                    "base": ",", 
                                    "ctag": "interp", 
                                    "msd": ""
                                }
                            ], 
                            "noPrecedingSpace": true, 
                            "offset": 81, 
                            "orth": ","
                        }, 
                        {
                            "candidateInterpretations": [
                                {
                                    "base": "kt\u00f3ry", 
                                    "ctag": "adj", 
                                    "msd": "sg:nom:f:pos"
                                }
                            ], 
                            "chosenInterpretation": {
                                "base": "kt\u00f3ry", 
                                "ctag": "adj", 
                                "msd": "sg:nom:f:pos"
                            }, 
                            "id": "seg-1.1.11", 
                            "interpretations": [
                                {
                                    "base": "kt\u00f3ry", 
                                    "ctag": "adj", 
                                    "msd": "sg:nom:f:pos"
                                }
                            ], 
                            "noPrecedingSpace": false, 
                            "offset": 83, 
                            "orth": "kt\u00f3ra"
                        }, 
                        {
                            "candidateInterpretations": [
                                {
                                    "base": "odpowiedzie\u0107", 
                                    "ctag": "praet", 
                                    "msd": "sg:f:perf"
                                }
                            ], 
                            "chosenInterpretation": {
                                "base": "odpowiedzie\u0107", 
                                "ctag": "praet", 
                                "msd": "sg:f:perf"
                            }, 
                            "id": "seg-1.1.12", 
                            "interpretations": [
                                {
                                    "base": "odpowiedzie\u0107", 
                                    "ctag": "praet", 
                                    "msd": "sg:f:perf"
                                }
                            ], 
                            "noPrecedingSpace": false, 
                            "offset": 89, 
                            "orth": "odpowiedzia\u0142a"
                        }, 
                        {
                            "candidateInterpretations": [
                                {
                                    "base": "na", 
                                    "ctag": "prep", 
                                    "msd": "acc"
                                }
                            ], 
                            "chosenInterpretation": {
                                "base": "na", 
                                "ctag": "prep", 
                                "msd": "acc"
                            }, 
                            "id": "seg-1.1.13", 
                            "interpretations": [
                                {
                                    "base": "na", 
                                    "ctag": "prep", 
                                    "msd": "acc"
                                }
                            ], 
                            "noPrecedingSpace": false, 
                            "offset": 103, 
                            "orth": "na"
                        }, 
                        {
                            "candidateInterpretations": [
                                {
                                    "base": "ankieta", 
                                    "ctag": "subst", 
                                    "msd": "sg:acc:f"
                                }
                            ], 
                            "chosenInterpretation": {
                                "base": "ankieta", 
                                "ctag": "subst", 
                                "msd": "sg:acc:f"
                            }, 
                            "id": "seg-1.1.14", 
                            "interpretations": [
                                {
                                    "base": "ankieta", 
                                    "ctag": "subst", 
                                    "msd": "sg:acc:f"
                                }
                            ], 
                            "noPrecedingSpace": false, 
                            "offset": 106, 
                            "orth": "ankiet\u0119"
                        }, 
                        {
                            "candidateInterpretations": [
                                {
                                    "base": "przeprowadzi\u0107", 
                                    "ctag": "ppas", 
                                    "msd": "sg:acc:f:perf:aff"
                                }
                            ], 
                            "chosenInterpretation": {
                                "base": "przeprowadzi\u0107", 
                                "ctag": "ppas", 
                                "msd": "sg:acc:f:perf:aff"
                            }, 
                            "id": "seg-1.1.15", 
                            "interpretations": [
                                {
                                    "base": "przeprowadzi\u0107", 
                                    "ctag": "ppas", 
                                    "msd": "sg:acc:f:perf:aff"
                                }
                            ], 
                            "noPrecedingSpace": false, 
                            "offset": 114, 
                            "orth": "przeprowadzon\u0105"
                        }, 
                        {
                            "candidateInterpretations": [
                                {
                                    "base": "przez", 
                                    "ctag": "prep", 
                                    "msd": "acc:nwok"
                                }
                            ], 
                            "chosenInterpretation": {
                                "base": "przez", 
                                "ctag": "prep", 
                                "msd": "acc:nwok"
                            }, 
                            "id": "seg-1.1.16", 
                            "interpretations": [
                                {
                                    "base": "przez", 
                                    "ctag": "prep", 
                                    "msd": "acc:nwok"
                                }
                            ], 
                            "noPrecedingSpace": false, 
                            "offset": 129, 
                            "orth": "przez"
                        }, 
                        {
                            "candidateInterpretations": [
                                {
                                    "base": "fundacja", 
                                    "ctag": "subst", 
                                    "msd": "sg:acc:f"
                                }
                            ], 
                            "chosenInterpretation": {
                                "base": "fundacja", 
                                "ctag": "subst", 
                                "msd": "sg:acc:f"
                            }, 
                            "id": "seg-1.1.17", 
                            "interpretations": [
                                {
                                    "base": "fundacja", 
                                    "ctag": "subst", 
                                    "msd": "sg:acc:f"
                                }
                            ], 
                            "noPrecedingSpace": false, 
                            "offset": 135, 
                            "orth": "Fundacj\u0119"
                        }, 
                        {
                            "candidateInterpretations": [
                                {
                                    "base": "rodzi\u0107", 
                                    "ctag": "inf", 
                                    "msd": "imperf"
                                }
                            ], 
                            "chosenInterpretation": {
                                "base": "rodzi\u0107", 
                                "ctag": "inf", 
                                "msd": "imperf"
                            }, 
                            "id": "seg-1.1.18", 
                            "interpretations": [
                                {
                                    "base": "rodzi\u0107", 
                                    "ctag": "inf", 
                                    "msd": "imperf"
                                }
                            ], 
                            "noPrecedingSpace": false, 
                            "offset": 144, 
                            "orth": "Rodzi\u0107"
                        }, 
                        {
                            "candidateInterpretations": [
                                {
                                    "base": "po", 
                                    "ctag": "prep", 
                                    "msd": "acc"
                                }
                            ], 
                            "chosenInterpretation": {
                                "base": "po", 
                                "ctag": "prep", 
                                "msd": "acc"
                            }, 
                            "id": "seg-1.1.19", 
                            "interpretations": [
                                {
                                    "base": "po", 
                                    "ctag": "prep", 
                                    "msd": "acc"
                                }
                            ], 
                            "noPrecedingSpace": false, 
                            "offset": 151, 
                            "orth": "po"
                        }, 
                        {
                            "candidateInterpretations": [
                                {
                                    "base": "ludzki", 
                                    "ctag": "adjp", 
                                    "msd": ""
                                }
                            ], 
                            "chosenInterpretation": {
                                "base": "ludzki", 
                                "ctag": "adjp", 
                                "msd": ""
                            }, 
                            "id": "seg-1.1.20", 
                            "interpretations": [
                                {
                                    "base": "ludzki", 
                                    "ctag": "adjp", 
                                    "msd": ""
                                }
                            ], 
                            "noPrecedingSpace": false, 
                            "offset": 154, 
                            "orth": "ludzku"
                        }, 
                        {
                            "candidateInterpretations": [
                                {
                                    "base": "przy", 
                                    "ctag": "prep", 
                                    "msd": "loc"
                                }
                            ], 
                            "chosenInterpretation": {
                                "base": "przy", 
                                "ctag": "prep", 
                                "msd": "loc"
                            }, 
                            "id": "seg-1.1.21", 
                            "interpretations": [
                                {
                                    "base": "przy", 
                                    "ctag": "prep", 
                                    "msd": "loc"
                                }
                            ], 
                            "noPrecedingSpace": false, 
                            "offset": 161, 
                            "orth": "przy"
                        }, 
                        {
                            "candidateInterpretations": [
                                {
                                    "base": "wsp\u00f3\u0142praca", 
                                    "ctag": "subst", 
                                    "msd": "sg:loc:f"
                                }
                            ], 
                            "chosenInterpretation": {
                                "base": "wsp\u00f3\u0142praca", 
                                "ctag": "subst", 
                                "msd": "sg:loc:f"
                            }, 
                            "id": "seg-1.1.22", 
                            "interpretations": [
                                {
                                    "base": "wsp\u00f3\u0142praca", 
                                    "ctag": "subst", 
                                    "msd": "sg:loc:f"
                                }
                            ], 
                            "noPrecedingSpace": false, 
                            "offset": 166, 
                            "orth": "wsp\u00f3\u0142pracy"
                        }, 
                        {
                            "candidateInterpretations": [
                                {
                                    "base": "miesi\u0119cznik", 
                                    "ctag": "subst", 
                                    "msd": "sg:gen:m3"
                                }
                            ], 
                            "chosenInterpretation": {
                                "base": "miesi\u0119cznik", 
                                "ctag": "subst", 
                                "msd": "sg:gen:m3"
                            }, 
                            "id": "seg-1.1.23", 
                            "interpretations": [
                                {
                                    "base": "miesi\u0119cznik", 
                                    "ctag": "subst", 
                                    "msd": "sg:gen:m3"
                                }
                            ], 
                            "noPrecedingSpace": false, 
                            "offset": 177, 
                            "orth": "miesi\u0119cznika"
                        }, 
                        {
                            "candidateInterpretations": [
                                {
                                    "base": "\"", 
                                    "ctag": "interp", 
                                    "msd": ""
                                }
                            ], 
                            "chosenInterpretation": {
                                "base": "\"", 
                                "ctag": "interp", 
                                "msd": ""
                            }, 
                            "id": "seg-1.1.24", 
                            "interpretations": [
                                {
                                    "base": "\"", 
                                    "ctag": "interp", 
                                    "msd": ""
                                }
                            ], 
                            "noPrecedingSpace": false, 
                            "offset": 190, 
                            "orth": "\""
                        }, 
                        {
                            "candidateInterpretations": [
                                {
                                    "base": "tw\u00f3j", 
                                    "ctag": "adj", 
                                    "msd": "sg:nom:n:pos"
                                }
                            ], 
                            "chosenInterpretation": {
                                "base": "tw\u00f3j", 
                                "ctag": "adj", 
                                "msd": "sg:nom:n:pos"
                            }, 
                            "id": "seg-1.1.25", 
                            "interpretations": [
                                {
                                    "base": "tw\u00f3j", 
                                    "ctag": "adj", 
                                    "msd": "sg:nom:n:pos"
                                }
                            ], 
                            "noPrecedingSpace": true, 
                            "offset": 191, 
                            "orth": "Twoje"
                        }, 
                        {
                            "candidateInterpretations": [
                                {
                                    "base": "dziecko", 
                                    "ctag": "subst", 
                                    "msd": "sg:nom:n"
                                }
                            ], 
                            "chosenInterpretation": {
                                "base": "dziecko", 
                                "ctag": "subst", 
                                "msd": "sg:nom:n"
                            }, 
                            "id": "seg-1.1.26", 
                            "interpretations": [
                                {
                                    "base": "dziecko", 
                                    "ctag": "subst", 
                                    "msd": "sg:nom:n"
                                }
                            ], 
                            "noPrecedingSpace": false, 
                            "offset": 197, 
                            "orth": "Dziecko"
                        }, 
                        {
                            "candidateInterpretations": [
                                {
                                    "base": "\"", 
                                    "ctag": "interp", 
                                    "msd": ""
                                }
                            ], 
                            "chosenInterpretation": {
                                "base": "\"", 
                                "ctag": "interp", 
                                "msd": ""
                            }, 
                            "id": "seg-1.1.27", 
                            "interpretations": [
                                {
                                    "base": "\"", 
                                    "ctag": "interp", 
                                    "msd": ""
                                }
                            ], 
                            "noPrecedingSpace": true, 
                            "offset": 204, 
                            "orth": "\""
                        }, 
                        {
                            "candidateInterpretations": [
                                {
                                    "base": ".", 
                                    "ctag": "interp", 
                                    "msd": ""
                                }
                            ], 
                            "chosenInterpretation": {
                                "base": ".", 
                                "ctag": "interp", 
                                "msd": ""
                            }, 
                            "id": "seg-1.1.28", 
                            "interpretations": [
                                {
                                    "base": ".", 
                                    "ctag": "interp", 
                                    "msd": ""
                                }
                            ], 
                            "noPrecedingSpace": true, 
                            "offset": 205, 
                            "orth": "."
                        }
                    ], 
                    "words": [
                        {
                            "candidateInterpretations": [
                                {
                                    "base": "do", 
                                    "ctag": "Prep", 
                                    "msd": "gen"
                                }
                            ], 
                            "childIds": [
                                "seg-1.1.0"
                            ], 
                            "chosenInterpretation": {
                                "base": "do", 
                                "ctag": "Prep", 
                                "msd": "gen"
                            }, 
                            "id": "words_a4213a", 
                            "orth": "Do", 
                            "rule": "prep -> Prep"
                        }, 
                        {
                            "candidateInterpretations": [
                                {
                                    "base": "wywo\u0142ywa\u0107", 
                                    "ctag": "Ppas", 
                                    "msd": "sg:gen:m3:imperf:nrefl:aff"
                                }
                            ], 
                            "childIds": [
                                "seg-1.1.1"
                            ], 
                            "chosenInterpretation": {
                                "base": "wywo\u0142ywa\u0107", 
                                "ctag": "Ppas", 
                                "msd": "sg:gen:m3:imperf:nrefl:aff"
                            }, 
                            "id": "words_a4212f", 
                            "orth": "wywo\u0142ywanego", 
                            "rule": "ppas -> Ppas"
                        }, 
                        {
                            "candidateInterpretations": [
                                {
                                    "base": "por\u00f3d", 
                                    "ctag": "Noun", 
                                    "msd": "sg:gen:m3"
                                }
                            ], 
                            "childIds": [
                                "seg-1.1.2"
                            ], 
                            "chosenInterpretation": {
                                "base": "por\u00f3d", 
                                "ctag": "Noun", 
                                "msd": "sg:gen:m3"
                            }, 
                            "id": "words_a4213e", 
                            "orth": "porodu", 
                            "rule": "subst|depr|ger -> Noun"
                        }, 
                        {
                            "candidateInterpretations": [
                                {
                                    "base": "b\u0105d\u017a", 
                                    "ctag": "Conj", 
                                    "msd": ""
                                }
                            ], 
                            "childIds": [
                                "seg-1.1.3"
                            ], 
                            "chosenInterpretation": {
                                "base": "b\u0105d\u017a", 
                                "ctag": "Conj", 
                                "msd": ""
                            }, 
                            "id": "words_a42135", 
                            "orth": "b\u0105d\u017a", 
                            "rule": "conj -> Conj"
                        }, 
                        {
                            "candidateInterpretations": [
                                {
                                    "base": "por\u00f3d", 
                                    "ctag": "Noun", 
                                    "msd": "sg:gen:m3"
                                }
                            ], 
                            "childIds": [
                                "seg-1.1.4"
                            ], 
                            "chosenInterpretation": {
                                "base": "por\u00f3d", 
                                "ctag": "Noun", 
                                "msd": "sg:gen:m3"
                            }, 
                            "id": "words_a4213f", 
                            "orth": "porodu", 
                            "rule": "subst|depr|ger -> Noun"
                        }, 
                        {
                            "candidateInterpretations": [
                                {
                                    "base": "przyspieszony", 
                                    "ctag": "Adj", 
                                    "msd": "sg:gen:m3:pos"
                                }
                            ], 
                            "childIds": [
                                "seg-1.1.5"
                            ], 
                            "chosenInterpretation": {
                                "base": "przyspieszony", 
                                "ctag": "Adj", 
                                "msd": "sg:gen:m3:pos"
                            }, 
                            "id": "words_a42132", 
                            "orth": "przyspieszonego", 
                            "rule": "adj -> Adj"
                        }, 
                        {
                            "candidateInterpretations": [
                                {
                                    "base": "przyzna\u0107 si\u0119", 
                                    "ctag": "Verbfin", 
                                    "msd": "sg:ter:past:ind:perf:refl:aff:f"
                                }
                            ], 
                            "childIds": [
                                "words_a4212c", 
                                "seg-1.1.7"
                            ], 
                            "chosenInterpretation": {
                                "base": "przyzna\u0107 si\u0119", 
                                "ctag": "Verbfin", 
                                "msd": "sg:ter:past:ind:perf:refl:aff:f"
                            }, 
                            "id": "words_a42131", 
                            "orth": "przyzna\u0142a si\u0119", 
                            "rule": "zwrotno\u015b\u0107 dla czasownik\u00f3w, imies\u0142ow\u00f3w itp. (1)"
                        }, 
                        {
                            "candidateInterpretations": [
                                {
                                    "base": "przyzna\u0107", 
                                    "ctag": "Verbfin", 
                                    "msd": "sg:ter:past:ind:perf:nrefl:aff:f"
                                }
                            ], 
                            "childIds": [
                                "seg-1.1.6"
                            ], 
                            "chosenInterpretation": {
                                "base": "przyzna\u0107", 
                                "ctag": "Verbfin", 
                                "msd": "sg:ter:past:ind:perf:nrefl:aff:f"
                            }, 
                            "id": "words_a4212c", 
                            "orth": "przyzna\u0142a", 
                            "rule": "praet -> Verbfin"
                        }, 
                        {
                            "candidateInterpretations": [
                                {
                                    "base": "po\u0142owa", 
                                    "ctag": "Noun", 
                                    "msd": "sg:nom:f"
                                }
                            ], 
                            "childIds": [
                                "seg-1.1.8"
                            ], 
                            "chosenInterpretation": {
                                "base": "po\u0142owa", 
                                "ctag": "Noun", 
                                "msd": "sg:nom:f"
                            }, 
                            "id": "words_a42140", 
                            "orth": "po\u0142owa", 
                            "rule": "subst|depr|ger -> Noun"
                        }, 
                        {
                            "candidateInterpretations": [
                                {
                                    "base": "kobieta", 
                                    "ctag": "Noun", 
                                    "msd": "pl:gen:f"
                                }
                            ], 
                            "childIds": [
                                "seg-1.1.9"
                            ], 
                            "chosenInterpretation": {
                                "base": "kobieta", 
                                "ctag": "Noun", 
                                "msd": "pl:gen:f"
                            }, 
                            "id": "words_a42141", 
                            "orth": "kobiet", 
                            "rule": "subst|depr|ger -> Noun"
                        }, 
                        {
                            "candidateInterpretations": [
                                {
                                    "base": ",", 
                                    "ctag": "Interp", 
                                    "msd": ""
                                }
                            ], 
                            "childIds": [
                                "seg-1.1.10"
                            ], 
                            "chosenInterpretation": {
                                "base": ",", 
                                "ctag": "Interp", 
                                "msd": ""
                            }, 
                            "id": "words_a42136", 
                            "orth": ",", 
                            "rule": "interp -> Interp"
                        }, 
                        {
                            "candidateInterpretations": [
                                {
                                    "base": "kt\u00f3ry", 
                                    "ctag": "Adj", 
                                    "msd": "sg:nom:f:pos"
                                }
                            ], 
                            "childIds": [
                                "seg-1.1.11"
                            ], 
                            "chosenInterpretation": {
                                "base": "kt\u00f3ry", 
                                "ctag": "Adj", 
                                "msd": "sg:nom:f:pos"
                            }, 
                            "id": "words_a42133", 
                            "orth": "kt\u00f3ra", 
                            "rule": "adj -> Adj"
                        }, 
                        {
                            "candidateInterpretations": [
                                {
                                    "base": "odpowiedzie\u0107", 
                                    "ctag": "Verbfin", 
                                    "msd": "sg:ter:past:ind:perf:nrefl:aff:f"
                                }
                            ], 
                            "childIds": [
                                "seg-1.1.12"
                            ], 
                            "chosenInterpretation": {
                                "base": "odpowiedzie\u0107", 
                                "ctag": "Verbfin", 
                                "msd": "sg:ter:past:ind:perf:nrefl:aff:f"
                            }, 
                            "id": "words_a4212d", 
                            "orth": "odpowiedzia\u0142a", 
                            "rule": "praet -> Verbfin"
                        }, 
                        {
                            "candidateInterpretations": [
                                {
                                    "base": "na", 
                                    "ctag": "Prep", 
                                    "msd": "acc"
                                }
                            ], 
                            "childIds": [
                                "seg-1.1.13"
                            ], 
                            "chosenInterpretation": {
                                "base": "na", 
                                "ctag": "Prep", 
                                "msd": "acc"
                            }, 
                            "id": "words_a4213b", 
                            "orth": "na", 
                            "rule": "prep -> Prep"
                        }, 
                        {
                            "candidateInterpretations": [
                                {
                                    "base": "ankieta", 
                                    "ctag": "Noun", 
                                    "msd": "sg:acc:f"
                                }
                            ], 
                            "childIds": [
                                "seg-1.1.14"
                            ], 
                            "chosenInterpretation": {
                                "base": "ankieta", 
                                "ctag": "Noun", 
                                "msd": "sg:acc:f"
                            }, 
                            "id": "words_a42142", 
                            "orth": "ankiet\u0119", 
                            "rule": "subst|depr|ger -> Noun"
                        }, 
                        {
                            "candidateInterpretations": [
                                {
                                    "base": "przeprowadzi\u0107", 
                                    "ctag": "Ppas", 
                                    "msd": "sg:acc:f:perf:nrefl:aff"
                                }
                            ], 
                            "childIds": [
                                "seg-1.1.15"
                            ], 
                            "chosenInterpretation": {
                                "base": "przeprowadzi\u0107", 
                                "ctag": "Ppas", 
                                "msd": "sg:acc:f:perf:nrefl:aff"
                            }, 
                            "id": "words_a42130", 
                            "orth": "przeprowadzon\u0105", 
                            "rule": "ppas -> Ppas"
                        }, 
                        {
                            "candidateInterpretations": [
                                {
                                    "base": "przez", 
                                    "ctag": "Prep", 
                                    "msd": "acc:nwok"
                                }
                            ], 
                            "childIds": [
                                "seg-1.1.16"
                            ], 
                            "chosenInterpretation": {
                                "base": "przez", 
                                "ctag": "Prep", 
                                "msd": "acc:nwok"
                            }, 
                            "id": "words_a4213c", 
                            "orth": "przez", 
                            "rule": "prep -> Prep"
                        }, 
                        {
                            "candidateInterpretations": [
                                {
                                    "base": "fundacja", 
                                    "ctag": "Noun", 
                                    "msd": "sg:acc:f"
                                }
                            ], 
                            "childIds": [
                                "seg-1.1.17"
                            ], 
                            "chosenInterpretation": {
                                "base": "fundacja", 
                                "ctag": "Noun", 
                                "msd": "sg:acc:f"
                            }, 
                            "id": "words_a42143", 
                            "orth": "Fundacj\u0119", 
                            "rule": "subst|depr|ger -> Noun"
                        }, 
                        {
                            "candidateInterpretations": [
                                {
                                    "base": "rodzi\u0107", 
                                    "ctag": "Inf", 
                                    "msd": "imperf:nrefl:aff"
                                }
                            ], 
                            "childIds": [
                                "seg-1.1.18"
                            ], 
                            "chosenInterpretation": {
                                "base": "rodzi\u0107", 
                                "ctag": "Inf", 
                                "msd": "imperf:nrefl:aff"
                            }, 
                            "id": "words_a4212e", 
                            "orth": "Rodzi\u0107", 
                            "rule": "inf -> Inf"
                        }, 
                        {
                            "candidateInterpretations": [
                                {
                                    "base": "po ludzku", 
                                    "ctag": "Adv", 
                                    "msd": ""
                                }
                            ], 
                            "childIds": [
                                "seg-1.1.19", 
                                "seg-1.1.20"
                            ], 
                            "chosenInterpretation": {
                                "base": "po ludzku", 
                                "ctag": "Adv", 
                                "msd": ""
                            }, 
                            "id": "words_a4212b", 
                            "orth": "po ludzku", 
                            "rule": "frazeo: po -u"
                        }, 
                        {
                            "candidateInterpretations": [
                                {
                                    "base": "przy", 
                                    "ctag": "Prep", 
                                    "msd": "loc"
                                }
                            ], 
                            "childIds": [
                                "seg-1.1.21"
                            ], 
                            "chosenInterpretation": {
                                "base": "przy", 
                                "ctag": "Prep", 
                                "msd": "loc"
                            }, 
                            "id": "words_a4213d", 
                            "orth": "przy", 
                            "rule": "prep -> Prep"
                        }, 
                        {
                            "candidateInterpretations": [
                                {
                                    "base": "wsp\u00f3\u0142praca", 
                                    "ctag": "Noun", 
                                    "msd": "sg:loc:f"
                                }
                            ], 
                            "childIds": [
                                "seg-1.1.22"
                            ], 
                            "chosenInterpretation": {
                                "base": "wsp\u00f3\u0142praca", 
                                "ctag": "Noun", 
                                "msd": "sg:loc:f"
                            }, 
                            "id": "words_a42144", 
                            "orth": "wsp\u00f3\u0142pracy", 
                            "rule": "subst|depr|ger -> Noun"
                        }, 
                        {
                            "candidateInterpretations": [
                                {
                                    "base": "miesi\u0119cznik", 
                                    "ctag": "Noun", 
                                    "msd": "sg:gen:m3"
                                }
                            ], 
                            "childIds": [
                                "seg-1.1.23"
                            ], 
                            "chosenInterpretation": {
                                "base": "miesi\u0119cznik", 
                                "ctag": "Noun", 
                                "msd": "sg:gen:m3"
                            }, 
                            "id": "words_a42145", 
                            "orth": "miesi\u0119cznika", 
                            "rule": "subst|depr|ger -> Noun"
                        }, 
                        {
                            "candidateInterpretations": [
                                {
                                    "base": "\"", 
                                    "ctag": "Interp", 
                                    "msd": ""
                                }
                            ], 
                            "childIds": [
                                "seg-1.1.24"
                            ], 
                            "chosenInterpretation": {
                                "base": "\"", 
                                "ctag": "Interp", 
                                "msd": ""
                            }, 
                            "id": "words_a42137", 
                            "orth": "\"", 
                            "rule": "interp -> Interp"
                        }, 
                        {
                            "candidateInterpretations": [
                                {
                                    "base": "tw\u00f3j", 
                                    "ctag": "Adj", 
                                    "msd": "sg:nom:n:pos"
                                }
                            ], 
                            "childIds": [
                                "seg-1.1.25"
                            ], 
                            "chosenInterpretation": {
                                "base": "tw\u00f3j", 
                                "ctag": "Adj", 
                                "msd": "sg:nom:n:pos"
                            }, 
                            "id": "words_a42134", 
                            "orth": "Twoje", 
                            "rule": "adj -> Adj"
                        }, 
                        {
                            "candidateInterpretations": [
                                {
                                    "base": "dziecko", 
                                    "ctag": "Noun", 
                                    "msd": "sg:nom:n"
                                }
                            ], 
                            "childIds": [
                                "seg-1.1.26"
                            ], 
                            "chosenInterpretation": {
                                "base": "dziecko", 
                                "ctag": "Noun", 
                                "msd": "sg:nom:n"
                            }, 
                            "id": "words_a42146", 
                            "orth": "Dziecko", 
                            "rule": "subst|depr|ger -> Noun"
                        }, 
                        {
                            "candidateInterpretations": [
                                {
                                    "base": "\"", 
                                    "ctag": "Interp", 
                                    "msd": ""
                                }
                            ], 
                            "childIds": [
                                "seg-1.1.27"
                            ], 
                            "chosenInterpretation": {
                                "base": "\"", 
                                "ctag": "Interp", 
                                "msd": ""
                            }, 
                            "id": "words_a42138", 
                            "orth": "\"", 
                            "rule": "interp -> Interp"
                        }, 
                        {
                            "candidateInterpretations": [
                                {
                                    "base": ".", 
                                    "ctag": "Interp", 
                                    "msd": ""
                                }
                            ], 
                            "childIds": [
                                "seg-1.1.28"
                            ], 
                            "chosenInterpretation": {
                                "base": ".", 
                                "ctag": "Interp", 
                                "msd": ""
                            }, 
                            "id": "words_a42139", 
                            "orth": ".", 
                            "rule": "interp -> Interp"
                        }
                    ]
                }, 
                {
                    "dependencyParse": [], 
                    "groups": [
                        {
                            "childIds": [
                                "groups_a42163", 
                                "groups_a42164"
                            ], 
                            "id": "groups_a42165", 
                            "orth": "po\u0142owa kobiet", 
                            "rule": "NG2: NG + NG(gen) nie przed NG(gen) i nie przed koordynacj\u0105", 
                            "semanticHeadId": "words_a42161", 
                            "syntacticHeadId": "words_a42161", 
                            "type": "NG2"
                        }, 
                        {
                            "childIds": [
                                "words_a42161"
                            ], 
                            "id": "groups_a42163", 
                            "orth": "po\u0142owa", 
                            "rule": "(Qub) + Noun", 
                            "semanticHeadId": "words_a42161", 
                            "syntacticHeadId": "words_a42161", 
                            "type": "NG"
                        }, 
                        {
                            "childIds": [
                                "words_a42162"
                            ], 
                            "id": "groups_a42164", 
                            "orth": "kobiet", 
                            "rule": "(Qub) + Noun", 
                            "semanticHeadId": "words_a42162", 
                            "syntacticHeadId": "words_a42162", 
                            "type": "NG"
                        }
                    ], 
                    "id": "s-1.2", 
                    "mentions": [
                        {
                            "childIds": [
                                "seg-1.2.4"
                            ], 
                            "headIds": [
                                "seg-1.2.4"
                            ], 
                            "id": "m-11", 
                            "zeroSubject": false
                        }, 
                        {
                            "childIds": [
                                "seg-1.2.3", 
                                "seg-1.2.4"
                            ], 
                            "headIds": [
                                "seg-1.2.3"
                            ], 
                            "id": "m-12", 
                            "zeroSubject": false
                        }
                    ], 
                    "names": [], 
                    "rejectedTokens": [], 
                    "sentimentTags": [], 
                    "tokens": [
                        {
                            "candidateInterpretations": [
                                {
                                    "base": "wynika\u0107", 
                                    "ctag": "fin", 
                                    "msd": "sg:ter:imperf"
                                }
                            ], 
                            "chosenInterpretation": {
                                "base": "wynika\u0107", 
                                "ctag": "fin", 
                                "msd": "sg:ter:imperf"
                            }, 
                            "id": "seg-1.2.0", 
                            "interpretations": [
                                {
                                    "base": "wynika\u0107", 
                                    "ctag": "fin", 
                                    "msd": "sg:ter:imperf"
                                }
                            ], 
                            "noPrecedingSpace": false, 
                            "offset": 208, 
                            "orth": "wynika"
                        }, 
                        {
                            "candidateInterpretations": [
                                {
                                    "base": ",", 
                                    "ctag": "interp", 
                                    "msd": ""
                                }
                            ], 
                            "chosenInterpretation": {
                                "base": ",", 
                                "ctag": "interp", 
                                "msd": ""
                            }, 
                            "id": "seg-1.2.1", 
                            "interpretations": [
                                {
                                    "base": ",", 
                                    "ctag": "interp", 
                                    "msd": ""
                                }
                            ], 
                            "noPrecedingSpace": true, 
                            "offset": 214, 
                            "orth": ","
                        }, 
                        {
                            "candidateInterpretations": [
                                {
                                    "base": "\u017ce", 
                                    "ctag": "comp", 
                                    "msd": ""
                                }
                            ], 
                            "chosenInterpretation": {
                                "base": "\u017ce", 
                                "ctag": "comp", 
                                "msd": ""
                            }, 
                            "id": "seg-1.2.2", 
                            "interpretations": [
                                {
                                    "base": "\u017ce", 
                                    "ctag": "comp", 
                                    "msd": ""
                                }
                            ], 
                            "noPrecedingSpace": false, 
                            "offset": 216, 
                            "orth": "\u017ce"
                        }, 
                        {
                            "candidateInterpretations": [
                                {
                                    "base": "po\u0142owa", 
                                    "ctag": "subst", 
                                    "msd": "sg:nom:f"
                                }
                            ], 
                            "chosenInterpretation": {
                                "base": "po\u0142owa", 
                                "ctag": "subst", 
                                "msd": "sg:nom:f"
                            }, 
                            "id": "seg-1.2.3", 
                            "interpretations": [
                                {
                                    "base": "po\u0142owa", 
                                    "ctag": "subst", 
                                    "msd": "sg:nom:f"
                                }
                            ], 
                            "noPrecedingSpace": false, 
                            "offset": 219, 
                            "orth": "po\u0142owa"
                        }, 
                        {
                            "candidateInterpretations": [
                                {
                                    "base": "kobieta", 
                                    "ctag": "subst", 
                                    "msd": "pl:gen:f"
                                }
                            ], 
                            "chosenInterpretation": {
                                "base": "kobieta", 
                                "ctag": "subst", 
                                "msd": "pl:gen:f"
                            }, 
                            "id": "seg-1.2.4", 
                            "interpretations": [
                                {
                                    "base": "kobieta", 
                                    "ctag": "subst", 
                                    "msd": "pl:gen:f"
                                }
                            ], 
                            "noPrecedingSpace": false, 
                            "offset": 226, 
                            "orth": "kobiet"
                        }, 
                        {
                            "candidateInterpretations": [
                                {
                                    "base": ".", 
                                    "ctag": "interp", 
                                    "msd": ""
                                }
                            ], 
                            "chosenInterpretation": {
                                "base": ".", 
                                "ctag": "interp", 
                                "msd": ""
                            }, 
                            "id": "seg-1.2.5", 
                            "interpretations": [
                                {
                                    "base": ".", 
                                    "ctag": "interp", 
                                    "msd": ""
                                }
                            ], 
                            "noPrecedingSpace": true, 
                            "offset": 232, 
                            "orth": "."
                        }
                    ], 
                    "words": [
                        {
                            "candidateInterpretations": [
                                {
                                    "base": "wynika\u0107", 
                                    "ctag": "Verbfin", 
                                    "msd": "sg:ter:pres:ind:imperf:nrefl:aff"
                                }
                            ], 
                            "childIds": [
                                "seg-1.2.0"
                            ], 
                            "chosenInterpretation": {
                                "base": "wynika\u0107", 
                                "ctag": "Verbfin", 
                                "msd": "sg:ter:pres:ind:imperf:nrefl:aff"
                            }, 
                            "id": "words_a4215d", 
                            "orth": "wynika", 
                            "rule": "fin imperf -> Verbfin"
                        }, 
                        {
                            "candidateInterpretations": [
                                {
                                    "base": ",", 
                                    "ctag": "Interp", 
                                    "msd": ""
                                }
                            ], 
                            "childIds": [
                                "seg-1.2.1"
                            ], 
                            "chosenInterpretation": {
                                "base": ",", 
                                "ctag": "Interp", 
                                "msd": ""
                            }, 
                            "id": "words_a4215f", 
                            "orth": ",", 
                            "rule": "interp -> Interp"
                        }, 
                        {
                            "candidateInterpretations": [
                                {
                                    "base": "\u017ce", 
                                    "ctag": "Comp", 
                                    "msd": ""
                                }
                            ], 
                            "childIds": [
                                "seg-1.2.2"
                            ], 
                            "chosenInterpretation": {
                                "base": "\u017ce", 
                                "ctag": "Comp", 
                                "msd": ""
                            }, 
                            "id": "words_a4215e", 
                            "orth": "\u017ce", 
                            "rule": "comp -> Comp"
                        }, 
                        {
                            "candidateInterpretations": [
                                {
                                    "base": "po\u0142owa", 
                                    "ctag": "Noun", 
                                    "msd": "sg:nom:f"
                                }
                            ], 
                            "childIds": [
                                "seg-1.2.3"
                            ], 
                            "chosenInterpretation": {
                                "base": "po\u0142owa", 
                                "ctag": "Noun", 
                                "msd": "sg:nom:f"
                            }, 
                            "id": "words_a42161", 
                            "orth": "po\u0142owa", 
                            "rule": "subst|depr|ger -> Noun"
                        }, 
                        {
                            "candidateInterpretations": [
                                {
                                    "base": "kobieta", 
                                    "ctag": "Noun", 
                                    "msd": "pl:gen:f"
                                }
                            ], 
                            "childIds": [
                                "seg-1.2.4"
                            ], 
                            "chosenInterpretation": {
                                "base": "kobieta", 
                                "ctag": "Noun", 
                                "msd": "pl:gen:f"
                            }, 
                            "id": "words_a42162", 
                            "orth": "kobiet", 
                            "rule": "subst|depr|ger -> Noun"
                        }, 
                        {
                            "candidateInterpretations": [
                                {
                                    "base": ".", 
                                    "ctag": "Interp", 
                                    "msd": ""
                                }
                            ], 
                            "childIds": [
                                "seg-1.2.5"
                            ], 
                            "chosenInterpretation": {
                                "base": ".", 
                                "ctag": "Interp", 
                                "msd": ""
                            }, 
                            "id": "words_a42160", 
                            "orth": ".", 
                            "rule": "interp -> Interp"
                        }
                    ]
                }
            ], 
            "text": "   Do wywo\u0142ywanego porodu b\u0105d\u017a porodu przyspieszonego przyzna\u0142a si\u0119 po\u0142owa kobiet, kt\u00f3ra odpowiedzia\u0142a na ankiet\u0119 przeprowadzon\u0105 przez Fundacj\u0119 Rodzi\u0107 po ludzku przy wsp\u00f3\u0142pracy miesi\u0119cznika \"Twoje Dziecko\".  wynika, \u017ce po\u0142owa kobiet."
        }
    ], 
    "summary": "", 
    "textHeader": {
        "distributor": "Multiservice", 
        "id": "", 
        "processingDuration": 801, 
        "publicationTime": 1553561811244, 
        "retrievedFrom": "", 
        "sourceDescText": "", 
        "title": ""
    }
}