{
    "annotationDetails": {
        "hasMorphosyntaxDisambiguated": true, 
        "hasMorphosyntaxPartiallyDisambiguated": true, 
        "hasSegmentsDisambiguated": true
    }, 
    "annotationHeaders": {
        "0": {
            "distributor": "Pantera", 
            "id": "", 
            "processingDuration": 53, 
            "publicationTime": 1553562095171, 
            "retrievedFrom": "", 
            "sourceDescText": "", 
            "title": ""
        }, 
        "1": {
            "distributor": "Pantera; modified by Spejd", 
            "id": "", 
            "processingDuration": 80, 
            "publicationTime": 1553562095171, 
            "retrievedFrom": "", 
            "sourceDescText": "", 
            "title": ""
        }, 
        "2": {
            "distributor": "Spejd", 
            "id": "", 
            "processingDuration": 27, 
            "publicationTime": 1553562095171, 
            "retrievedFrom": "", 
            "sourceDescText": "", 
            "title": ""
        }, 
        "3": {
            "distributor": "Spejd", 
            "id": "", 
            "processingDuration": 27, 
            "publicationTime": 1553562095171, 
            "retrievedFrom": "", 
            "sourceDescText": "", 
            "title": ""
        }, 
        "4": {
            "distributor": "Nerf", 
            "id": "", 
            "processingDuration": 27, 
            "publicationTime": 1553562095171, 
            "retrievedFrom": "", 
            "sourceDescText": "", 
            "title": ""
        }, 
        "7": {
            "distributor": "MentionDetector", 
            "id": null, 
            "processingDuration": 2, 
            "publicationTime": 1553562095171, 
            "retrievedFrom": null, 
            "sourceDescText": null, 
            "title": null
        }, 
        "8": {
            "distributor": "Bartek", 
            "id": null, 
            "processingDuration": 3, 
            "publicationTime": 1553562095171, 
            "retrievedFrom": null, 
            "sourceDescText": null, 
            "title": null
        }
    }, 
    "coreferences": [
        {
            "dominant": "sw\u0119dzie\u0107", 
            "id": "c-0", 
            "mentionIds": [
                "m-0"
            ], 
            "sourceMentionId": null, 
            "type": "ident"
        }, 
        {
            "dominant": "r\u00f3\u017cny rozmiar", 
            "id": "c-1", 
            "mentionIds": [
                "m-1"
            ], 
            "sourceMentionId": null, 
            "type": "ident"
        }, 
        {
            "dominant": "kilka godzina", 
            "id": "c-2", 
            "mentionIds": [
                "m-2"
            ], 
            "sourceMentionId": null, 
            "type": "ident"
        }, 
        {
            "dominant": "zmiana", 
            "id": "c-3", 
            "mentionIds": [
                "m-3"
            ], 
            "sourceMentionId": null, 
            "type": "ident"
        }, 
        {
            "dominant": "ma\u015b\u0107 \u0142agodz\u0105cy", 
            "id": "c-4", 
            "mentionIds": [
                "m-4"
            ], 
            "sourceMentionId": null, 
            "type": "ident"
        }, 
        {
            "dominant": "sw\u0119dzenie", 
            "id": "c-5", 
            "mentionIds": [
                "m-5"
            ], 
            "sourceMentionId": null, 
            "type": "ident"
        }, 
        {
            "dominant": "potencjalny alergen", 
            "id": "c-6", 
            "mentionIds": [
                "m-6"
            ], 
            "sourceMentionId": null, 
            "type": "ident"
        }
    ], 
    "paragraphs": [
        {
            "id": "p-1", 
            "sentences": [
                {
                    "dependencyParse": [], 
                    "groups": [
                        {
                            "childIds": [
                                "words_a45f3c", 
                                "words_a45f48"
                            ], 
                            "id": "groups_a45f50", 
                            "orth": "r\u00f3\u017cne rozmiary", 
                            "rule": "NGa: (Qub) + Adj + (Qub) + (Adv) + Noun + (Adj)", 
                            "semanticHeadId": "words_a45f48", 
                            "syntacticHeadId": "words_a45f48", 
                            "type": "NGa"
                        }, 
                        {
                            "childIds": [
                                "words_a45f3d"
                            ], 
                            "id": "groups_a45f55", 
                            "orth": "Niekt\u00f3re", 
                            "rule": "(Qub) + Adj", 
                            "semanticHeadId": "words_a45f3d", 
                            "syntacticHeadId": "words_a45f3d", 
                            "type": "AdjG"
                        }, 
                        {
                            "childIds": [
                                "words_a45f47", 
                                "groups_a45f4f"
                            ], 
                            "id": "groups_a45f56", 
                            "orth": "po kilku godzinach", 
                            "rule": "PrepNG: Prep + NG", 
                            "semanticHeadId": "words_a45f49", 
                            "syntacticHeadId": "words_a45f47", 
                            "type": "PrepNG"
                        }, 
                        {
                            "childIds": [
                                "words_a45f4e", 
                                "words_a45f49"
                            ], 
                            "id": "groups_a45f4f", 
                            "orth": "kilku godzinach", 
                            "rule": "NGl: (Qub|Adv) + (Adj) + Num + (n*Adj) + Noun + (Adj) (zgoda)", 
                            "semanticHeadId": "words_a45f49", 
                            "syntacticHeadId": "words_a45f4e", 
                            "type": "NGl"
                        }, 
                        {
                            "childIds": [
                                "words_a45f4a"
                            ], 
                            "id": "groups_a45f53", 
                            "orth": "Zmiany", 
                            "rule": "(Qub) + Noun", 
                            "semanticHeadId": "words_a45f4a", 
                            "syntacticHeadId": "words_a45f4a", 
                            "type": "NG"
                        }, 
                        {
                            "childIds": [
                                "words_a45f4b", 
                                "words_a45f3e"
                            ], 
                            "id": "groups_a45f52", 
                            "orth": "ma\u015bci\u0105 \u0142agodz\u0105c\u0105", 
                            "rule": "NGa: Noun + (Adv) + n*Adj nGen nNom", 
                            "semanticHeadId": "words_a45f4b", 
                            "syntacticHeadId": "words_a45f4b", 
                            "type": "NGa"
                        }, 
                        {
                            "childIds": [
                                "words_a45f4c"
                            ], 
                            "id": "groups_a45f54", 
                            "orth": "sw\u0119dzenie", 
                            "rule": "(Qub) + Noun", 
                            "semanticHeadId": "words_a45f4c", 
                            "syntacticHeadId": "words_a45f4c", 
                            "type": "NG"
                        }, 
                        {
                            "childIds": [
                                "words_a45f3f", 
                                "words_a45f4d"
                            ], 
                            "id": "groups_a45f51", 
                            "orth": "potencjalne alergeny", 
                            "rule": "NGa: (Qub) + Adj + (Qub) + (Adv) + Noun + (Adj)", 
                            "semanticHeadId": "words_a45f4d", 
                            "syntacticHeadId": "words_a45f4d", 
                            "type": "NGa"
                        }
                    ], 
                    "id": "s-1.1", 
                    "mentions": [
                        {
                            "childIds": [
                                "seg-1.1.1"
                            ], 
                            "headIds": [
                                "seg-1.1.1"
                            ], 
                            "id": "m-0", 
                            "zeroSubject": true
                        }, 
                        {
                            "childIds": [
                                "seg-1.1.4", 
                                "seg-1.1.5"
                            ], 
                            "headIds": [
                                "seg-1.1.5"
                            ], 
                            "id": "m-1", 
                            "zeroSubject": false
                        }, 
                        {
                            "childIds": [
                                "seg-1.1.9", 
                                "seg-1.1.10"
                            ], 
                            "headIds": [
                                "seg-1.1.10"
                            ], 
                            "id": "m-2", 
                            "zeroSubject": false
                        }, 
                        {
                            "childIds": [
                                "seg-1.1.13"
                            ], 
                            "headIds": [
                                "seg-1.1.13"
                            ], 
                            "id": "m-3", 
                            "zeroSubject": false
                        }, 
                        {
                            "childIds": [
                                "seg-1.1.16", 
                                "seg-1.1.17"
                            ], 
                            "headIds": [
                                "seg-1.1.16"
                            ], 
                            "id": "m-4", 
                            "zeroSubject": false
                        }, 
                        {
                            "childIds": [
                                "seg-1.1.18"
                            ], 
                            "headIds": [
                                "seg-1.1.18"
                            ], 
                            "id": "m-5", 
                            "zeroSubject": false
                        }, 
                        {
                            "childIds": [
                                "seg-1.1.23", 
                                "seg-1.1.24"
                            ], 
                            "headIds": [
                                "seg-1.1.24"
                            ], 
                            "id": "m-6", 
                            "zeroSubject": false
                        }
                    ], 
                    "names": [], 
                    "rejectedTokens": [], 
                    "sentimentTags": [], 
                    "tokens": [
                        {
                            "candidateInterpretations": [
                                {
                                    "base": "mocno", 
                                    "ctag": "adv", 
                                    "msd": "pos"
                                }
                            ], 
                            "chosenInterpretation": {
                                "base": "mocno", 
                                "ctag": "adv", 
                                "msd": "pos"
                            }, 
                            "id": "seg-1.1.0", 
                            "interpretations": [
                                {
                                    "base": "mocno", 
                                    "ctag": "adv", 
                                    "msd": "pos"
                                }
                            ], 
                            "noPrecedingSpace": false, 
                            "offset": 1, 
                            "orth": "Mocno"
                        }, 
                        {
                            "candidateInterpretations": [
                                {
                                    "base": "sw\u0119dzie\u0107", 
                                    "ctag": "fin", 
                                    "msd": "pl:ter:imperf"
                                }
                            ], 
                            "chosenInterpretation": {
                                "base": "sw\u0119dzie\u0107", 
                                "ctag": "fin", 
                                "msd": "pl:ter:imperf"
                            }, 
                            "id": "seg-1.1.1", 
                            "interpretations": [
                                {
                                    "base": "sw\u0119dzie\u0107", 
                                    "ctag": "fin", 
                                    "msd": "pl:ter:imperf"
                                }
                            ], 
                            "noPrecedingSpace": false, 
                            "offset": 7, 
                            "orth": "sw\u0119dz\u0105"
                        }, 
                        {
                            "candidateInterpretations": [
                                {
                                    "base": "i", 
                                    "ctag": "conj", 
                                    "msd": ""
                                }
                            ], 
                            "chosenInterpretation": {
                                "base": "i", 
                                "ctag": "conj", 
                                "msd": ""
                            }, 
                            "id": "seg-1.1.2", 
                            "interpretations": [
                                {
                                    "base": "i", 
                                    "ctag": "conj", 
                                    "msd": ""
                                }
                            ], 
                            "noPrecedingSpace": false, 
                            "offset": 14, 
                            "orth": "i"
                        }, 
                        {
                            "candidateInterpretations": [
                                {
                                    "base": "mai\u0107", 
                                    "ctag": "fin", 
                                    "msd": "pl:ter:imperf"
                                }
                            ], 
                            "chosenInterpretation": {
                                "base": "mai\u0107", 
                                "ctag": "fin", 
                                "msd": "pl:ter:imperf"
                            }, 
                            "id": "seg-1.1.3", 
                            "interpretations": [
                                {
                                    "base": "mai\u0107", 
                                    "ctag": "fin", 
                                    "msd": "pl:ter:imperf"
                                }
                            ], 
                            "noPrecedingSpace": false, 
                            "offset": 16, 
                            "orth": "maj\u0105"
                        }, 
                        {
                            "candidateInterpretations": [
                                {
                                    "base": "r\u00f3\u017cny", 
                                    "ctag": "adj", 
                                    "msd": "pl:acc:m3:pos"
                                }
                            ], 
                            "chosenInterpretation": {
                                "base": "r\u00f3\u017cny", 
                                "ctag": "adj", 
                                "msd": "pl:acc:m3:pos"
                            }, 
                            "id": "seg-1.1.4", 
                            "interpretations": [
                                {
                                    "base": "r\u00f3\u017cny", 
                                    "ctag": "adj", 
                                    "msd": "pl:acc:m3:pos"
                                }
                            ], 
                            "noPrecedingSpace": false, 
                            "offset": 21, 
                            "orth": "r\u00f3\u017cne"
                        }, 
                        {
                            "candidateInterpretations": [
                                {
                                    "base": "rozmiar", 
                                    "ctag": "subst", 
                                    "msd": "pl:acc:m3"
                                }
                            ], 
                            "chosenInterpretation": {
                                "base": "rozmiar", 
                                "ctag": "subst", 
                                "msd": "pl:acc:m3"
                            }, 
                            "id": "seg-1.1.5", 
                            "interpretations": [
                                {
                                    "base": "rozmiar", 
                                    "ctag": "subst", 
                                    "msd": "pl:acc:m3"
                                }
                            ], 
                            "noPrecedingSpace": false, 
                            "offset": 27, 
                            "orth": "rozmiary"
                        }, 
                        {
                            "candidateInterpretations": [
                                {
                                    "base": ".", 
                                    "ctag": "interp", 
                                    "msd": ""
                                }
                            ], 
                            "chosenInterpretation": {
                                "base": ".", 
                                "ctag": "interp", 
                                "msd": ""
                            }, 
                            "id": "seg-1.1.6", 
                            "interpretations": [
                                {
                                    "base": ".", 
                                    "ctag": "interp", 
                                    "msd": ""
                                }
                            ], 
                            "noPrecedingSpace": true, 
                            "offset": 35, 
                            "orth": "."
                        }, 
                        {
                            "candidateInterpretations": [
                                {
                                    "base": "niekt\u00f3ry", 
                                    "ctag": "adj", 
                                    "msd": "pl:nom:m3:pos"
                                }
                            ], 
                            "chosenInterpretation": {
                                "base": "niekt\u00f3ry", 
                                "ctag": "adj", 
                                "msd": "pl:nom:m3:pos"
                            }, 
                            "id": "seg-1.1.7", 
                            "interpretations": [
                                {
                                    "base": "niekt\u00f3ry", 
                                    "ctag": "adj", 
                                    "msd": "pl:nom:m3:pos"
                                }
                            ], 
                            "noPrecedingSpace": false, 
                            "offset": 38, 
                            "orth": "Niekt\u00f3re"
                        }, 
                        {
                            "candidateInterpretations": [
                                {
                                    "base": "po", 
                                    "ctag": "prep", 
                                    "msd": "loc"
                                }
                            ], 
                            "chosenInterpretation": {
                                "base": "po", 
                                "ctag": "prep", 
                                "msd": "loc"
                            }, 
                            "id": "seg-1.1.8", 
                            "interpretations": [
                                {
                                    "base": "po", 
                                    "ctag": "prep", 
                                    "msd": "loc"
                                }
                            ], 
                            "noPrecedingSpace": false, 
                            "offset": 47, 
                            "orth": "po"
                        }, 
                        {
                            "candidateInterpretations": [
                                {
                                    "base": "kilka", 
                                    "ctag": "num", 
                                    "msd": "pl:loc:f:congr"
                                }
                            ], 
                            "chosenInterpretation": {
                                "base": "kilka", 
                                "ctag": "num", 
                                "msd": "pl:loc:f:congr"
                            }, 
                            "id": "seg-1.1.9", 
                            "interpretations": [
                                {
                                    "base": "kilka", 
                                    "ctag": "num", 
                                    "msd": "pl:loc:f:congr"
                                }
                            ], 
                            "noPrecedingSpace": false, 
                            "offset": 50, 
                            "orth": "kilku"
                        }, 
                        {
                            "candidateInterpretations": [
                                {
                                    "base": "godzina", 
                                    "ctag": "subst", 
                                    "msd": "pl:loc:f"
                                }
                            ], 
                            "chosenInterpretation": {
                                "base": "godzina", 
                                "ctag": "subst", 
                                "msd": "pl:loc:f"
                            }, 
                            "id": "seg-1.1.10", 
                            "interpretations": [
                                {
                                    "base": "godzina", 
                                    "ctag": "subst", 
                                    "msd": "pl:loc:f"
                                }
                            ], 
                            "noPrecedingSpace": false, 
                            "offset": 56, 
                            "orth": "godzinach"
                        }, 
                        {
                            "candidateInterpretations": [
                                {
                                    "base": "znika\u0107", 
                                    "ctag": "fin", 
                                    "msd": "pl:ter:imperf"
                                }
                            ], 
                            "chosenInterpretation": {
                                "base": "znika\u0107", 
                                "ctag": "fin", 
                                "msd": "pl:ter:imperf"
                            }, 
                            "id": "seg-1.1.11", 
                            "interpretations": [
                                {
                                    "base": "znika\u0107", 
                                    "ctag": "fin", 
                                    "msd": "pl:ter:imperf"
                                }
                            ], 
                            "noPrecedingSpace": false, 
                            "offset": 66, 
                            "orth": "znikaj\u0105"
                        }, 
                        {
                            "candidateInterpretations": [
                                {
                                    "base": ".", 
                                    "ctag": "interp", 
                                    "msd": ""
                                }
                            ], 
                            "chosenInterpretation": {
                                "base": ".", 
                                "ctag": "interp", 
                                "msd": ""
                            }, 
                            "id": "seg-1.1.12", 
                            "interpretations": [
                                {
                                    "base": ".", 
                                    "ctag": "interp", 
                                    "msd": ""
                                }
                            ], 
                            "noPrecedingSpace": true, 
                            "offset": 73, 
                            "orth": "."
                        }, 
                        {
                            "candidateInterpretations": [
                                {
                                    "base": "zmiana", 
                                    "ctag": "subst", 
                                    "msd": "pl:acc:f"
                                }
                            ], 
                            "chosenInterpretation": {
                                "base": "zmiana", 
                                "ctag": "subst", 
                                "msd": "pl:acc:f"
                            }, 
                            "id": "seg-1.1.13", 
                            "interpretations": [
                                {
                                    "base": "zmiana", 
                                    "ctag": "subst", 
                                    "msd": "pl:acc:f"
                                }
                            ], 
                            "noPrecedingSpace": false, 
                            "offset": 76, 
                            "orth": "Zmiany"
                        }, 
                        {
                            "candidateInterpretations": [
                                {
                                    "base": "trzeba", 
                                    "ctag": "pred", 
                                    "msd": ""
                                }
                            ], 
                            "chosenInterpretation": {
                                "base": "trzeba", 
                                "ctag": "pred", 
                                "msd": ""
                            }, 
                            "id": "seg-1.1.14", 
                            "interpretations": [
                                {
                                    "base": "trzeba", 
                                    "ctag": "pred", 
                                    "msd": ""
                                }
                            ], 
                            "noPrecedingSpace": false, 
                            "offset": 83, 
                            "orth": "trzeba"
                        }, 
                        {
                            "candidateInterpretations": [
                                {
                                    "base": "smarowa\u0107", 
                                    "ctag": "inf", 
                                    "msd": "imperf"
                                }
                            ], 
                            "chosenInterpretation": {
                                "base": "smarowa\u0107", 
                                "ctag": "inf", 
                                "msd": "imperf"
                            }, 
                            "id": "seg-1.1.15", 
                            "interpretations": [
                                {
                                    "base": "smarowa\u0107", 
                                    "ctag": "inf", 
                                    "msd": "imperf"
                                }
                            ], 
                            "noPrecedingSpace": false, 
                            "offset": 90, 
                            "orth": "smarowa\u0107"
                        }, 
                        {
                            "candidateInterpretations": [
                                {
                                    "base": "ma\u015b\u0107", 
                                    "ctag": "subst", 
                                    "msd": "sg:inst:f"
                                }
                            ], 
                            "chosenInterpretation": {
                                "base": "ma\u015b\u0107", 
                                "ctag": "subst", 
                                "msd": "sg:inst:f"
                            }, 
                            "id": "seg-1.1.16", 
                            "interpretations": [
                                {
                                    "base": "ma\u015b\u0107", 
                                    "ctag": "subst", 
                                    "msd": "sg:inst:f"
                                }
                            ], 
                            "noPrecedingSpace": false, 
                            "offset": 99, 
                            "orth": "ma\u015bci\u0105"
                        }, 
                        {
                            "candidateInterpretations": [
                                {
                                    "base": "\u0142agodz\u0105cy", 
                                    "ctag": "adj", 
                                    "msd": "sg:inst:f:pos"
                                }
                            ], 
                            "chosenInterpretation": {
                                "base": "\u0142agodz\u0105cy", 
                                "ctag": "adj", 
                                "msd": "sg:inst:f:pos"
                            }, 
                            "id": "seg-1.1.17", 
                            "interpretations": [
                                {
                                    "base": "\u0142agodz\u0105cy", 
                                    "ctag": "adj", 
                                    "msd": "sg:inst:f:pos"
                                }
                            ], 
                            "noPrecedingSpace": false, 
                            "offset": 106, 
                            "orth": "\u0142agodz\u0105c\u0105"
                        }, 
                        {
                            "candidateInterpretations": [
                                {
                                    "base": "sw\u0119dzenie", 
                                    "ctag": "subst", 
                                    "msd": "sg:nom:n"
                                }
                            ], 
                            "chosenInterpretation": {
                                "base": "sw\u0119dzenie", 
                                "ctag": "subst", 
                                "msd": "sg:nom:n"
                            }, 
                            "id": "seg-1.1.18", 
                            "interpretations": [
                                {
                                    "base": "sw\u0119dzenie", 
                                    "ctag": "subst", 
                                    "msd": "sg:nom:n"
                                }
                            ], 
                            "noPrecedingSpace": false, 
                            "offset": 116, 
                            "orth": "sw\u0119dzenie"
                        }, 
                        {
                            "candidateInterpretations": [
                                {
                                    "base": ".", 
                                    "ctag": "interp", 
                                    "msd": ""
                                }
                            ], 
                            "chosenInterpretation": {
                                "base": ".", 
                                "ctag": "interp", 
                                "msd": ""
                            }, 
                            "id": "seg-1.1.19", 
                            "interpretations": [
                                {
                                    "base": ".", 
                                    "ctag": "interp", 
                                    "msd": ""
                                }
                            ], 
                            "noPrecedingSpace": true, 
                            "offset": 125, 
                            "orth": "."
                        }, 
                        {
                            "candidateInterpretations": [
                                {
                                    "base": "nale\u017ce\u0107", 
                                    "ctag": "fin", 
                                    "msd": "sg:ter:imperf"
                                }
                            ], 
                            "chosenInterpretation": {
                                "base": "nale\u017ce\u0107", 
                                "ctag": "fin", 
                                "msd": "sg:ter:imperf"
                            }, 
                            "id": "seg-1.1.20", 
                            "interpretations": [
                                {
                                    "base": "nale\u017ce\u0107", 
                                    "ctag": "fin", 
                                    "msd": "sg:ter:imperf"
                                }
                            ], 
                            "noPrecedingSpace": false, 
                            "offset": 128, 
                            "orth": "Nale\u017cy"
                        }, 
                        {
                            "candidateInterpretations": [
                                {
                                    "base": "te\u017c", 
                                    "ctag": "qub", 
                                    "msd": ""
                                }
                            ], 
                            "chosenInterpretation": {
                                "base": "te\u017c", 
                                "ctag": "qub", 
                                "msd": ""
                            }, 
                            "id": "seg-1.1.21", 
                            "interpretations": [
                                {
                                    "base": "te\u017c", 
                                    "ctag": "qub", 
                                    "msd": ""
                                }
                            ], 
                            "noPrecedingSpace": false, 
                            "offset": 135, 
                            "orth": "te\u017c"
                        }, 
                        {
                            "candidateInterpretations": [
                                {
                                    "base": "wyeliminowa\u0107", 
                                    "ctag": "inf", 
                                    "msd": "perf"
                                }
                            ], 
                            "chosenInterpretation": {
                                "base": "wyeliminowa\u0107", 
                                "ctag": "inf", 
                                "msd": "perf"
                            }, 
                            "id": "seg-1.1.22", 
                            "interpretations": [
                                {
                                    "base": "wyeliminowa\u0107", 
                                    "ctag": "inf", 
                                    "msd": "perf"
                                }
                            ], 
                            "noPrecedingSpace": false, 
                            "offset": 139, 
                            "orth": "wyeliminowa\u0107"
                        }, 
                        {
                            "candidateInterpretations": [
                                {
                                    "base": "potencjalny", 
                                    "ctag": "adj", 
                                    "msd": "pl:acc:m3:pos"
                                }
                            ], 
                            "chosenInterpretation": {
                                "base": "potencjalny", 
                                "ctag": "adj", 
                                "msd": "pl:acc:m3:pos"
                            }, 
                            "id": "seg-1.1.23", 
                            "interpretations": [
                                {
                                    "base": "potencjalny", 
                                    "ctag": "adj", 
                                    "msd": "pl:acc:m3:pos"
                                }
                            ], 
                            "noPrecedingSpace": false, 
                            "offset": 152, 
                            "orth": "potencjalne"
                        }, 
                        {
                            "candidateInterpretations": [
                                {
                                    "base": "alergen", 
                                    "ctag": "subst", 
                                    "msd": "pl:acc:m3"
                                }
                            ], 
                            "chosenInterpretation": {
                                "base": "alergen", 
                                "ctag": "subst", 
                                "msd": "pl:acc:m3"
                            }, 
                            "id": "seg-1.1.24", 
                            "interpretations": [
                                {
                                    "base": "alergen", 
                                    "ctag": "subst", 
                                    "msd": "pl:acc:m3"
                                }
                            ], 
                            "noPrecedingSpace": false, 
                            "offset": 164, 
                            "orth": "alergeny"
                        }, 
                        {
                            "candidateInterpretations": [
                                {
                                    "base": ".", 
                                    "ctag": "interp", 
                                    "msd": ""
                                }
                            ], 
                            "chosenInterpretation": {
                                "base": ".", 
                                "ctag": "interp", 
                                "msd": ""
                            }, 
                            "id": "seg-1.1.25", 
                            "interpretations": [
                                {
                                    "base": ".", 
                                    "ctag": "interp", 
                                    "msd": ""
                                }
                            ], 
                            "noPrecedingSpace": true, 
                            "offset": 172, 
                            "orth": "."
                        }
                    ], 
                    "words": [
                        {
                            "candidateInterpretations": [
                                {
                                    "base": "mocno", 
                                    "ctag": "Adv", 
                                    "msd": "pos"
                                }
                            ], 
                            "childIds": [
                                "seg-1.1.0"
                            ], 
                            "chosenInterpretation": {
                                "base": "mocno", 
                                "ctag": "Adv", 
                                "msd": "pos"
                            }, 
                            "id": "words_a45f40", 
                            "orth": "Mocno", 
                            "rule": "adv -> Adv"
                        }, 
                        {
                            "candidateInterpretations": [
                                {
                                    "base": "sw\u0119dzie\u0107", 
                                    "ctag": "Verbfin", 
                                    "msd": "pl:ter:pres:ind:imperf:nrefl:aff"
                                }
                            ], 
                            "childIds": [
                                "seg-1.1.1"
                            ], 
                            "chosenInterpretation": {
                                "base": "sw\u0119dzie\u0107", 
                                "ctag": "Verbfin", 
                                "msd": "pl:ter:pres:ind:imperf:nrefl:aff"
                            }, 
                            "id": "words_a45f35", 
                            "orth": "sw\u0119dz\u0105", 
                            "rule": "fin imperf -> Verbfin"
                        }, 
                        {
                            "candidateInterpretations": [
                                {
                                    "base": "i", 
                                    "ctag": "Conj", 
                                    "msd": ""
                                }
                            ], 
                            "childIds": [
                                "seg-1.1.2"
                            ], 
                            "chosenInterpretation": {
                                "base": "i", 
                                "ctag": "Conj", 
                                "msd": ""
                            }, 
                            "id": "words_a45f41", 
                            "orth": "i", 
                            "rule": "conj -> Conj"
                        }, 
                        {
                            "candidateInterpretations": [
                                {
                                    "base": "mai\u0107", 
                                    "ctag": "Verbfin", 
                                    "msd": "pl:ter:pres:ind:imperf:nrefl:aff"
                                }
                            ], 
                            "childIds": [
                                "seg-1.1.3"
                            ], 
                            "chosenInterpretation": {
                                "base": "mai\u0107", 
                                "ctag": "Verbfin", 
                                "msd": "pl:ter:pres:ind:imperf:nrefl:aff"
                            }, 
                            "id": "words_a45f36", 
                            "orth": "maj\u0105", 
                            "rule": "fin imperf -> Verbfin"
                        }, 
                        {
                            "candidateInterpretations": [
                                {
                                    "base": "r\u00f3\u017cny", 
                                    "ctag": "Adj", 
                                    "msd": "pl:acc:m3:pos"
                                }
                            ], 
                            "childIds": [
                                "seg-1.1.4"
                            ], 
                            "chosenInterpretation": {
                                "base": "r\u00f3\u017cny", 
                                "ctag": "Adj", 
                                "msd": "pl:acc:m3:pos"
                            }, 
                            "id": "words_a45f3c", 
                            "orth": "r\u00f3\u017cne", 
                            "rule": "adj -> Adj"
                        }, 
                        {
                            "candidateInterpretations": [
                                {
                                    "base": "rozmiar", 
                                    "ctag": "Noun", 
                                    "msd": "pl:acc:m3"
                                }
                            ], 
                            "childIds": [
                                "seg-1.1.5"
                            ], 
                            "chosenInterpretation": {
                                "base": "rozmiar", 
                                "ctag": "Noun", 
                                "msd": "pl:acc:m3"
                            }, 
                            "id": "words_a45f48", 
                            "orth": "rozmiary", 
                            "rule": "subst|depr|ger -> Noun"
                        }, 
                        {
                            "candidateInterpretations": [
                                {
                                    "base": ".", 
                                    "ctag": "Interp", 
                                    "msd": ""
                                }
                            ], 
                            "childIds": [
                                "seg-1.1.6"
                            ], 
                            "chosenInterpretation": {
                                "base": ".", 
                                "ctag": "Interp", 
                                "msd": ""
                            }, 
                            "id": "words_a45f42", 
                            "orth": ".", 
                            "rule": "interp -> Interp"
                        }, 
                        {
                            "candidateInterpretations": [
                                {
                                    "base": "niekt\u00f3ry", 
                                    "ctag": "Adj", 
                                    "msd": "pl:nom:m3:pos"
                                }
                            ], 
                            "childIds": [
                                "seg-1.1.7"
                            ], 
                            "chosenInterpretation": {
                                "base": "niekt\u00f3ry", 
                                "ctag": "Adj", 
                                "msd": "pl:nom:m3:pos"
                            }, 
                            "id": "words_a45f3d", 
                            "orth": "Niekt\u00f3re", 
                            "rule": "adj -> Adj"
                        }, 
                        {
                            "candidateInterpretations": [
                                {
                                    "base": "po", 
                                    "ctag": "Prep", 
                                    "msd": "loc"
                                }
                            ], 
                            "childIds": [
                                "seg-1.1.8"
                            ], 
                            "chosenInterpretation": {
                                "base": "po", 
                                "ctag": "Prep", 
                                "msd": "loc"
                            }, 
                            "id": "words_a45f47", 
                            "orth": "po", 
                            "rule": "prep -> Prep"
                        }, 
                        {
                            "candidateInterpretations": [
                                {
                                    "base": "kilka", 
                                    "ctag": "Num", 
                                    "msd": "pl:loc:f:congr"
                                }
                            ], 
                            "childIds": [
                                "seg-1.1.9"
                            ], 
                            "chosenInterpretation": {
                                "base": "kilka", 
                                "ctag": "Num", 
                                "msd": "pl:loc:f:congr"
                            }, 
                            "id": "words_a45f4e", 
                            "orth": "kilku", 
                            "rule": "num -> Num"
                        }, 
                        {
                            "candidateInterpretations": [
                                {
                                    "base": "godzina", 
                                    "ctag": "Noun", 
                                    "msd": "pl:loc:f"
                                }
                            ], 
                            "childIds": [
                                "seg-1.1.10"
                            ], 
                            "chosenInterpretation": {
                                "base": "godzina", 
                                "ctag": "Noun", 
                                "msd": "pl:loc:f"
                            }, 
                            "id": "words_a45f49", 
                            "orth": "godzinach", 
                            "rule": "subst|depr|ger -> Noun"
                        }, 
                        {
                            "candidateInterpretations": [
                                {
                                    "base": "znika\u0107", 
                                    "ctag": "Verbfin", 
                                    "msd": "pl:ter:pres:ind:imperf:nrefl:aff"
                                }
                            ], 
                            "childIds": [
                                "seg-1.1.11"
                            ], 
                            "chosenInterpretation": {
                                "base": "znika\u0107", 
                                "ctag": "Verbfin", 
                                "msd": "pl:ter:pres:ind:imperf:nrefl:aff"
                            }, 
                            "id": "words_a45f37", 
                            "orth": "znikaj\u0105", 
                            "rule": "fin imperf -> Verbfin"
                        }, 
                        {
                            "candidateInterpretations": [
                                {
                                    "base": ".", 
                                    "ctag": "Interp", 
                                    "msd": ""
                                }
                            ], 
                            "childIds": [
                                "seg-1.1.12"
                            ], 
                            "chosenInterpretation": {
                                "base": ".", 
                                "ctag": "Interp", 
                                "msd": ""
                            }, 
                            "id": "words_a45f43", 
                            "orth": ".", 
                            "rule": "interp -> Interp"
                        }, 
                        {
                            "candidateInterpretations": [
                                {
                                    "base": "zmiana", 
                                    "ctag": "Noun", 
                                    "msd": "pl:acc:f"
                                }
                            ], 
                            "childIds": [
                                "seg-1.1.13"
                            ], 
                            "chosenInterpretation": {
                                "base": "zmiana", 
                                "ctag": "Noun", 
                                "msd": "pl:acc:f"
                            }, 
                            "id": "words_a45f4a", 
                            "orth": "Zmiany", 
                            "rule": "subst|depr|ger -> Noun"
                        }, 
                        {
                            "candidateInterpretations": [
                                {
                                    "base": "trzeba", 
                                    "ctag": "Pred", 
                                    "msd": "pres:ind:imperf:aff"
                                }
                            ], 
                            "childIds": [
                                "seg-1.1.14"
                            ], 
                            "chosenInterpretation": {
                                "base": "trzeba", 
                                "ctag": "Pred", 
                                "msd": "pres:ind:imperf:aff"
                            }, 
                            "id": "words_a45f3b", 
                            "orth": "trzeba", 
                            "rule": "pred -> Pred"
                        }, 
                        {
                            "candidateInterpretations": [
                                {
                                    "base": "smarowa\u0107", 
                                    "ctag": "Inf", 
                                    "msd": "imperf:nrefl:aff"
                                }
                            ], 
                            "childIds": [
                                "seg-1.1.15"
                            ], 
                            "chosenInterpretation": {
                                "base": "smarowa\u0107", 
                                "ctag": "Inf", 
                                "msd": "imperf:nrefl:aff"
                            }, 
                            "id": "words_a45f39", 
                            "orth": "smarowa\u0107", 
                            "rule": "inf -> Inf"
                        }, 
                        {
                            "candidateInterpretations": [
                                {
                                    "base": "ma\u015b\u0107", 
                                    "ctag": "Noun", 
                                    "msd": "sg:inst:f"
                                }
                            ], 
                            "childIds": [
                                "seg-1.1.16"
                            ], 
                            "chosenInterpretation": {
                                "base": "ma\u015b\u0107", 
                                "ctag": "Noun", 
                                "msd": "sg:inst:f"
                            }, 
                            "id": "words_a45f4b", 
                            "orth": "ma\u015bci\u0105", 
                            "rule": "subst|depr|ger -> Noun"
                        }, 
                        {
                            "candidateInterpretations": [
                                {
                                    "base": "\u0142agodz\u0105cy", 
                                    "ctag": "Adj", 
                                    "msd": "sg:inst:f:pos"
                                }
                            ], 
                            "childIds": [
                                "seg-1.1.17"
                            ], 
                            "chosenInterpretation": {
                                "base": "\u0142agodz\u0105cy", 
                                "ctag": "Adj", 
                                "msd": "sg:inst:f:pos"
                            }, 
                            "id": "words_a45f3e", 
                            "orth": "\u0142agodz\u0105c\u0105", 
                            "rule": "adj -> Adj"
                        }, 
                        {
                            "candidateInterpretations": [
                                {
                                    "base": "sw\u0119dzenie", 
                                    "ctag": "Noun", 
                                    "msd": "sg:nom:n"
                                }
                            ], 
                            "childIds": [
                                "seg-1.1.18"
                            ], 
                            "chosenInterpretation": {
                                "base": "sw\u0119dzenie", 
                                "ctag": "Noun", 
                                "msd": "sg:nom:n"
                            }, 
                            "id": "words_a45f4c", 
                            "orth": "sw\u0119dzenie", 
                            "rule": "subst|depr|ger -> Noun"
                        }, 
                        {
                            "candidateInterpretations": [
                                {
                                    "base": ".", 
                                    "ctag": "Interp", 
                                    "msd": ""
                                }
                            ], 
                            "childIds": [
                                "seg-1.1.19"
                            ], 
                            "chosenInterpretation": {
                                "base": ".", 
                                "ctag": "Interp", 
                                "msd": ""
                            }, 
                            "id": "words_a45f44", 
                            "orth": ".", 
                            "rule": "interp -> Interp"
                        }, 
                        {
                            "candidateInterpretations": [
                                {
                                    "base": "nale\u017ce\u0107", 
                                    "ctag": "Verbfin", 
                                    "msd": "sg:ter:pres:ind:imperf:nrefl:aff"
                                }
                            ], 
                            "childIds": [
                                "seg-1.1.20"
                            ], 
                            "chosenInterpretation": {
                                "base": "nale\u017ce\u0107", 
                                "ctag": "Verbfin", 
                                "msd": "sg:ter:pres:ind:imperf:nrefl:aff"
                            }, 
                            "id": "words_a45f38", 
                            "orth": "Nale\u017cy", 
                            "rule": "fin imperf -> Verbfin"
                        }, 
                        {
                            "candidateInterpretations": [
                                {
                                    "base": "te\u017c", 
                                    "ctag": "Qub", 
                                    "msd": ""
                                }
                            ], 
                            "childIds": [
                                "seg-1.1.21"
                            ], 
                            "chosenInterpretation": {
                                "base": "te\u017c", 
                                "ctag": "Qub", 
                                "msd": ""
                            }, 
                            "id": "words_a45f46", 
                            "orth": "te\u017c", 
                            "rule": "qub -> Qub"
                        }, 
                        {
                            "candidateInterpretations": [
                                {
                                    "base": "wyeliminowa\u0107", 
                                    "ctag": "Inf", 
                                    "msd": "perf:nrefl:aff"
                                }
                            ], 
                            "childIds": [
                                "seg-1.1.22"
                            ], 
                            "chosenInterpretation": {
                                "base": "wyeliminowa\u0107", 
                                "ctag": "Inf", 
                                "msd": "perf:nrefl:aff"
                            }, 
                            "id": "words_a45f3a", 
                            "orth": "wyeliminowa\u0107", 
                            "rule": "inf -> Inf"
                        }, 
                        {
                            "candidateInterpretations": [
                                {
                                    "base": "potencjalny", 
                                    "ctag": "Adj", 
                                    "msd": "pl:acc:m3:pos"
                                }
                            ], 
                            "childIds": [
                                "seg-1.1.23"
                            ], 
                            "chosenInterpretation": {
                                "base": "potencjalny", 
                                "ctag": "Adj", 
                                "msd": "pl:acc:m3:pos"
                            }, 
                            "id": "words_a45f3f", 
                            "orth": "potencjalne", 
                            "rule": "adj -> Adj"
                        }, 
                        {
                            "candidateInterpretations": [
                                {
                                    "base": "alergen", 
                                    "ctag": "Noun", 
                                    "msd": "pl:acc:m3"
                                }
                            ], 
                            "childIds": [
                                "seg-1.1.24"
                            ], 
                            "chosenInterpretation": {
                                "base": "alergen", 
                                "ctag": "Noun", 
                                "msd": "pl:acc:m3"
                            }, 
                            "id": "words_a45f4d", 
                            "orth": "alergeny", 
                            "rule": "subst|depr|ger -> Noun"
                        }, 
                        {
                            "candidateInterpretations": [
                                {
                                    "base": ".", 
                                    "ctag": "Interp", 
                                    "msd": ""
                                }
                            ], 
                            "childIds": [
                                "seg-1.1.25"
                            ], 
                            "chosenInterpretation": {
                                "base": ".", 
                                "ctag": "Interp", 
                                "msd": ""
                            }, 
                            "id": "words_a45f45", 
                            "orth": ".", 
                            "rule": "interp -> Interp"
                        }
                    ]
                }
            ], 
            "text": " Mocno sw\u0119dz\u0105 i maj\u0105 r\u00f3\u017cne rozmiary.  Niekt\u00f3re po kilku godzinach znikaj\u0105.  Zmiany trzeba smarowa\u0107 ma\u015bci\u0105 \u0142agodz\u0105c\u0105 sw\u0119dzenie.  Nale\u017cy te\u017c wyeliminowa\u0107 potencjalne alergeny."
        }
    ], 
    "summary": "", 
    "textHeader": {
        "distributor": "Multiservice", 
        "id": "", 
        "processingDuration": 882, 
        "publicationTime": 1553562095171, 
        "retrievedFrom": "", 
        "sourceDescText": "", 
        "title": ""
    }
}