{
    "annotationDetails": {
        "hasMorphosyntaxDisambiguated": true, 
        "hasMorphosyntaxPartiallyDisambiguated": true, 
        "hasSegmentsDisambiguated": true
    }, 
    "annotationHeaders": {
        "0": {
            "distributor": "Pantera", 
            "id": "", 
            "processingDuration": 107, 
            "publicationTime": 1553562701463, 
            "retrievedFrom": "", 
            "sourceDescText": "", 
            "title": ""
        }, 
        "1": {
            "distributor": "Pantera; modified by Spejd", 
            "id": "", 
            "processingDuration": 114, 
            "publicationTime": 1553562701463, 
            "retrievedFrom": "", 
            "sourceDescText": "", 
            "title": ""
        }, 
        "2": {
            "distributor": "Spejd", 
            "id": "", 
            "processingDuration": 7, 
            "publicationTime": 1553562701463, 
            "retrievedFrom": "", 
            "sourceDescText": "", 
            "title": ""
        }, 
        "3": {
            "distributor": "Spejd", 
            "id": "", 
            "processingDuration": 7, 
            "publicationTime": 1553562701463, 
            "retrievedFrom": "", 
            "sourceDescText": "", 
            "title": ""
        }, 
        "4": {
            "distributor": "Nerf", 
            "id": "", 
            "processingDuration": 41, 
            "publicationTime": 1553562701463, 
            "retrievedFrom": "", 
            "sourceDescText": "", 
            "title": ""
        }, 
        "7": {
            "distributor": "MentionDetector", 
            "id": null, 
            "processingDuration": 4, 
            "publicationTime": 1553562701463, 
            "retrievedFrom": null, 
            "sourceDescText": null, 
            "title": null
        }, 
        "8": {
            "distributor": "Bartek", 
            "id": null, 
            "processingDuration": 24, 
            "publicationTime": 1553562701463, 
            "retrievedFrom": null, 
            "sourceDescText": null, 
            "title": null
        }
    }, 
    "coreferences": [
        {
            "dominant": "czeka\u0107", 
            "id": "c-0", 
            "mentionIds": [
                "m-9", 
                "m-0"
            ], 
            "sourceMentionId": null, 
            "type": "ident"
        }, 
        {
            "dominant": "wyznaczy\u0107 dzie\u0144", 
            "id": "c-1", 
            "mentionIds": [
                "m-1"
            ], 
            "sourceMentionId": null, 
            "type": "ident"
        }, 
        {
            "dominant": "rejestrowa\u0107", 
            "id": "c-2", 
            "mentionIds": [
                "m-4", 
                "m-2", 
                "m-6"
            ], 
            "sourceMentionId": null, 
            "type": "ident"
        }, 
        {
            "dominant": "szpital", 
            "id": "c-3", 
            "mentionIds": [
                "m-3"
            ], 
            "sourceMentionId": null, 
            "type": "ident"
        }, 
        {
            "dominant": "standard", 
            "id": "c-4", 
            "mentionIds": [
                "m-5"
            ], 
            "sourceMentionId": null, 
            "type": "ident"
        }, 
        {
            "dominant": "wskaza\u0107 miejsce", 
            "id": "c-5", 
            "mentionIds": [
                "m-7"
            ], 
            "sourceMentionId": null, 
            "type": "ident"
        }, 
        {
            "dominant": "plac\u00f3wka", 
            "id": "c-6", 
            "mentionIds": [
                "m-8"
            ], 
            "sourceMentionId": null, 
            "type": "ident"
        }, 
        {
            "dominant": "ja", 
            "id": "c-7", 
            "mentionIds": [
                "m-10"
            ], 
            "sourceMentionId": null, 
            "type": "ident"
        }, 
        {
            "dominant": "kolejka", 
            "id": "c-8", 
            "mentionIds": [
                "m-11"
            ], 
            "sourceMentionId": null, 
            "type": "ident"
        }
    ], 
    "paragraphs": [
        {
            "id": "p-1", 
            "sentences": [
                {
                    "dependencyParse": [], 
                    "groups": [
                        {
                            "childIds": [
                                "words_a491e4", 
                                "groups_a491ef"
                            ], 
                            "id": "groups_a491f7", 
                            "orth": "w wyznaczonym dniu", 
                            "rule": "PrepNG: Prep + NG", 
                            "semanticHeadId": "words_a491e8", 
                            "syntacticHeadId": "words_a491e4", 
                            "type": "PrepNG"
                        }, 
                        {
                            "childIds": [
                                "words_a491d0", 
                                "words_a491e8"
                            ], 
                            "id": "groups_a491ef", 
                            "orth": "wyznaczonym dniu", 
                            "rule": "NGa: (Adv) + Ppas (nNom) + Noun + (Adj)", 
                            "semanticHeadId": "words_a491e8", 
                            "syntacticHeadId": "words_a491e8", 
                            "type": "NGa"
                        }, 
                        {
                            "childIds": [
                                "words_a491e5", 
                                "groups_a491f1"
                            ], 
                            "id": "groups_a491f8", 
                            "orth": "do szpitala", 
                            "rule": "PrepNG: Prep + NG", 
                            "semanticHeadId": "words_a491e9", 
                            "syntacticHeadId": "words_a491e5", 
                            "type": "PrepNG"
                        }, 
                        {
                            "childIds": [
                                "words_a491e9"
                            ], 
                            "id": "groups_a491f1", 
                            "orth": "szpitala", 
                            "rule": "(Qub) + Noun", 
                            "semanticHeadId": "words_a491e9", 
                            "syntacticHeadId": "words_a491e9", 
                            "type": "NG"
                        }, 
                        {
                            "childIds": [
                                "words_a491ea"
                            ], 
                            "id": "groups_a491f2", 
                            "orth": "standard", 
                            "rule": "(Qub) + Noun", 
                            "semanticHeadId": "words_a491ea", 
                            "syntacticHeadId": "words_a491ea", 
                            "type": "NG"
                        }, 
                        {
                            "childIds": [
                                "words_a491e6", 
                                "groups_a491f0"
                            ], 
                            "id": "groups_a491f9", 
                            "orth": "we wskazane miejsce", 
                            "rule": "PrepNG: Prep + NG", 
                            "semanticHeadId": "words_a491eb", 
                            "syntacticHeadId": "words_a491e6", 
                            "type": "PrepNG"
                        }, 
                        {
                            "childIds": [
                                "words_a491d1", 
                                "words_a491eb"
                            ], 
                            "id": "groups_a491f0", 
                            "orth": "wskazane miejsce", 
                            "rule": "NGa: (Adv) + Ppas (nNom) + Noun + (Adj)", 
                            "semanticHeadId": "words_a491eb", 
                            "syntacticHeadId": "words_a491eb", 
                            "type": "NGa"
                        }, 
                        {
                            "childIds": [
                                "words_a491ec"
                            ], 
                            "id": "groups_a491f3", 
                            "orth": "plac\u00f3wki", 
                            "rule": "(Qub) + Noun", 
                            "semanticHeadId": "words_a491ec", 
                            "syntacticHeadId": "words_a491ec", 
                            "type": "NG"
                        }, 
                        {
                            "childIds": [
                                "words_a491ee"
                            ], 
                            "id": "groups_a491f4", 
                            "orth": "mi", 
                            "rule": "(Qub) + Noun", 
                            "semanticHeadId": "words_a491ee", 
                            "syntacticHeadId": "words_a491ee", 
                            "type": "NG"
                        }, 
                        {
                            "childIds": [
                                "words_a491d4"
                            ], 
                            "id": "groups_a491f6", 
                            "orth": "swoje", 
                            "rule": "(Qub) + Adj", 
                            "semanticHeadId": "words_a491d4", 
                            "syntacticHeadId": "words_a491d4", 
                            "type": "AdjG"
                        }, 
                        {
                            "childIds": [
                                "words_a491e7", 
                                "groups_a491f5"
                            ], 
                            "id": "groups_a491fa", 
                            "orth": "w kolejce", 
                            "rule": "PrepNG: Prep + NG", 
                            "semanticHeadId": "words_a491ed", 
                            "syntacticHeadId": "words_a491e7", 
                            "type": "PrepNG"
                        }, 
                        {
                            "childIds": [
                                "words_a491ed"
                            ], 
                            "id": "groups_a491f5", 
                            "orth": "kolejce", 
                            "rule": "(Qub) + Noun", 
                            "semanticHeadId": "words_a491ed", 
                            "syntacticHeadId": "words_a491ed", 
                            "type": "NG"
                        }
                    ], 
                    "id": "s-1.1", 
                    "mentions": [
                        {
                            "childIds": [
                                "seg-1.1.1"
                            ], 
                            "headIds": [
                                "seg-1.1.1"
                            ], 
                            "id": "m-0", 
                            "zeroSubject": true
                        }, 
                        {
                            "childIds": [
                                "seg-1.1.7", 
                                "seg-1.1.8"
                            ], 
                            "headIds": [
                                "seg-1.1.8"
                            ], 
                            "id": "m-1", 
                            "zeroSubject": false
                        }, 
                        {
                            "childIds": [
                                "seg-1.1.9"
                            ], 
                            "headIds": [
                                "seg-1.1.9"
                            ], 
                            "id": "m-2", 
                            "zeroSubject": true
                        }, 
                        {
                            "childIds": [
                                "seg-1.1.12"
                            ], 
                            "headIds": [
                                "seg-1.1.12"
                            ], 
                            "id": "m-3", 
                            "zeroSubject": false
                        }, 
                        {
                            "childIds": [
                                "seg-1.1.14"
                            ], 
                            "headIds": [
                                "seg-1.1.14"
                            ], 
                            "id": "m-4", 
                            "zeroSubject": true
                        }, 
                        {
                            "childIds": [
                                "seg-1.1.16"
                            ], 
                            "headIds": [
                                "seg-1.1.16"
                            ], 
                            "id": "m-5", 
                            "zeroSubject": false
                        }, 
                        {
                            "childIds": [
                                "seg-1.1.19"
                            ], 
                            "headIds": [
                                "seg-1.1.19"
                            ], 
                            "id": "m-6", 
                            "zeroSubject": true
                        }, 
                        {
                            "childIds": [
                                "seg-1.1.21", 
                                "seg-1.1.22"
                            ], 
                            "headIds": [
                                "seg-1.1.22"
                            ], 
                            "id": "m-7", 
                            "zeroSubject": false
                        }, 
                        {
                            "childIds": [
                                "seg-1.1.26"
                            ], 
                            "headIds": [
                                "seg-1.1.26"
                            ], 
                            "id": "m-8", 
                            "zeroSubject": false
                        }, 
                        {
                            "childIds": [
                                "seg-1.1.31"
                            ], 
                            "headIds": [
                                "seg-1.1.31"
                            ], 
                            "id": "m-9", 
                            "zeroSubject": true
                        }, 
                        {
                            "childIds": [
                                "seg-1.1.34"
                            ], 
                            "headIds": [
                                "seg-1.1.34"
                            ], 
                            "id": "m-10", 
                            "zeroSubject": false
                        }, 
                        {
                            "childIds": [
                                "seg-1.1.39"
                            ], 
                            "headIds": [
                                "seg-1.1.39"
                            ], 
                            "id": "m-11", 
                            "zeroSubject": false
                        }
                    ], 
                    "names": [], 
                    "rejectedTokens": [], 
                    "sentimentTags": [], 
                    "tokens": [
                        {
                            "candidateInterpretations": [
                                {
                                    "base": "a", 
                                    "ctag": "conj", 
                                    "msd": ""
                                }
                            ], 
                            "chosenInterpretation": {
                                "base": "a", 
                                "ctag": "conj", 
                                "msd": ""
                            }, 
                            "id": "seg-1.1.0", 
                            "interpretations": [
                                {
                                    "base": "a", 
                                    "ctag": "conj", 
                                    "msd": ""
                                }
                            ], 
                            "noPrecedingSpace": false, 
                            "offset": 1, 
                            "orth": "A"
                        }, 
                        {
                            "candidateInterpretations": [
                                {
                                    "base": "by\u0107", 
                                    "ctag": "fin", 
                                    "msd": "sg:ter:imperf"
                                }
                            ], 
                            "chosenInterpretation": {
                                "base": "by\u0107", 
                                "ctag": "fin", 
                                "msd": "sg:ter:imperf"
                            }, 
                            "id": "seg-1.1.1", 
                            "interpretations": [
                                {
                                    "base": "by\u0107", 
                                    "ctag": "fin", 
                                    "msd": "sg:ter:imperf"
                                }
                            ], 
                            "noPrecedingSpace": false, 
                            "offset": 3, 
                            "orth": "jest"
                        }, 
                        {
                            "candidateInterpretations": [
                                {
                                    "base": "to", 
                                    "ctag": "pred", 
                                    "msd": ""
                                }
                            ], 
                            "chosenInterpretation": {
                                "base": "to", 
                                "ctag": "pred", 
                                "msd": ""
                            }, 
                            "id": "seg-1.1.2", 
                            "interpretations": [
                                {
                                    "base": "to", 
                                    "ctag": "pred", 
                                    "msd": ""
                                }
                            ], 
                            "noPrecedingSpace": false, 
                            "offset": 8, 
                            "orth": "to"
                        }, 
                        {
                            "candidateInterpretations": [
                                {
                                    "base": "tak", 
                                    "ctag": "adv", 
                                    "msd": "pos"
                                }
                            ], 
                            "chosenInterpretation": {
                                "base": "tak", 
                                "ctag": "adv", 
                                "msd": "pos"
                            }, 
                            "id": "seg-1.1.3", 
                            "interpretations": [
                                {
                                    "base": "tak", 
                                    "ctag": "adv", 
                                    "msd": "pos"
                                }
                            ], 
                            "noPrecedingSpace": false, 
                            "offset": 11, 
                            "orth": "tak"
                        }, 
                        {
                            "candidateInterpretations": [
                                {
                                    "base": ",", 
                                    "ctag": "interp", 
                                    "msd": ""
                                }
                            ], 
                            "chosenInterpretation": {
                                "base": ",", 
                                "ctag": "interp", 
                                "msd": ""
                            }, 
                            "id": "seg-1.1.4", 
                            "interpretations": [
                                {
                                    "base": ",", 
                                    "ctag": "interp", 
                                    "msd": ""
                                }
                            ], 
                            "noPrecedingSpace": true, 
                            "offset": 14, 
                            "orth": ","
                        }, 
                        {
                            "candidateInterpretations": [
                                {
                                    "base": "\u017ce", 
                                    "ctag": "comp", 
                                    "msd": ""
                                }
                            ], 
                            "chosenInterpretation": {
                                "base": "\u017ce", 
                                "ctag": "comp", 
                                "msd": ""
                            }, 
                            "id": "seg-1.1.5", 
                            "interpretations": [
                                {
                                    "base": "\u017ce", 
                                    "ctag": "comp", 
                                    "msd": ""
                                }
                            ], 
                            "noPrecedingSpace": false, 
                            "offset": 16, 
                            "orth": "\u017ce"
                        }, 
                        {
                            "candidateInterpretations": [
                                {
                                    "base": "w", 
                                    "ctag": "prep", 
                                    "msd": "loc:nwok"
                                }
                            ], 
                            "chosenInterpretation": {
                                "base": "w", 
                                "ctag": "prep", 
                                "msd": "loc:nwok"
                            }, 
                            "id": "seg-1.1.6", 
                            "interpretations": [
                                {
                                    "base": "w", 
                                    "ctag": "prep", 
                                    "msd": "loc:nwok"
                                }
                            ], 
                            "noPrecedingSpace": false, 
                            "offset": 19, 
                            "orth": "w"
                        }, 
                        {
                            "candidateInterpretations": [
                                {
                                    "base": "wyznaczy\u0107", 
                                    "ctag": "ppas", 
                                    "msd": "sg:loc:m3:perf:aff"
                                }
                            ], 
                            "chosenInterpretation": {
                                "base": "wyznaczy\u0107", 
                                "ctag": "ppas", 
                                "msd": "sg:loc:m3:perf:aff"
                            }, 
                            "id": "seg-1.1.7", 
                            "interpretations": [
                                {
                                    "base": "wyznaczy\u0107", 
                                    "ctag": "ppas", 
                                    "msd": "sg:loc:m3:perf:aff"
                                }
                            ], 
                            "noPrecedingSpace": false, 
                            "offset": 21, 
                            "orth": "wyznaczonym"
                        }, 
                        {
                            "candidateInterpretations": [
                                {
                                    "base": "dzie\u0144", 
                                    "ctag": "subst", 
                                    "msd": "sg:loc:m3"
                                }
                            ], 
                            "chosenInterpretation": {
                                "base": "dzie\u0144", 
                                "ctag": "subst", 
                                "msd": "sg:loc:m3"
                            }, 
                            "id": "seg-1.1.8", 
                            "interpretations": [
                                {
                                    "base": "dzie\u0144", 
                                    "ctag": "subst", 
                                    "msd": "sg:loc:m3"
                                }
                            ], 
                            "noPrecedingSpace": false, 
                            "offset": 33, 
                            "orth": "dniu"
                        }, 
                        {
                            "candidateInterpretations": [
                                {
                                    "base": "stawia\u0107", 
                                    "ctag": "fin", 
                                    "msd": "pl:pri:imperf"
                                }
                            ], 
                            "chosenInterpretation": {
                                "base": "stawia\u0107", 
                                "ctag": "fin", 
                                "msd": "pl:pri:imperf"
                            }, 
                            "id": "seg-1.1.9", 
                            "interpretations": [
                                {
                                    "base": "stawia\u0107", 
                                    "ctag": "fin", 
                                    "msd": "pl:pri:imperf"
                                }
                            ], 
                            "noPrecedingSpace": false, 
                            "offset": 38, 
                            "orth": "stawiamy"
                        }, 
                        {
                            "candidateInterpretations": [
                                {
                                    "base": "si\u0119", 
                                    "ctag": "qub", 
                                    "msd": ""
                                }
                            ], 
                            "chosenInterpretation": {
                                "base": "si\u0119", 
                                "ctag": "qub", 
                                "msd": ""
                            }, 
                            "id": "seg-1.1.10", 
                            "interpretations": [
                                {
                                    "base": "si\u0119", 
                                    "ctag": "qub", 
                                    "msd": ""
                                }
                            ], 
                            "noPrecedingSpace": false, 
                            "offset": 47, 
                            "orth": "si\u0119"
                        }, 
                        {
                            "candidateInterpretations": [
                                {
                                    "base": "do", 
                                    "ctag": "prep", 
                                    "msd": "gen"
                                }
                            ], 
                            "chosenInterpretation": {
                                "base": "do", 
                                "ctag": "prep", 
                                "msd": "gen"
                            }, 
                            "id": "seg-1.1.11", 
                            "interpretations": [
                                {
                                    "base": "do", 
                                    "ctag": "prep", 
                                    "msd": "gen"
                                }
                            ], 
                            "noPrecedingSpace": false, 
                            "offset": 51, 
                            "orth": "do"
                        }, 
                        {
                            "candidateInterpretations": [
                                {
                                    "base": "szpital", 
                                    "ctag": "subst", 
                                    "msd": "sg:gen:m3"
                                }
                            ], 
                            "chosenInterpretation": {
                                "base": "szpital", 
                                "ctag": "subst", 
                                "msd": "sg:gen:m3"
                            }, 
                            "id": "seg-1.1.12", 
                            "interpretations": [
                                {
                                    "base": "szpital", 
                                    "ctag": "subst", 
                                    "msd": "sg:gen:m3"
                                }
                            ], 
                            "noPrecedingSpace": false, 
                            "offset": 54, 
                            "orth": "szpitala"
                        }, 
                        {
                            "candidateInterpretations": [
                                {
                                    "base": ".", 
                                    "ctag": "interp", 
                                    "msd": ""
                                }
                            ], 
                            "chosenInterpretation": {
                                "base": ".", 
                                "ctag": "interp", 
                                "msd": ""
                            }, 
                            "id": "seg-1.1.13", 
                            "interpretations": [
                                {
                                    "base": ".", 
                                    "ctag": "interp", 
                                    "msd": ""
                                }
                            ], 
                            "noPrecedingSpace": true, 
                            "offset": 62, 
                            "orth": "."
                        }, 
                        {
                            "candidateInterpretations": [
                                {
                                    "base": "rejestrowa\u0107", 
                                    "ctag": "fin", 
                                    "msd": "pl:pri:imperf"
                                }
                            ], 
                            "chosenInterpretation": {
                                "base": "rejestrowa\u0107", 
                                "ctag": "fin", 
                                "msd": "pl:pri:imperf"
                            }, 
                            "id": "seg-1.1.14", 
                            "interpretations": [
                                {
                                    "base": "rejestrowa\u0107", 
                                    "ctag": "fin", 
                                    "msd": "pl:pri:imperf"
                                }
                            ], 
                            "noPrecedingSpace": false, 
                            "offset": 65, 
                            "orth": "Rejestrujemy"
                        }, 
                        {
                            "candidateInterpretations": [
                                {
                                    "base": "\u2013", 
                                    "ctag": "interp", 
                                    "msd": ""
                                }
                            ], 
                            "chosenInterpretation": {
                                "base": "\u2013", 
                                "ctag": "interp", 
                                "msd": ""
                            }, 
                            "id": "seg-1.1.15", 
                            "interpretations": [
                                {
                                    "base": "\u2013", 
                                    "ctag": "interp", 
                                    "msd": ""
                                }
                            ], 
                            "noPrecedingSpace": false, 
                            "offset": 78, 
                            "orth": "\u2013"
                        }, 
                        {
                            "candidateInterpretations": [
                                {
                                    "base": "standard", 
                                    "ctag": "subst", 
                                    "msd": "sg:nom:m3"
                                }
                            ], 
                            "chosenInterpretation": {
                                "base": "standard", 
                                "ctag": "subst", 
                                "msd": "sg:nom:m3"
                            }, 
                            "id": "seg-1.1.16", 
                            "interpretations": [
                                {
                                    "base": "standard", 
                                    "ctag": "subst", 
                                    "msd": "sg:nom:m3"
                                }
                            ], 
                            "noPrecedingSpace": false, 
                            "offset": 80, 
                            "orth": "standard"
                        }, 
                        {
                            "candidateInterpretations": [
                                {
                                    "base": ".", 
                                    "ctag": "interp", 
                                    "msd": ""
                                }
                            ], 
                            "chosenInterpretation": {
                                "base": ".", 
                                "ctag": "interp", 
                                "msd": ""
                            }, 
                            "id": "seg-1.1.17", 
                            "interpretations": [
                                {
                                    "base": ".", 
                                    "ctag": "interp", 
                                    "msd": ""
                                }
                            ], 
                            "noPrecedingSpace": true, 
                            "offset": 88, 
                            "orth": "."
                        }, 
                        {
                            "candidateInterpretations": [
                                {
                                    "base": "i", 
                                    "ctag": "conj", 
                                    "msd": ""
                                }
                            ], 
                            "chosenInterpretation": {
                                "base": "i", 
                                "ctag": "conj", 
                                "msd": ""
                            }, 
                            "id": "seg-1.1.18", 
                            "interpretations": [
                                {
                                    "base": "i", 
                                    "ctag": "conj", 
                                    "msd": ""
                                }
                            ], 
                            "noPrecedingSpace": false, 
                            "offset": 91, 
                            "orth": "I"
                        }, 
                        {
                            "candidateInterpretations": [
                                {
                                    "base": "i\u015b\u0107", 
                                    "ctag": "fin", 
                                    "msd": "pl:pri:imperf"
                                }
                            ], 
                            "chosenInterpretation": {
                                "base": "i\u015b\u0107", 
                                "ctag": "fin", 
                                "msd": "pl:pri:imperf"
                            }, 
                            "id": "seg-1.1.19", 
                            "interpretations": [
                                {
                                    "base": "i\u015b\u0107", 
                                    "ctag": "fin", 
                                    "msd": "pl:pri:imperf"
                                }
                            ], 
                            "noPrecedingSpace": false, 
                            "offset": 93, 
                            "orth": "idziemy"
                        }, 
                        {
                            "candidateInterpretations": [
                                {
                                    "base": "w", 
                                    "ctag": "prep", 
                                    "msd": "acc:wok"
                                }
                            ], 
                            "chosenInterpretation": {
                                "base": "w", 
                                "ctag": "prep", 
                                "msd": "acc:wok"
                            }, 
                            "id": "seg-1.1.20", 
                            "interpretations": [
                                {
                                    "base": "w", 
                                    "ctag": "prep", 
                                    "msd": "acc:wok"
                                }
                            ], 
                            "noPrecedingSpace": false, 
                            "offset": 101, 
                            "orth": "we"
                        }, 
                        {
                            "candidateInterpretations": [
                                {
                                    "base": "wskaza\u0107", 
                                    "ctag": "ppas", 
                                    "msd": "sg:acc:n:perf:aff"
                                }
                            ], 
                            "chosenInterpretation": {
                                "base": "wskaza\u0107", 
                                "ctag": "ppas", 
                                "msd": "sg:acc:n:perf:aff"
                            }, 
                            "id": "seg-1.1.21", 
                            "interpretations": [
                                {
                                    "base": "wskaza\u0107", 
                                    "ctag": "ppas", 
                                    "msd": "sg:acc:n:perf:aff"
                                }
                            ], 
                            "noPrecedingSpace": false, 
                            "offset": 104, 
                            "orth": "wskazane"
                        }, 
                        {
                            "candidateInterpretations": [
                                {
                                    "base": "miejsce", 
                                    "ctag": "subst", 
                                    "msd": "sg:acc:n"
                                }
                            ], 
                            "chosenInterpretation": {
                                "base": "miejsce", 
                                "ctag": "subst", 
                                "msd": "sg:acc:n"
                            }, 
                            "id": "seg-1.1.22", 
                            "interpretations": [
                                {
                                    "base": "miejsce", 
                                    "ctag": "subst", 
                                    "msd": "sg:acc:n"
                                }
                            ], 
                            "noPrecedingSpace": false, 
                            "offset": 113, 
                            "orth": "miejsce"
                        }, 
                        {
                            "candidateInterpretations": [
                                {
                                    "base": ".", 
                                    "ctag": "interp", 
                                    "msd": ""
                                }
                            ], 
                            "chosenInterpretation": {
                                "base": ".", 
                                "ctag": "interp", 
                                "msd": ""
                            }, 
                            "id": "seg-1.1.23", 
                            "interpretations": [
                                {
                                    "base": ".", 
                                    "ctag": "interp", 
                                    "msd": ""
                                }
                            ], 
                            "noPrecedingSpace": true, 
                            "offset": 120, 
                            "orth": "."
                        }, 
                        {
                            "candidateInterpretations": [
                                {
                                    "base": "mo\u017ce", 
                                    "ctag": "qub", 
                                    "msd": ""
                                }
                            ], 
                            "chosenInterpretation": {
                                "base": "mo\u017ce", 
                                "ctag": "qub", 
                                "msd": ""
                            }, 
                            "id": "seg-1.1.24", 
                            "interpretations": [
                                {
                                    "base": "mo\u017ce", 
                                    "ctag": "qub", 
                                    "msd": ""
                                }
                            ], 
                            "noPrecedingSpace": false, 
                            "offset": 123, 
                            "orth": "Mo\u017ce"
                        }, 
                        {
                            "candidateInterpretations": [
                                {
                                    "base": "by\u0107", 
                                    "ctag": "fin", 
                                    "msd": "pl:ter:imperf"
                                }
                            ], 
                            "chosenInterpretation": {
                                "base": "by\u0107", 
                                "ctag": "fin", 
                                "msd": "pl:ter:imperf"
                            }, 
                            "id": "seg-1.1.25", 
                            "interpretations": [
                                {
                                    "base": "by\u0107", 
                                    "ctag": "fin", 
                                    "msd": "pl:ter:imperf"
                                }
                            ], 
                            "noPrecedingSpace": false, 
                            "offset": 128, 
                            "orth": "s\u0105"
                        }, 
                        {
                            "candidateInterpretations": [
                                {
                                    "base": "plac\u00f3wka", 
                                    "ctag": "subst", 
                                    "msd": "pl:nom:f"
                                }
                            ], 
                            "chosenInterpretation": {
                                "base": "plac\u00f3wka", 
                                "ctag": "subst", 
                                "msd": "pl:nom:f"
                            }, 
                            "id": "seg-1.1.26", 
                            "interpretations": [
                                {
                                    "base": "plac\u00f3wka", 
                                    "ctag": "subst", 
                                    "msd": "pl:nom:f"
                                }
                            ], 
                            "noPrecedingSpace": false, 
                            "offset": 131, 
                            "orth": "plac\u00f3wki"
                        }, 
                        {
                            "candidateInterpretations": [
                                {
                                    "base": ",", 
                                    "ctag": "interp", 
                                    "msd": ""
                                }
                            ], 
                            "chosenInterpretation": {
                                "base": ",", 
                                "ctag": "interp", 
                                "msd": ""
                            }, 
                            "id": "seg-1.1.27", 
                            "interpretations": [
                                {
                                    "base": ",", 
                                    "ctag": "interp", 
                                    "msd": ""
                                }
                            ], 
                            "noPrecedingSpace": true, 
                            "offset": 139, 
                            "orth": ","
                        }, 
                        {
                            "candidateInterpretations": [
                                {
                                    "base": "gdzie", 
                                    "ctag": "adv", 
                                    "msd": ""
                                }
                            ], 
                            "chosenInterpretation": {
                                "base": "gdzie", 
                                "ctag": "adv", 
                                "msd": ""
                            }, 
                            "id": "seg-1.1.28", 
                            "interpretations": [
                                {
                                    "base": "gdzie", 
                                    "ctag": "adv", 
                                    "msd": ""
                                }
                            ], 
                            "noPrecedingSpace": false, 
                            "offset": 141, 
                            "orth": "gdzie"
                        }, 
                        {
                            "candidateInterpretations": [
                                {
                                    "base": "si\u0119", 
                                    "ctag": "qub", 
                                    "msd": ""
                                }
                            ], 
                            "chosenInterpretation": {
                                "base": "si\u0119", 
                                "ctag": "qub", 
                                "msd": ""
                            }, 
                            "id": "seg-1.1.29", 
                            "interpretations": [
                                {
                                    "base": "si\u0119", 
                                    "ctag": "qub", 
                                    "msd": ""
                                }
                            ], 
                            "noPrecedingSpace": false, 
                            "offset": 147, 
                            "orth": "si\u0119"
                        }, 
                        {
                            "candidateInterpretations": [
                                {
                                    "base": "nie", 
                                    "ctag": "qub", 
                                    "msd": ""
                                }
                            ], 
                            "chosenInterpretation": {
                                "base": "nie", 
                                "ctag": "qub", 
                                "msd": ""
                            }, 
                            "id": "seg-1.1.30", 
                            "interpretations": [
                                {
                                    "base": "nie", 
                                    "ctag": "qub", 
                                    "msd": ""
                                }
                            ], 
                            "noPrecedingSpace": false, 
                            "offset": 151, 
                            "orth": "nie"
                        }, 
                        {
                            "candidateInterpretations": [
                                {
                                    "base": "czeka\u0107", 
                                    "ctag": "fin", 
                                    "msd": "sg:ter:imperf"
                                }
                            ], 
                            "chosenInterpretation": {
                                "base": "czeka\u0107", 
                                "ctag": "fin", 
                                "msd": "sg:ter:imperf"
                            }, 
                            "id": "seg-1.1.31", 
                            "interpretations": [
                                {
                                    "base": "czeka\u0107", 
                                    "ctag": "fin", 
                                    "msd": "sg:ter:imperf"
                                }
                            ], 
                            "noPrecedingSpace": false, 
                            "offset": 155, 
                            "orth": "czeka"
                        }, 
                        {
                            "candidateInterpretations": [
                                {
                                    "base": ",", 
                                    "ctag": "interp", 
                                    "msd": ""
                                }
                            ], 
                            "chosenInterpretation": {
                                "base": ",", 
                                "ctag": "interp", 
                                "msd": ""
                            }, 
                            "id": "seg-1.1.32", 
                            "interpretations": [
                                {
                                    "base": ",", 
                                    "ctag": "interp", 
                                    "msd": ""
                                }
                            ], 
                            "noPrecedingSpace": true, 
                            "offset": 160, 
                            "orth": ","
                        }, 
                        {
                            "candidateInterpretations": [
                                {
                                    "base": "ale", 
                                    "ctag": "conj", 
                                    "msd": ""
                                }
                            ], 
                            "chosenInterpretation": {
                                "base": "ale", 
                                "ctag": "conj", 
                                "msd": ""
                            }, 
                            "id": "seg-1.1.33", 
                            "interpretations": [
                                {
                                    "base": "ale", 
                                    "ctag": "conj", 
                                    "msd": ""
                                }
                            ], 
                            "noPrecedingSpace": false, 
                            "offset": 162, 
                            "orth": "ale"
                        }, 
                        {
                            "candidateInterpretations": [
                                {
                                    "base": "ja", 
                                    "ctag": "ppron12", 
                                    "msd": "sg:dat:m1:pri:nakc"
                                }
                            ], 
                            "chosenInterpretation": {
                                "base": "ja", 
                                "ctag": "ppron12", 
                                "msd": "sg:dat:m1:pri:nakc"
                            }, 
                            "id": "seg-1.1.34", 
                            "interpretations": [
                                {
                                    "base": "ja", 
                                    "ctag": "ppron12", 
                                    "msd": "sg:dat:m1:pri:nakc"
                                }
                            ], 
                            "noPrecedingSpace": false, 
                            "offset": 166, 
                            "orth": "mi"
                        }, 
                        {
                            "candidateInterpretations": [
                                {
                                    "base": "przyj\u015b\u0107", 
                                    "ctag": "praet", 
                                    "msd": "sg:n:perf"
                                }
                            ], 
                            "chosenInterpretation": {
                                "base": "przyj\u015b\u0107", 
                                "ctag": "praet", 
                                "msd": "sg:n:perf"
                            }, 
                            "id": "seg-1.1.35", 
                            "interpretations": [
                                {
                                    "base": "przyj\u015b\u0107", 
                                    "ctag": "praet", 
                                    "msd": "sg:n:perf"
                                }
                            ], 
                            "noPrecedingSpace": false, 
                            "offset": 169, 
                            "orth": "przysz\u0142o"
                        }, 
                        {
                            "candidateInterpretations": [
                                {
                                    "base": "sw\u00f3j", 
                                    "ctag": "adj", 
                                    "msd": "sg:acc:n:pos"
                                }
                            ], 
                            "chosenInterpretation": {
                                "base": "sw\u00f3j", 
                                "ctag": "adj", 
                                "msd": "sg:acc:n:pos"
                            }, 
                            "id": "seg-1.1.36", 
                            "interpretations": [
                                {
                                    "base": "sw\u00f3j", 
                                    "ctag": "adj", 
                                    "msd": "sg:acc:n:pos"
                                }
                            ], 
                            "noPrecedingSpace": false, 
                            "offset": 178, 
                            "orth": "swoje"
                        }, 
                        {
                            "candidateInterpretations": [
                                {
                                    "base": "odsta\u0107", 
                                    "ctag": "inf", 
                                    "msd": "perf"
                                }
                            ], 
                            "chosenInterpretation": {
                                "base": "odsta\u0107", 
                                "ctag": "inf", 
                                "msd": "perf"
                            }, 
                            "id": "seg-1.1.37", 
                            "interpretations": [
                                {
                                    "base": "odsta\u0107", 
                                    "ctag": "inf", 
                                    "msd": "perf"
                                }
                            ], 
                            "noPrecedingSpace": false, 
                            "offset": 184, 
                            "orth": "odsta\u0107"
                        }, 
                        {
                            "candidateInterpretations": [
                                {
                                    "base": "w", 
                                    "ctag": "prep", 
                                    "msd": "loc:nwok"
                                }
                            ], 
                            "chosenInterpretation": {
                                "base": "w", 
                                "ctag": "prep", 
                                "msd": "loc:nwok"
                            }, 
                            "id": "seg-1.1.38", 
                            "interpretations": [
                                {
                                    "base": "w", 
                                    "ctag": "prep", 
                                    "msd": "loc:nwok"
                                }
                            ], 
                            "noPrecedingSpace": false, 
                            "offset": 191, 
                            "orth": "w"
                        }, 
                        {
                            "candidateInterpretations": [
                                {
                                    "base": "kolejka", 
                                    "ctag": "subst", 
                                    "msd": "sg:loc:f"
                                }
                            ], 
                            "chosenInterpretation": {
                                "base": "kolejka", 
                                "ctag": "subst", 
                                "msd": "sg:loc:f"
                            }, 
                            "id": "seg-1.1.39", 
                            "interpretations": [
                                {
                                    "base": "kolejka", 
                                    "ctag": "subst", 
                                    "msd": "sg:loc:f"
                                }
                            ], 
                            "noPrecedingSpace": false, 
                            "offset": 193, 
                            "orth": "kolejce"
                        }, 
                        {
                            "candidateInterpretations": [
                                {
                                    "base": ".", 
                                    "ctag": "interp", 
                                    "msd": ""
                                }
                            ], 
                            "chosenInterpretation": {
                                "base": ".", 
                                "ctag": "interp", 
                                "msd": ""
                            }, 
                            "id": "seg-1.1.40", 
                            "interpretations": [
                                {
                                    "base": ".", 
                                    "ctag": "interp", 
                                    "msd": ""
                                }
                            ], 
                            "noPrecedingSpace": true, 
                            "offset": 200, 
                            "orth": "."
                        }
                    ], 
                    "words": [
                        {
                            "candidateInterpretations": [
                                {
                                    "base": "a", 
                                    "ctag": "Conj", 
                                    "msd": ""
                                }
                            ], 
                            "childIds": [
                                "seg-1.1.0"
                            ], 
                            "chosenInterpretation": {
                                "base": "a", 
                                "ctag": "Conj", 
                                "msd": ""
                            }, 
                            "id": "words_a491d7", 
                            "orth": "A", 
                            "rule": "conj -> Conj"
                        }, 
                        {
                            "candidateInterpretations": [
                                {
                                    "base": "to", 
                                    "ctag": "Pred", 
                                    "msd": "pres:ind:imperf:aff"
                                }
                            ], 
                            "childIds": [
                                "seg-1.1.1", 
                                "seg-1.1.2"
                            ], 
                            "chosenInterpretation": {
                                "base": "to", 
                                "ctag": "Pred", 
                                "msd": "pres:ind:imperf:aff"
                            }, 
                            "id": "words_a491c8", 
                            "orth": "jest to", 
                            "rule": "Pred: czas tera\u017aniejszy (1)"
                        }, 
                        {
                            "candidateInterpretations": [
                                {
                                    "base": "tak", 
                                    "ctag": "Adv", 
                                    "msd": "pos"
                                }
                            ], 
                            "childIds": [
                                "seg-1.1.3"
                            ], 
                            "chosenInterpretation": {
                                "base": "tak", 
                                "ctag": "Adv", 
                                "msd": "pos"
                            }, 
                            "id": "words_a491d5", 
                            "orth": "tak", 
                            "rule": "adv -> Adv"
                        }, 
                        {
                            "candidateInterpretations": [
                                {
                                    "base": ",", 
                                    "ctag": "Interp", 
                                    "msd": ""
                                }
                            ], 
                            "childIds": [
                                "seg-1.1.4"
                            ], 
                            "chosenInterpretation": {
                                "base": ",", 
                                "ctag": "Interp", 
                                "msd": ""
                            }, 
                            "id": "words_a491db", 
                            "orth": ",", 
                            "rule": "interp -> Interp"
                        }, 
                        {
                            "candidateInterpretations": [
                                {
                                    "base": "\u017ce", 
                                    "ctag": "Comp", 
                                    "msd": ""
                                }
                            ], 
                            "childIds": [
                                "seg-1.1.5"
                            ], 
                            "chosenInterpretation": {
                                "base": "\u017ce", 
                                "ctag": "Comp", 
                                "msd": ""
                            }, 
                            "id": "words_a491da", 
                            "orth": "\u017ce", 
                            "rule": "comp -> Comp"
                        }, 
                        {
                            "candidateInterpretations": [
                                {
                                    "base": "w", 
                                    "ctag": "Prep", 
                                    "msd": "loc:nwok"
                                }
                            ], 
                            "childIds": [
                                "seg-1.1.6"
                            ], 
                            "chosenInterpretation": {
                                "base": "w", 
                                "ctag": "Prep", 
                                "msd": "loc:nwok"
                            }, 
                            "id": "words_a491e4", 
                            "orth": "w", 
                            "rule": "prep -> Prep"
                        }, 
                        {
                            "candidateInterpretations": [
                                {
                                    "base": "wyznaczy\u0107", 
                                    "ctag": "Ppas", 
                                    "msd": "sg:loc:m3:perf:nrefl:aff"
                                }
                            ], 
                            "childIds": [
                                "seg-1.1.7"
                            ], 
                            "chosenInterpretation": {
                                "base": "wyznaczy\u0107", 
                                "ctag": "Ppas", 
                                "msd": "sg:loc:m3:perf:nrefl:aff"
                            }, 
                            "id": "words_a491d0", 
                            "orth": "wyznaczonym", 
                            "rule": "ppas -> Ppas"
                        }, 
                        {
                            "candidateInterpretations": [
                                {
                                    "base": "dzie\u0144", 
                                    "ctag": "Noun", 
                                    "msd": "sg:loc:m3"
                                }
                            ], 
                            "childIds": [
                                "seg-1.1.8"
                            ], 
                            "chosenInterpretation": {
                                "base": "dzie\u0144", 
                                "ctag": "Noun", 
                                "msd": "sg:loc:m3"
                            }, 
                            "id": "words_a491e8", 
                            "orth": "dniu", 
                            "rule": "subst|depr|ger -> Noun"
                        }, 
                        {
                            "candidateInterpretations": [
                                {
                                    "base": "stawia\u0107 si\u0119", 
                                    "ctag": "Verbfin", 
                                    "msd": "pl:pri:pres:ind:imperf:refl:aff"
                                }
                            ], 
                            "childIds": [
                                "words_a491ca", 
                                "seg-1.1.10"
                            ], 
                            "chosenInterpretation": {
                                "base": "stawia\u0107 si\u0119", 
                                "ctag": "Verbfin", 
                                "msd": "pl:pri:pres:ind:imperf:refl:aff"
                            }, 
                            "id": "words_a491d3", 
                            "orth": "stawiamy si\u0119", 
                            "rule": "zwrotno\u015b\u0107 dla czasownik\u00f3w, imies\u0142ow\u00f3w itp. (1)"
                        }, 
                        {
                            "candidateInterpretations": [
                                {
                                    "base": "stawia\u0107", 
                                    "ctag": "Verbfin", 
                                    "msd": "pl:pri:pres:ind:imperf:nrefl:aff"
                                }
                            ], 
                            "childIds": [
                                "seg-1.1.9"
                            ], 
                            "chosenInterpretation": {
                                "base": "stawia\u0107", 
                                "ctag": "Verbfin", 
                                "msd": "pl:pri:pres:ind:imperf:nrefl:aff"
                            }, 
                            "id": "words_a491ca", 
                            "orth": "stawiamy", 
                            "rule": "fin imperf -> Verbfin"
                        }, 
                        {
                            "candidateInterpretations": [
                                {
                                    "base": "do", 
                                    "ctag": "Prep", 
                                    "msd": "gen"
                                }
                            ], 
                            "childIds": [
                                "seg-1.1.11"
                            ], 
                            "chosenInterpretation": {
                                "base": "do", 
                                "ctag": "Prep", 
                                "msd": "gen"
                            }, 
                            "id": "words_a491e5", 
                            "orth": "do", 
                            "rule": "prep -> Prep"
                        }, 
                        {
                            "candidateInterpretations": [
                                {
                                    "base": "szpital", 
                                    "ctag": "Noun", 
                                    "msd": "sg:gen:m3"
                                }
                            ], 
                            "childIds": [
                                "seg-1.1.12"
                            ], 
                            "chosenInterpretation": {
                                "base": "szpital", 
                                "ctag": "Noun", 
                                "msd": "sg:gen:m3"
                            }, 
                            "id": "words_a491e9", 
                            "orth": "szpitala", 
                            "rule": "subst|depr|ger -> Noun"
                        }, 
                        {
                            "candidateInterpretations": [
                                {
                                    "base": ".", 
                                    "ctag": "Interp", 
                                    "msd": ""
                                }
                            ], 
                            "childIds": [
                                "seg-1.1.13"
                            ], 
                            "chosenInterpretation": {
                                "base": ".", 
                                "ctag": "Interp", 
                                "msd": ""
                            }, 
                            "id": "words_a491dc", 
                            "orth": ".", 
                            "rule": "interp -> Interp"
                        }, 
                        {
                            "candidateInterpretations": [
                                {
                                    "base": "rejestrowa\u0107", 
                                    "ctag": "Verbfin", 
                                    "msd": "pl:pri:pres:ind:imperf:nrefl:aff"
                                }
                            ], 
                            "childIds": [
                                "seg-1.1.14"
                            ], 
                            "chosenInterpretation": {
                                "base": "rejestrowa\u0107", 
                                "ctag": "Verbfin", 
                                "msd": "pl:pri:pres:ind:imperf:nrefl:aff"
                            }, 
                            "id": "words_a491cb", 
                            "orth": "Rejestrujemy", 
                            "rule": "fin imperf -> Verbfin"
                        }, 
                        {
                            "candidateInterpretations": [
                                {
                                    "base": "\u2013", 
                                    "ctag": "Interp", 
                                    "msd": ""
                                }
                            ], 
                            "childIds": [
                                "seg-1.1.15"
                            ], 
                            "chosenInterpretation": {
                                "base": "\u2013", 
                                "ctag": "Interp", 
                                "msd": ""
                            }, 
                            "id": "words_a491dd", 
                            "orth": "\u2013", 
                            "rule": "interp -> Interp"
                        }, 
                        {
                            "candidateInterpretations": [
                                {
                                    "base": "standard", 
                                    "ctag": "Noun", 
                                    "msd": "sg:nom:m3"
                                }
                            ], 
                            "childIds": [
                                "seg-1.1.16"
                            ], 
                            "chosenInterpretation": {
                                "base": "standard", 
                                "ctag": "Noun", 
                                "msd": "sg:nom:m3"
                            }, 
                            "id": "words_a491ea", 
                            "orth": "standard", 
                            "rule": "subst|depr|ger -> Noun"
                        }, 
                        {
                            "candidateInterpretations": [
                                {
                                    "base": ".", 
                                    "ctag": "Interp", 
                                    "msd": ""
                                }
                            ], 
                            "childIds": [
                                "seg-1.1.17"
                            ], 
                            "chosenInterpretation": {
                                "base": ".", 
                                "ctag": "Interp", 
                                "msd": ""
                            }, 
                            "id": "words_a491de", 
                            "orth": ".", 
                            "rule": "interp -> Interp"
                        }, 
                        {
                            "candidateInterpretations": [
                                {
                                    "base": "i", 
                                    "ctag": "Conj", 
                                    "msd": ""
                                }
                            ], 
                            "childIds": [
                                "seg-1.1.18"
                            ], 
                            "chosenInterpretation": {
                                "base": "i", 
                                "ctag": "Conj", 
                                "msd": ""
                            }, 
                            "id": "words_a491d8", 
                            "orth": "I", 
                            "rule": "conj -> Conj"
                        }, 
                        {
                            "candidateInterpretations": [
                                {
                                    "base": "i\u015b\u0107", 
                                    "ctag": "Verbfin", 
                                    "msd": "pl:pri:pres:ind:imperf:nrefl:aff"
                                }
                            ], 
                            "childIds": [
                                "seg-1.1.19"
                            ], 
                            "chosenInterpretation": {
                                "base": "i\u015b\u0107", 
                                "ctag": "Verbfin", 
                                "msd": "pl:pri:pres:ind:imperf:nrefl:aff"
                            }, 
                            "id": "words_a491cc", 
                            "orth": "idziemy", 
                            "rule": "fin imperf -> Verbfin"
                        }, 
                        {
                            "candidateInterpretations": [
                                {
                                    "base": "w", 
                                    "ctag": "Prep", 
                                    "msd": "acc:wok"
                                }
                            ], 
                            "childIds": [
                                "seg-1.1.20"
                            ], 
                            "chosenInterpretation": {
                                "base": "w", 
                                "ctag": "Prep", 
                                "msd": "acc:wok"
                            }, 
                            "id": "words_a491e6", 
                            "orth": "we", 
                            "rule": "prep -> Prep"
                        }, 
                        {
                            "candidateInterpretations": [
                                {
                                    "base": "wskaza\u0107", 
                                    "ctag": "Ppas", 
                                    "msd": "sg:acc:n:perf:nrefl:aff"
                                }
                            ], 
                            "childIds": [
                                "seg-1.1.21"
                            ], 
                            "chosenInterpretation": {
                                "base": "wskaza\u0107", 
                                "ctag": "Ppas", 
                                "msd": "sg:acc:n:perf:nrefl:aff"
                            }, 
                            "id": "words_a491d1", 
                            "orth": "wskazane", 
                            "rule": "ppas -> Ppas"
                        }, 
                        {
                            "candidateInterpretations": [
                                {
                                    "base": "miejsce", 
                                    "ctag": "Noun", 
                                    "msd": "sg:acc:n"
                                }
                            ], 
                            "childIds": [
                                "seg-1.1.22"
                            ], 
                            "chosenInterpretation": {
                                "base": "miejsce", 
                                "ctag": "Noun", 
                                "msd": "sg:acc:n"
                            }, 
                            "id": "words_a491eb", 
                            "orth": "miejsce", 
                            "rule": "subst|depr|ger -> Noun"
                        }, 
                        {
                            "candidateInterpretations": [
                                {
                                    "base": ".", 
                                    "ctag": "Interp", 
                                    "msd": ""
                                }
                            ], 
                            "childIds": [
                                "seg-1.1.23"
                            ], 
                            "chosenInterpretation": {
                                "base": ".", 
                                "ctag": "Interp", 
                                "msd": ""
                            }, 
                            "id": "words_a491df", 
                            "orth": ".", 
                            "rule": "interp -> Interp"
                        }, 
                        {
                            "candidateInterpretations": [
                                {
                                    "base": "mo\u017ce", 
                                    "ctag": "Qub", 
                                    "msd": ""
                                }
                            ], 
                            "childIds": [
                                "seg-1.1.24"
                            ], 
                            "chosenInterpretation": {
                                "base": "mo\u017ce", 
                                "ctag": "Qub", 
                                "msd": ""
                            }, 
                            "id": "words_a491e3", 
                            "orth": "Mo\u017ce", 
                            "rule": "qub -> Qub"
                        }, 
                        {
                            "candidateInterpretations": [
                                {
                                    "base": "by\u0107", 
                                    "ctag": "Verbfin", 
                                    "msd": "pl:ter:pres:ind:imperf:nrefl:aff"
                                }
                            ], 
                            "childIds": [
                                "seg-1.1.25"
                            ], 
                            "chosenInterpretation": {
                                "base": "by\u0107", 
                                "ctag": "Verbfin", 
                                "msd": "pl:ter:pres:ind:imperf:nrefl:aff"
                            }, 
                            "id": "words_a491cd", 
                            "orth": "s\u0105", 
                            "rule": "fin imperf -> Verbfin"
                        }, 
                        {
                            "candidateInterpretations": [
                                {
                                    "base": "plac\u00f3wka", 
                                    "ctag": "Noun", 
                                    "msd": "pl:nom:f"
                                }
                            ], 
                            "childIds": [
                                "seg-1.1.26"
                            ], 
                            "chosenInterpretation": {
                                "base": "plac\u00f3wka", 
                                "ctag": "Noun", 
                                "msd": "pl:nom:f"
                            }, 
                            "id": "words_a491ec", 
                            "orth": "plac\u00f3wki", 
                            "rule": "subst|depr|ger -> Noun"
                        }, 
                        {
                            "candidateInterpretations": [
                                {
                                    "base": ",", 
                                    "ctag": "Interp", 
                                    "msd": ""
                                }
                            ], 
                            "childIds": [
                                "seg-1.1.27"
                            ], 
                            "chosenInterpretation": {
                                "base": ",", 
                                "ctag": "Interp", 
                                "msd": ""
                            }, 
                            "id": "words_a491e0", 
                            "orth": ",", 
                            "rule": "interp -> Interp"
                        }, 
                        {
                            "candidateInterpretations": [
                                {
                                    "base": "gdzie", 
                                    "ctag": "Adv", 
                                    "msd": ""
                                }
                            ], 
                            "childIds": [
                                "seg-1.1.28"
                            ], 
                            "chosenInterpretation": {
                                "base": "gdzie", 
                                "ctag": "Adv", 
                                "msd": ""
                            }, 
                            "id": "words_a491d6", 
                            "orth": "gdzie", 
                            "rule": "adv -> Adv"
                        }, 
                        {
                            "candidateInterpretations": [
                                {
                                    "base": "czeka\u0107 si\u0119", 
                                    "ctag": "Verbfin", 
                                    "msd": "sg:ter:pres:ind:imperf:refl:neg"
                                }
                            ], 
                            "childIds": [
                                "seg-1.1.29", 
                                "seg-1.1.30", 
                                "words_a491ce"
                            ], 
                            "chosenInterpretation": {
                                "base": "czeka\u0107 si\u0119", 
                                "ctag": "Verbfin", 
                                "msd": "sg:ter:pres:ind:imperf:refl:neg"
                            }, 
                            "id": "words_a491d2", 
                            "orth": "si\u0119 nie czeka", 
                            "rule": "zwrotno\u015b\u0107 dla czasownik\u00f3w, imies\u0142ow\u00f3w itp. (3a)"
                        }, 
                        {
                            "candidateInterpretations": [
                                {
                                    "base": "czeka\u0107", 
                                    "ctag": "Verbfin", 
                                    "msd": "sg:ter:pres:ind:imperf:nrefl:aff"
                                }
                            ], 
                            "childIds": [
                                "seg-1.1.31"
                            ], 
                            "chosenInterpretation": {
                                "base": "czeka\u0107", 
                                "ctag": "Verbfin", 
                                "msd": "sg:ter:pres:ind:imperf:nrefl:aff"
                            }, 
                            "id": "words_a491ce", 
                            "orth": "czeka", 
                            "rule": "fin imperf -> Verbfin"
                        }, 
                        {
                            "candidateInterpretations": [
                                {
                                    "base": ",", 
                                    "ctag": "Interp", 
                                    "msd": ""
                                }
                            ], 
                            "childIds": [
                                "seg-1.1.32"
                            ], 
                            "chosenInterpretation": {
                                "base": ",", 
                                "ctag": "Interp", 
                                "msd": ""
                            }, 
                            "id": "words_a491e1", 
                            "orth": ",", 
                            "rule": "interp -> Interp"
                        }, 
                        {
                            "candidateInterpretations": [
                                {
                                    "base": "ale", 
                                    "ctag": "Conj", 
                                    "msd": ""
                                }
                            ], 
                            "childIds": [
                                "seg-1.1.33"
                            ], 
                            "chosenInterpretation": {
                                "base": "ale", 
                                "ctag": "Conj", 
                                "msd": ""
                            }, 
                            "id": "words_a491d9", 
                            "orth": "ale", 
                            "rule": "conj -> Conj"
                        }, 
                        {
                            "candidateInterpretations": [
                                {
                                    "base": "ja", 
                                    "ctag": "Ppron12", 
                                    "msd": "sg:dat:m1:pri:nakc"
                                }
                            ], 
                            "childIds": [
                                "seg-1.1.34"
                            ], 
                            "chosenInterpretation": {
                                "base": "ja", 
                                "ctag": "Ppron12", 
                                "msd": "sg:dat:m1:pri:nakc"
                            }, 
                            "id": "words_a491ee", 
                            "orth": "mi", 
                            "rule": "ppron12 -> Ppron12"
                        }, 
                        {
                            "candidateInterpretations": [
                                {
                                    "base": "przyj\u015b\u0107", 
                                    "ctag": "Verbfin", 
                                    "msd": "sg:ter:past:ind:perf:nrefl:aff:n"
                                }
                            ], 
                            "childIds": [
                                "seg-1.1.35"
                            ], 
                            "chosenInterpretation": {
                                "base": "przyj\u015b\u0107", 
                                "ctag": "Verbfin", 
                                "msd": "sg:ter:past:ind:perf:nrefl:aff:n"
                            }, 
                            "id": "words_a491c9", 
                            "orth": "przysz\u0142o", 
                            "rule": "praet -> Verbfin"
                        }, 
                        {
                            "candidateInterpretations": [
                                {
                                    "base": "sw\u00f3j", 
                                    "ctag": "Adj", 
                                    "msd": "sg:acc:n:pos"
                                }
                            ], 
                            "childIds": [
                                "seg-1.1.36"
                            ], 
                            "chosenInterpretation": {
                                "base": "sw\u00f3j", 
                                "ctag": "Adj", 
                                "msd": "sg:acc:n:pos"
                            }, 
                            "id": "words_a491d4", 
                            "orth": "swoje", 
                            "rule": "adj -> Adj"
                        }, 
                        {
                            "candidateInterpretations": [
                                {
                                    "base": "odsta\u0107", 
                                    "ctag": "Inf", 
                                    "msd": "perf:nrefl:aff"
                                }
                            ], 
                            "childIds": [
                                "seg-1.1.37"
                            ], 
                            "chosenInterpretation": {
                                "base": "odsta\u0107", 
                                "ctag": "Inf", 
                                "msd": "perf:nrefl:aff"
                            }, 
                            "id": "words_a491cf", 
                            "orth": "odsta\u0107", 
                            "rule": "inf -> Inf"
                        }, 
                        {
                            "candidateInterpretations": [
                                {
                                    "base": "w", 
                                    "ctag": "Prep", 
                                    "msd": "loc:nwok"
                                }
                            ], 
                            "childIds": [
                                "seg-1.1.38"
                            ], 
                            "chosenInterpretation": {
                                "base": "w", 
                                "ctag": "Prep", 
                                "msd": "loc:nwok"
                            }, 
                            "id": "words_a491e7", 
                            "orth": "w", 
                            "rule": "prep -> Prep"
                        }, 
                        {
                            "candidateInterpretations": [
                                {
                                    "base": "kolejka", 
                                    "ctag": "Noun", 
                                    "msd": "sg:loc:f"
                                }
                            ], 
                            "childIds": [
                                "seg-1.1.39"
                            ], 
                            "chosenInterpretation": {
                                "base": "kolejka", 
                                "ctag": "Noun", 
                                "msd": "sg:loc:f"
                            }, 
                            "id": "words_a491ed", 
                            "orth": "kolejce", 
                            "rule": "subst|depr|ger -> Noun"
                        }, 
                        {
                            "candidateInterpretations": [
                                {
                                    "base": ".", 
                                    "ctag": "Interp", 
                                    "msd": ""
                                }
                            ], 
                            "childIds": [
                                "seg-1.1.40"
                            ], 
                            "chosenInterpretation": {
                                "base": ".", 
                                "ctag": "Interp", 
                                "msd": ""
                            }, 
                            "id": "words_a491e2", 
                            "orth": ".", 
                            "rule": "interp -> Interp"
                        }
                    ]
                }
            ], 
            "text": " A jest to tak, \u017ce w wyznaczonym dniu stawiamy si\u0119 do szpitala.  Rejestrujemy \u2013 standard.  I idziemy we wskazane miejsce.  Mo\u017ce s\u0105 plac\u00f3wki, gdzie si\u0119 nie czeka, ale mi przysz\u0142o swoje odsta\u0107 w kolejce."
        }
    ], 
    "summary": "", 
    "textHeader": {
        "distributor": "Multiservice", 
        "id": "", 
        "processingDuration": 646, 
        "publicationTime": 1553562701463, 
        "retrievedFrom": "", 
        "sourceDescText": "", 
        "title": ""
    }
}