{
    "annotationDetails": {
        "hasMorphosyntaxDisambiguated": true, 
        "hasMorphosyntaxPartiallyDisambiguated": true, 
        "hasSegmentsDisambiguated": true
    }, 
    "annotationHeaders": {
        "0": {
            "distributor": "Pantera", 
            "id": "", 
            "processingDuration": 52, 
            "publicationTime": 1553562688946, 
            "retrievedFrom": "", 
            "sourceDescText": "", 
            "title": ""
        }, 
        "1": {
            "distributor": "Pantera; modified by Spejd", 
            "id": "", 
            "processingDuration": 57, 
            "publicationTime": 1553562688946, 
            "retrievedFrom": "", 
            "sourceDescText": "", 
            "title": ""
        }, 
        "2": {
            "distributor": "Spejd", 
            "id": "", 
            "processingDuration": 5, 
            "publicationTime": 1553562688946, 
            "retrievedFrom": "", 
            "sourceDescText": "", 
            "title": ""
        }, 
        "3": {
            "distributor": "Spejd", 
            "id": "", 
            "processingDuration": 5, 
            "publicationTime": 1553562688946, 
            "retrievedFrom": "", 
            "sourceDescText": "", 
            "title": ""
        }, 
        "4": {
            "distributor": "Nerf", 
            "id": "", 
            "processingDuration": 29, 
            "publicationTime": 1553562688946, 
            "retrievedFrom": "", 
            "sourceDescText": "", 
            "title": ""
        }, 
        "7": {
            "distributor": "MentionDetector", 
            "id": null, 
            "processingDuration": 1, 
            "publicationTime": 1553562688946, 
            "retrievedFrom": null, 
            "sourceDescText": null, 
            "title": null
        }, 
        "8": {
            "distributor": "Bartek", 
            "id": null, 
            "processingDuration": 2, 
            "publicationTime": 1553562688946, 
            "retrievedFrom": null, 
            "sourceDescText": null, 
            "title": null
        }
    }, 
    "coreferences": [
        {
            "dominant": "lekarstwo", 
            "id": "c-0", 
            "mentionIds": [
                "m-0"
            ], 
            "sourceMentionId": null, 
            "type": "ident"
        }, 
        {
            "dominant": "Rak", 
            "id": "c-1", 
            "mentionIds": [
                "m-1"
            ], 
            "sourceMentionId": null, 
            "type": "ident"
        }, 
        {
            "dominant": "1928 rok", 
            "id": "c-2", 
            "mentionIds": [
                "m-2"
            ], 
            "sourceMentionId": null, 
            "type": "ident"
        }, 
        {
            "dominant": "film", 
            "id": "c-3", 
            "mentionIds": [
                "m-3"
            ], 
            "sourceMentionId": null, 
            "type": "ident"
        }, 
        {
            "dominant": "terapia", 
            "id": "c-4", 
            "mentionIds": [
                "m-4"
            ], 
            "sourceMentionId": null, 
            "type": "ident"
        }, 
        {
            "dominant": "leczenie nowotw\u00f3r", 
            "id": "c-5", 
            "mentionIds": [
                "m-6"
            ], 
            "sourceMentionId": null, 
            "type": "ident"
        }, 
        {
            "dominant": "nowotw\u00f3r", 
            "id": "c-6", 
            "mentionIds": [
                "m-5"
            ], 
            "sourceMentionId": null, 
            "type": "ident"
        }
    ], 
    "paragraphs": [
        {
            "id": "p-1", 
            "sentences": [
                {
                    "dependencyParse": [], 
                    "groups": [
                        {
                            "childIds": [
                                "words_a48b32"
                            ], 
                            "id": "groups_a48b3a", 
                            "orth": "Lekarstwo", 
                            "rule": "(Qub) + Noun", 
                            "semanticHeadId": "words_a48b32", 
                            "syntacticHeadId": "words_a48b32", 
                            "type": "NG"
                        }, 
                        {
                            "childIds": [
                                "words_a48b2f", 
                                "groups_a48b3b"
                            ], 
                            "id": "groups_a48b44", 
                            "orth": "na raka", 
                            "rule": "PrepNG: Prep + NG", 
                            "semanticHeadId": "words_a48b33", 
                            "syntacticHeadId": "words_a48b2f", 
                            "type": "PrepNG"
                        }, 
                        {
                            "childIds": [
                                "words_a48b33"
                            ], 
                            "id": "groups_a48b3b", 
                            "orth": "raka", 
                            "rule": "(Qub) + Noun", 
                            "semanticHeadId": "words_a48b33", 
                            "syntacticHeadId": "words_a48b33", 
                            "type": "NG"
                        }, 
                        {
                            "childIds": [
                                "words_a48b23"
                            ], 
                            "id": "groups_a48b40", 
                            "orth": "wynalezione", 
                            "rule": "(Qub) + Adj", 
                            "semanticHeadId": "words_a48b23", 
                            "syntacticHeadId": "words_a48b23", 
                            "type": "AdjG"
                        }, 
                        {
                            "childIds": [
                                "words_a48b30", 
                                "groups_a48b39"
                            ], 
                            "id": "groups_a48b45", 
                            "orth": "w 1928 roku", 
                            "rule": "PrepNG: Prep + NG", 
                            "semanticHeadId": "words_a48b34", 
                            "syntacticHeadId": "words_a48b30", 
                            "type": "PrepNG"
                        }, 
                        {
                            "childIds": [
                                "seg-1.1.10", 
                                "words_a48b34"
                            ], 
                            "id": "groups_a48b39", 
                            "orth": "1928 roku", 
                            "rule": "NGdata: liczba cyframi + rok", 
                            "semanticHeadId": "words_a48b34", 
                            "syntacticHeadId": "words_a48b34", 
                            "type": "NGdata"
                        }, 
                        {
                            "childIds": [
                                "words_a48b35"
                            ], 
                            "id": "groups_a48b3c", 
                            "orth": "film", 
                            "rule": "(Qub) + Noun", 
                            "semanticHeadId": "words_a48b35", 
                            "syntacticHeadId": "words_a48b35", 
                            "type": "NG"
                        }, 
                        {
                            "childIds": [
                                "words_a48b31", 
                                "groups_a48b3d"
                            ], 
                            "id": "groups_a48b46", 
                            "orth": "o terapii", 
                            "rule": "PrepNG: Prep + NG", 
                            "semanticHeadId": "words_a48b36", 
                            "syntacticHeadId": "words_a48b31", 
                            "type": "PrepNG"
                        }, 
                        {
                            "childIds": [
                                "words_a48b36"
                            ], 
                            "id": "groups_a48b3d", 
                            "orth": "terapii", 
                            "rule": "(Qub) + Noun", 
                            "semanticHeadId": "words_a48b36", 
                            "syntacticHeadId": "words_a48b36", 
                            "type": "NG"
                        }, 
                        {
                            "childIds": [
                                "words_a48b24"
                            ], 
                            "id": "groups_a48b41", 
                            "orth": "kt\u00f3r\u0105", 
                            "rule": "(Qub) + Adj", 
                            "semanticHeadId": "words_a48b24", 
                            "syntacticHeadId": "words_a48b24", 
                            "type": "AdjG"
                        }, 
                        {
                            "childIds": [
                                "words_a48b25"
                            ], 
                            "id": "groups_a48b42", 
                            "orth": "\u015awi\u0119tym", 
                            "rule": "(Qub) + Adj", 
                            "semanticHeadId": "words_a48b25", 
                            "syntacticHeadId": "words_a48b25", 
                            "type": "AdjG"
                        }, 
                        {
                            "childIds": [
                                "groups_a48b3e", 
                                "groups_a48b3f"
                            ], 
                            "id": "groups_a48b43", 
                            "orth": "leczenia nowotwor\u00f3w", 
                            "rule": "NG2: NG + NG(gen) nie przed NG(gen) i nie przed koordynacj\u0105", 
                            "semanticHeadId": "words_a48b37", 
                            "syntacticHeadId": "words_a48b37", 
                            "type": "NG2"
                        }, 
                        {
                            "childIds": [
                                "words_a48b37"
                            ], 
                            "id": "groups_a48b3e", 
                            "orth": "leczenia", 
                            "rule": "(Qub) + Noun", 
                            "semanticHeadId": "words_a48b37", 
                            "syntacticHeadId": "words_a48b37", 
                            "type": "NG"
                        }, 
                        {
                            "childIds": [
                                "words_a48b38"
                            ], 
                            "id": "groups_a48b3f", 
                            "orth": "nowotwor\u00f3w", 
                            "rule": "(Qub) + Noun", 
                            "semanticHeadId": "words_a48b38", 
                            "syntacticHeadId": "words_a48b38", 
                            "type": "NG"
                        }
                    ], 
                    "id": "s-1.1", 
                    "mentions": [
                        {
                            "childIds": [
                                "seg-1.1.0"
                            ], 
                            "headIds": [
                                "seg-1.1.0"
                            ], 
                            "id": "m-0", 
                            "zeroSubject": false
                        }, 
                        {
                            "childIds": [
                                "seg-1.1.2"
                            ], 
                            "headIds": [
                                "seg-1.1.2"
                            ], 
                            "id": "m-1", 
                            "zeroSubject": false
                        }, 
                        {
                            "childIds": [
                                "seg-1.1.10", 
                                "seg-1.1.11"
                            ], 
                            "headIds": [
                                "seg-1.1.11"
                            ], 
                            "id": "m-2", 
                            "zeroSubject": false
                        }, 
                        {
                            "childIds": [
                                "seg-1.1.14"
                            ], 
                            "headIds": [
                                "seg-1.1.14"
                            ], 
                            "id": "m-3", 
                            "zeroSubject": false
                        }, 
                        {
                            "childIds": [
                                "seg-1.1.16"
                            ], 
                            "headIds": [
                                "seg-1.1.16"
                            ], 
                            "id": "m-4", 
                            "zeroSubject": false
                        }, 
                        {
                            "childIds": [
                                "seg-1.1.24"
                            ], 
                            "headIds": [
                                "seg-1.1.24"
                            ], 
                            "id": "m-5", 
                            "zeroSubject": false
                        }, 
                        {
                            "childIds": [
                                "seg-1.1.23", 
                                "seg-1.1.24"
                            ], 
                            "headIds": [
                                "seg-1.1.23"
                            ], 
                            "id": "m-6", 
                            "zeroSubject": false
                        }
                    ], 
                    "names": [
                        {
                            "base": "", 
                            "childIds": [
                                "seg-1.1.10", 
                                "seg-1.1.11"
                            ], 
                            "id": "ne.s-1.1.0", 
                            "orth": "1928 roku", 
                            "subtype": "", 
                            "type": "date"
                        }, 
                        {
                            "base": "", 
                            "childIds": [
                                "seg-1.1.22"
                            ], 
                            "id": "ne.s-1.1.1", 
                            "orth": "Graalem", 
                            "subtype": "forename", 
                            "type": "persName"
                        }, 
                        {
                            "base": "", 
                            "childIds": [
                                "seg-1.1.21", 
                                "ne.s-1.1.1"
                            ], 
                            "id": "ne.s-1.1.2", 
                            "orth": "\u015awi\u0119tym Graalem", 
                            "subtype": "", 
                            "type": "persName"
                        }
                    ], 
                    "rejectedTokens": [], 
                    "sentimentTags": [], 
                    "tokens": [
                        {
                            "candidateInterpretations": [
                                {
                                    "base": "lekarstwo", 
                                    "ctag": "subst", 
                                    "msd": "sg:nom:n"
                                }
                            ], 
                            "chosenInterpretation": {
                                "base": "lekarstwo", 
                                "ctag": "subst", 
                                "msd": "sg:nom:n"
                            }, 
                            "id": "seg-1.1.0", 
                            "interpretations": [
                                {
                                    "base": "lekarstwo", 
                                    "ctag": "subst", 
                                    "msd": "sg:nom:n"
                                }
                            ], 
                            "noPrecedingSpace": false, 
                            "offset": 3, 
                            "orth": "Lekarstwo"
                        }, 
                        {
                            "candidateInterpretations": [
                                {
                                    "base": "na", 
                                    "ctag": "prep", 
                                    "msd": "acc"
                                }
                            ], 
                            "chosenInterpretation": {
                                "base": "na", 
                                "ctag": "prep", 
                                "msd": "acc"
                            }, 
                            "id": "seg-1.1.1", 
                            "interpretations": [
                                {
                                    "base": "na", 
                                    "ctag": "prep", 
                                    "msd": "acc"
                                }
                            ], 
                            "noPrecedingSpace": false, 
                            "offset": 13, 
                            "orth": "na"
                        }, 
                        {
                            "candidateInterpretations": [
                                {
                                    "base": "Rak", 
                                    "ctag": "subst", 
                                    "msd": "sg:acc:m2"
                                }
                            ], 
                            "chosenInterpretation": {
                                "base": "Rak", 
                                "ctag": "subst", 
                                "msd": "sg:acc:m2"
                            }, 
                            "id": "seg-1.1.2", 
                            "interpretations": [
                                {
                                    "base": "Rak", 
                                    "ctag": "subst", 
                                    "msd": "sg:acc:m2"
                                }
                            ], 
                            "noPrecedingSpace": false, 
                            "offset": 16, 
                            "orth": "raka"
                        }, 
                        {
                            "candidateInterpretations": [
                                {
                                    "base": "zosta\u0107", 
                                    "ctag": "praet", 
                                    "msd": "sg:n:perf"
                                }
                            ], 
                            "chosenInterpretation": {
                                "base": "zosta\u0107", 
                                "ctag": "praet", 
                                "msd": "sg:n:perf"
                            }, 
                            "id": "seg-1.1.3", 
                            "interpretations": [
                                {
                                    "base": "zosta\u0107", 
                                    "ctag": "praet", 
                                    "msd": "sg:n:perf"
                                }
                            ], 
                            "noPrecedingSpace": false, 
                            "offset": 21, 
                            "orth": "zosta\u0142o"
                        }, 
                        {
                            "candidateInterpretations": [
                                {
                                    "base": "wynale\u017a\u0107", 
                                    "ctag": "ppas", 
                                    "msd": "sg:nom:n:perf:aff"
                                }
                            ], 
                            "chosenInterpretation": {
                                "base": "wynale\u017a\u0107", 
                                "ctag": "ppas", 
                                "msd": "sg:nom:n:perf:aff"
                            }, 
                            "id": "seg-1.1.4", 
                            "interpretations": [
                                {
                                    "base": "wynale\u017a\u0107", 
                                    "ctag": "ppas", 
                                    "msd": "sg:nom:n:perf:aff"
                                }
                            ], 
                            "noPrecedingSpace": false, 
                            "offset": 29, 
                            "orth": "wynalezione"
                        }, 
                        {
                            "candidateInterpretations": [
                                {
                                    "base": "!", 
                                    "ctag": "interp", 
                                    "msd": ""
                                }
                            ], 
                            "chosenInterpretation": {
                                "base": "!", 
                                "ctag": "interp", 
                                "msd": ""
                            }, 
                            "id": "seg-1.1.5", 
                            "interpretations": [
                                {
                                    "base": "!", 
                                    "ctag": "interp", 
                                    "msd": ""
                                }
                            ], 
                            "noPrecedingSpace": true, 
                            "offset": 40, 
                            "orth": "!"
                        }, 
                        {
                            "candidateInterpretations": [
                                {
                                    "base": ".", 
                                    "ctag": "interp", 
                                    "msd": ""
                                }
                            ], 
                            "chosenInterpretation": {
                                "base": ".", 
                                "ctag": "interp", 
                                "msd": ""
                            }, 
                            "id": "seg-1.1.6", 
                            "interpretations": [
                                {
                                    "base": ".", 
                                    "ctag": "interp", 
                                    "msd": ""
                                }
                            ], 
                            "noPrecedingSpace": false, 
                            "offset": 42, 
                            "orth": "."
                        }, 
                        {
                            "candidateInterpretations": [
                                {
                                    "base": ".", 
                                    "ctag": "interp", 
                                    "msd": ""
                                }
                            ], 
                            "chosenInterpretation": {
                                "base": ".", 
                                "ctag": "interp", 
                                "msd": ""
                            }, 
                            "id": "seg-1.1.7", 
                            "interpretations": [
                                {
                                    "base": ".", 
                                    "ctag": "interp", 
                                    "msd": ""
                                }
                            ], 
                            "noPrecedingSpace": true, 
                            "offset": 43, 
                            "orth": "."
                        }, 
                        {
                            "candidateInterpretations": [
                                {
                                    "base": ".", 
                                    "ctag": "interp", 
                                    "msd": ""
                                }
                            ], 
                            "chosenInterpretation": {
                                "base": ".", 
                                "ctag": "interp", 
                                "msd": ""
                            }, 
                            "id": "seg-1.1.8", 
                            "interpretations": [
                                {
                                    "base": ".", 
                                    "ctag": "interp", 
                                    "msd": ""
                                }
                            ], 
                            "noPrecedingSpace": true, 
                            "offset": 44, 
                            "orth": "."
                        }, 
                        {
                            "candidateInterpretations": [
                                {
                                    "base": "w", 
                                    "ctag": "prep", 
                                    "msd": "loc:nwok"
                                }
                            ], 
                            "chosenInterpretation": {
                                "base": "w", 
                                "ctag": "prep", 
                                "msd": "loc:nwok"
                            }, 
                            "id": "seg-1.1.9", 
                            "interpretations": [
                                {
                                    "base": "w", 
                                    "ctag": "prep", 
                                    "msd": "loc:nwok"
                                }
                            ], 
                            "noPrecedingSpace": true, 
                            "offset": 45, 
                            "orth": "w"
                        }, 
                        {
                            "candidateInterpretations": [
                                {
                                    "base": "1928", 
                                    "ctag": "ign", 
                                    "msd": ""
                                }
                            ], 
                            "chosenInterpretation": {
                                "base": "1928", 
                                "ctag": "ign", 
                                "msd": ""
                            }, 
                            "id": "seg-1.1.10", 
                            "interpretations": [
                                {
                                    "base": "1928", 
                                    "ctag": "ign", 
                                    "msd": ""
                                }
                            ], 
                            "noPrecedingSpace": false, 
                            "offset": 47, 
                            "orth": "1928"
                        }, 
                        {
                            "candidateInterpretations": [
                                {
                                    "base": "rok", 
                                    "ctag": "subst", 
                                    "msd": "sg:loc:m3"
                                }
                            ], 
                            "chosenInterpretation": {
                                "base": "rok", 
                                "ctag": "subst", 
                                "msd": "sg:loc:m3"
                            }, 
                            "id": "seg-1.1.11", 
                            "interpretations": [
                                {
                                    "base": "rok", 
                                    "ctag": "subst", 
                                    "msd": "sg:loc:m3"
                                }
                            ], 
                            "noPrecedingSpace": false, 
                            "offset": 52, 
                            "orth": "roku"
                        }, 
                        {
                            "candidateInterpretations": [
                                {
                                    "base": "!", 
                                    "ctag": "interp", 
                                    "msd": ""
                                }
                            ], 
                            "chosenInterpretation": {
                                "base": "!", 
                                "ctag": "interp", 
                                "msd": ""
                            }, 
                            "id": "seg-1.1.12", 
                            "interpretations": [
                                {
                                    "base": "!", 
                                    "ctag": "interp", 
                                    "msd": ""
                                }
                            ], 
                            "noPrecedingSpace": true, 
                            "offset": 56, 
                            "orth": "!"
                        }, 
                        {
                            "candidateInterpretations": [
                                {
                                    "base": "oto", 
                                    "ctag": "qub", 
                                    "msd": ""
                                }
                            ], 
                            "chosenInterpretation": {
                                "base": "oto", 
                                "ctag": "qub", 
                                "msd": ""
                            }, 
                            "id": "seg-1.1.13", 
                            "interpretations": [
                                {
                                    "base": "oto", 
                                    "ctag": "qub", 
                                    "msd": ""
                                }
                            ], 
                            "noPrecedingSpace": false, 
                            "offset": 58, 
                            "orth": "Oto"
                        }, 
                        {
                            "candidateInterpretations": [
                                {
                                    "base": "film", 
                                    "ctag": "subst", 
                                    "msd": "sg:nom:m3"
                                }
                            ], 
                            "chosenInterpretation": {
                                "base": "film", 
                                "ctag": "subst", 
                                "msd": "sg:nom:m3"
                            }, 
                            "id": "seg-1.1.14", 
                            "interpretations": [
                                {
                                    "base": "film", 
                                    "ctag": "subst", 
                                    "msd": "sg:nom:m3"
                                }
                            ], 
                            "noPrecedingSpace": false, 
                            "offset": 62, 
                            "orth": "film"
                        }, 
                        {
                            "candidateInterpretations": [
                                {
                                    "base": "o", 
                                    "ctag": "prep", 
                                    "msd": "loc"
                                }
                            ], 
                            "chosenInterpretation": {
                                "base": "o", 
                                "ctag": "prep", 
                                "msd": "loc"
                            }, 
                            "id": "seg-1.1.15", 
                            "interpretations": [
                                {
                                    "base": "o", 
                                    "ctag": "prep", 
                                    "msd": "loc"
                                }
                            ], 
                            "noPrecedingSpace": false, 
                            "offset": 67, 
                            "orth": "o"
                        }, 
                        {
                            "candidateInterpretations": [
                                {
                                    "base": "terapia", 
                                    "ctag": "subst", 
                                    "msd": "sg:loc:f"
                                }
                            ], 
                            "chosenInterpretation": {
                                "base": "terapia", 
                                "ctag": "subst", 
                                "msd": "sg:loc:f"
                            }, 
                            "id": "seg-1.1.16", 
                            "interpretations": [
                                {
                                    "base": "terapia", 
                                    "ctag": "subst", 
                                    "msd": "sg:loc:f"
                                }
                            ], 
                            "noPrecedingSpace": false, 
                            "offset": 69, 
                            "orth": "terapii"
                        }, 
                        {
                            "candidateInterpretations": [
                                {
                                    "base": ",", 
                                    "ctag": "interp", 
                                    "msd": ""
                                }
                            ], 
                            "chosenInterpretation": {
                                "base": ",", 
                                "ctag": "interp", 
                                "msd": ""
                            }, 
                            "id": "seg-1.1.17", 
                            "interpretations": [
                                {
                                    "base": ",", 
                                    "ctag": "interp", 
                                    "msd": ""
                                }
                            ], 
                            "noPrecedingSpace": true, 
                            "offset": 76, 
                            "orth": ","
                        }, 
                        {
                            "candidateInterpretations": [
                                {
                                    "base": "kt\u00f3ry", 
                                    "ctag": "adj", 
                                    "msd": "sg:acc:f:pos"
                                }
                            ], 
                            "chosenInterpretation": {
                                "base": "kt\u00f3ry", 
                                "ctag": "adj", 
                                "msd": "sg:acc:f:pos"
                            }, 
                            "id": "seg-1.1.18", 
                            "interpretations": [
                                {
                                    "base": "kt\u00f3ry", 
                                    "ctag": "adj", 
                                    "msd": "sg:acc:f:pos"
                                }
                            ], 
                            "noPrecedingSpace": false, 
                            "offset": 78, 
                            "orth": "kt\u00f3r\u0105"
                        }, 
                        {
                            "candidateInterpretations": [
                                {
                                    "base": "nazwa\u0107", 
                                    "ctag": "inf", 
                                    "msd": "perf"
                                }
                            ], 
                            "chosenInterpretation": {
                                "base": "nazwa\u0107", 
                                "ctag": "inf", 
                                "msd": "perf"
                            }, 
                            "id": "seg-1.1.19", 
                            "interpretations": [
                                {
                                    "base": "nazwa\u0107", 
                                    "ctag": "inf", 
                                    "msd": "perf"
                                }
                            ], 
                            "noPrecedingSpace": false, 
                            "offset": 84, 
                            "orth": "nazwa\u0107"
                        }, 
                        {
                            "candidateInterpretations": [
                                {
                                    "base": "mo\u017cna", 
                                    "ctag": "pred", 
                                    "msd": ""
                                }
                            ], 
                            "chosenInterpretation": {
                                "base": "mo\u017cna", 
                                "ctag": "pred", 
                                "msd": ""
                            }, 
                            "id": "seg-1.1.20", 
                            "interpretations": [
                                {
                                    "base": "mo\u017cna", 
                                    "ctag": "pred", 
                                    "msd": ""
                                }
                            ], 
                            "noPrecedingSpace": false, 
                            "offset": 91, 
                            "orth": "mo\u017cna"
                        }, 
                        {
                            "candidateInterpretations": [
                                {
                                    "base": "\u015bwi\u0119ty", 
                                    "ctag": "adj", 
                                    "msd": "sg:inst:m1:pos"
                                }
                            ], 
                            "chosenInterpretation": {
                                "base": "\u015bwi\u0119ty", 
                                "ctag": "adj", 
                                "msd": "sg:inst:m1:pos"
                            }, 
                            "id": "seg-1.1.21", 
                            "interpretations": [
                                {
                                    "base": "\u015bwi\u0119ty", 
                                    "ctag": "adj", 
                                    "msd": "sg:inst:m1:pos"
                                }
                            ], 
                            "noPrecedingSpace": false, 
                            "offset": 97, 
                            "orth": "\u015awi\u0119tym"
                        }, 
                        {
                            "candidateInterpretations": [
                                {
                                    "base": "Graalem", 
                                    "ctag": "ign", 
                                    "msd": ""
                                }
                            ], 
                            "chosenInterpretation": {
                                "base": "Graalem", 
                                "ctag": "ign", 
                                "msd": ""
                            }, 
                            "id": "seg-1.1.22", 
                            "interpretations": [
                                {
                                    "base": "Graalem", 
                                    "ctag": "ign", 
                                    "msd": ""
                                }
                            ], 
                            "noPrecedingSpace": false, 
                            "offset": 105, 
                            "orth": "Graalem"
                        }, 
                        {
                            "candidateInterpretations": [
                                {
                                    "base": "leczenie", 
                                    "ctag": "subst", 
                                    "msd": "sg:gen:n"
                                }
                            ], 
                            "chosenInterpretation": {
                                "base": "leczenie", 
                                "ctag": "subst", 
                                "msd": "sg:gen:n"
                            }, 
                            "id": "seg-1.1.23", 
                            "interpretations": [
                                {
                                    "base": "leczenie", 
                                    "ctag": "subst", 
                                    "msd": "sg:gen:n"
                                }
                            ], 
                            "noPrecedingSpace": false, 
                            "offset": 113, 
                            "orth": "leczenia"
                        }, 
                        {
                            "candidateInterpretations": [
                                {
                                    "base": "nowotw\u00f3r", 
                                    "ctag": "subst", 
                                    "msd": "pl:gen:m3"
                                }
                            ], 
                            "chosenInterpretation": {
                                "base": "nowotw\u00f3r", 
                                "ctag": "subst", 
                                "msd": "pl:gen:m3"
                            }, 
                            "id": "seg-1.1.24", 
                            "interpretations": [
                                {
                                    "base": "nowotw\u00f3r", 
                                    "ctag": "subst", 
                                    "msd": "pl:gen:m3"
                                }
                            ], 
                            "noPrecedingSpace": false, 
                            "offset": 122, 
                            "orth": "nowotwor\u00f3w"
                        }, 
                        {
                            "candidateInterpretations": [
                                {
                                    "base": ".", 
                                    "ctag": "interp", 
                                    "msd": ""
                                }
                            ], 
                            "chosenInterpretation": {
                                "base": ".", 
                                "ctag": "interp", 
                                "msd": ""
                            }, 
                            "id": "seg-1.1.25", 
                            "interpretations": [
                                {
                                    "base": ".", 
                                    "ctag": "interp", 
                                    "msd": ""
                                }
                            ], 
                            "noPrecedingSpace": true, 
                            "offset": 132, 
                            "orth": "."
                        }, 
                        {
                            "candidateInterpretations": [
                                {
                                    "base": "ale", 
                                    "ctag": "conj", 
                                    "msd": ""
                                }
                            ], 
                            "chosenInterpretation": {
                                "base": "ale", 
                                "ctag": "conj", 
                                "msd": ""
                            }, 
                            "id": "seg-1.1.26", 
                            "interpretations": [
                                {
                                    "base": "ale", 
                                    "ctag": "conj", 
                                    "msd": ""
                                }
                            ], 
                            "noPrecedingSpace": false, 
                            "offset": 135, 
                            "orth": "Ale"
                        }, 
                        {
                            "candidateInterpretations": [
                                {
                                    "base": "nie", 
                                    "ctag": "qub", 
                                    "msd": ""
                                }
                            ], 
                            "chosenInterpretation": {
                                "base": "nie", 
                                "ctag": "qub", 
                                "msd": ""
                            }, 
                            "id": "seg-1.1.27", 
                            "interpretations": [
                                {
                                    "base": "nie", 
                                    "ctag": "qub", 
                                    "msd": ""
                                }
                            ], 
                            "noPrecedingSpace": false, 
                            "offset": 139, 
                            "orth": "nie"
                        }, 
                        {
                            "candidateInterpretations": [
                                {
                                    "base": "tylko", 
                                    "ctag": "qub", 
                                    "msd": ""
                                }
                            ], 
                            "chosenInterpretation": {
                                "base": "tylko", 
                                "ctag": "qub", 
                                "msd": ""
                            }, 
                            "id": "seg-1.1.28", 
                            "interpretations": [
                                {
                                    "base": "tylko", 
                                    "ctag": "qub", 
                                    "msd": ""
                                }
                            ], 
                            "noPrecedingSpace": false, 
                            "offset": 143, 
                            "orth": "tylko"
                        }, 
                        {
                            "candidateInterpretations": [
                                {
                                    "base": ".", 
                                    "ctag": "interp", 
                                    "msd": ""
                                }
                            ], 
                            "chosenInterpretation": {
                                "base": ".", 
                                "ctag": "interp", 
                                "msd": ""
                            }, 
                            "id": "seg-1.1.29", 
                            "interpretations": [
                                {
                                    "base": ".", 
                                    "ctag": "interp", 
                                    "msd": ""
                                }
                            ], 
                            "noPrecedingSpace": true, 
                            "offset": 148, 
                            "orth": "."
                        }
                    ], 
                    "words": [
                        {
                            "candidateInterpretations": [
                                {
                                    "base": "lekarstwo", 
                                    "ctag": "Noun", 
                                    "msd": "sg:nom:n"
                                }
                            ], 
                            "childIds": [
                                "seg-1.1.0"
                            ], 
                            "chosenInterpretation": {
                                "base": "lekarstwo", 
                                "ctag": "Noun", 
                                "msd": "sg:nom:n"
                            }, 
                            "id": "words_a48b32", 
                            "orth": "Lekarstwo", 
                            "rule": "subst|depr|ger -> Noun"
                        }, 
                        {
                            "candidateInterpretations": [
                                {
                                    "base": "na", 
                                    "ctag": "Prep", 
                                    "msd": "acc"
                                }
                            ], 
                            "childIds": [
                                "seg-1.1.1"
                            ], 
                            "chosenInterpretation": {
                                "base": "na", 
                                "ctag": "Prep", 
                                "msd": "acc"
                            }, 
                            "id": "words_a48b2f", 
                            "orth": "na", 
                            "rule": "prep -> Prep"
                        }, 
                        {
                            "candidateInterpretations": [
                                {
                                    "base": "Rak", 
                                    "ctag": "Noun", 
                                    "msd": "sg:acc:m2"
                                }
                            ], 
                            "childIds": [
                                "seg-1.1.2"
                            ], 
                            "chosenInterpretation": {
                                "base": "Rak", 
                                "ctag": "Noun", 
                                "msd": "sg:acc:m2"
                            }, 
                            "id": "words_a48b33", 
                            "orth": "raka", 
                            "rule": "subst|depr|ger -> Noun"
                        }, 
                        {
                            "candidateInterpretations": [
                                {
                                    "base": "zosta\u0107", 
                                    "ctag": "Verbfin", 
                                    "msd": "sg:ter:past:ind:perf:nrefl:aff:n"
                                }
                            ], 
                            "childIds": [
                                "seg-1.1.3"
                            ], 
                            "chosenInterpretation": {
                                "base": "zosta\u0107", 
                                "ctag": "Verbfin", 
                                "msd": "sg:ter:past:ind:perf:nrefl:aff:n"
                            }, 
                            "id": "words_a48b20", 
                            "orth": "zosta\u0142o", 
                            "rule": "praet -> Verbfin"
                        }, 
                        {
                            "candidateInterpretations": [
                                {
                                    "base": "wynale\u017a\u0107", 
                                    "ctag": "Ppas", 
                                    "msd": "sg:nom:n:perf:nrefl:aff"
                                }
                            ], 
                            "childIds": [
                                "seg-1.1.4"
                            ], 
                            "chosenInterpretation": {
                                "base": "wynale\u017a\u0107", 
                                "ctag": "Ppas", 
                                "msd": "sg:nom:n:perf:nrefl:aff"
                            }, 
                            "id": "words_a48b23", 
                            "orth": "wynalezione", 
                            "rule": "ppas -> Ppas"
                        }, 
                        {
                            "candidateInterpretations": [
                                {
                                    "base": "!", 
                                    "ctag": "Interp", 
                                    "msd": ""
                                }
                            ], 
                            "childIds": [
                                "seg-1.1.5"
                            ], 
                            "chosenInterpretation": {
                                "base": "!", 
                                "ctag": "Interp", 
                                "msd": ""
                            }, 
                            "id": "words_a48b27", 
                            "orth": "!", 
                            "rule": "interp -> Interp"
                        }, 
                        {
                            "candidateInterpretations": [
                                {
                                    "base": "...", 
                                    "ctag": "Interp", 
                                    "msd": ""
                                }
                            ], 
                            "childIds": [
                                "seg-1.1.6", 
                                "seg-1.1.7", 
                                "seg-1.1.8"
                            ], 
                            "chosenInterpretation": {
                                "base": "...", 
                                "ctag": "Interp", 
                                "msd": ""
                            }, 
                            "id": "words_a48b1f", 
                            "orth": "...", 
                            "rule": "wielokropek"
                        }, 
                        {
                            "candidateInterpretations": [
                                {
                                    "base": "w", 
                                    "ctag": "Prep", 
                                    "msd": "loc:nwok"
                                }
                            ], 
                            "childIds": [
                                "seg-1.1.9"
                            ], 
                            "chosenInterpretation": {
                                "base": "w", 
                                "ctag": "Prep", 
                                "msd": "loc:nwok"
                            }, 
                            "id": "words_a48b30", 
                            "orth": "w", 
                            "rule": "prep -> Prep"
                        }, 
                        {
                            "candidateInterpretations": [
                                {
                                    "base": "rok", 
                                    "ctag": "Noun", 
                                    "msd": "sg:loc:m3"
                                }
                            ], 
                            "childIds": [
                                "seg-1.1.11"
                            ], 
                            "chosenInterpretation": {
                                "base": "rok", 
                                "ctag": "Noun", 
                                "msd": "sg:loc:m3"
                            }, 
                            "id": "words_a48b34", 
                            "orth": "roku", 
                            "rule": "subst|depr|ger -> Noun"
                        }, 
                        {
                            "candidateInterpretations": [
                                {
                                    "base": "!", 
                                    "ctag": "Interp", 
                                    "msd": ""
                                }
                            ], 
                            "childIds": [
                                "seg-1.1.12"
                            ], 
                            "chosenInterpretation": {
                                "base": "!", 
                                "ctag": "Interp", 
                                "msd": ""
                            }, 
                            "id": "words_a48b28", 
                            "orth": "!", 
                            "rule": "interp -> Interp"
                        }, 
                        {
                            "candidateInterpretations": [
                                {
                                    "base": "oto", 
                                    "ctag": "Qub", 
                                    "msd": ""
                                }
                            ], 
                            "childIds": [
                                "seg-1.1.13"
                            ], 
                            "chosenInterpretation": {
                                "base": "oto", 
                                "ctag": "Qub", 
                                "msd": ""
                            }, 
                            "id": "words_a48b2c", 
                            "orth": "Oto", 
                            "rule": "qub -> Qub"
                        }, 
                        {
                            "candidateInterpretations": [
                                {
                                    "base": "film", 
                                    "ctag": "Noun", 
                                    "msd": "sg:nom:m3"
                                }
                            ], 
                            "childIds": [
                                "seg-1.1.14"
                            ], 
                            "chosenInterpretation": {
                                "base": "film", 
                                "ctag": "Noun", 
                                "msd": "sg:nom:m3"
                            }, 
                            "id": "words_a48b35", 
                            "orth": "film", 
                            "rule": "subst|depr|ger -> Noun"
                        }, 
                        {
                            "candidateInterpretations": [
                                {
                                    "base": "o", 
                                    "ctag": "Prep", 
                                    "msd": "loc"
                                }
                            ], 
                            "childIds": [
                                "seg-1.1.15"
                            ], 
                            "chosenInterpretation": {
                                "base": "o", 
                                "ctag": "Prep", 
                                "msd": "loc"
                            }, 
                            "id": "words_a48b31", 
                            "orth": "o", 
                            "rule": "prep -> Prep"
                        }, 
                        {
                            "candidateInterpretations": [
                                {
                                    "base": "terapia", 
                                    "ctag": "Noun", 
                                    "msd": "sg:loc:f"
                                }
                            ], 
                            "childIds": [
                                "seg-1.1.16"
                            ], 
                            "chosenInterpretation": {
                                "base": "terapia", 
                                "ctag": "Noun", 
                                "msd": "sg:loc:f"
                            }, 
                            "id": "words_a48b36", 
                            "orth": "terapii", 
                            "rule": "subst|depr|ger -> Noun"
                        }, 
                        {
                            "candidateInterpretations": [
                                {
                                    "base": ",", 
                                    "ctag": "Interp", 
                                    "msd": ""
                                }
                            ], 
                            "childIds": [
                                "seg-1.1.17"
                            ], 
                            "chosenInterpretation": {
                                "base": ",", 
                                "ctag": "Interp", 
                                "msd": ""
                            }, 
                            "id": "words_a48b29", 
                            "orth": ",", 
                            "rule": "interp -> Interp"
                        }, 
                        {
                            "candidateInterpretations": [
                                {
                                    "base": "kt\u00f3ry", 
                                    "ctag": "Adj", 
                                    "msd": "sg:acc:f:pos"
                                }
                            ], 
                            "childIds": [
                                "seg-1.1.18"
                            ], 
                            "chosenInterpretation": {
                                "base": "kt\u00f3ry", 
                                "ctag": "Adj", 
                                "msd": "sg:acc:f:pos"
                            }, 
                            "id": "words_a48b24", 
                            "orth": "kt\u00f3r\u0105", 
                            "rule": "adj -> Adj"
                        }, 
                        {
                            "candidateInterpretations": [
                                {
                                    "base": "nazwa\u0107", 
                                    "ctag": "Inf", 
                                    "msd": "perf:nrefl:aff"
                                }
                            ], 
                            "childIds": [
                                "seg-1.1.19"
                            ], 
                            "chosenInterpretation": {
                                "base": "nazwa\u0107", 
                                "ctag": "Inf", 
                                "msd": "perf:nrefl:aff"
                            }, 
                            "id": "words_a48b21", 
                            "orth": "nazwa\u0107", 
                            "rule": "inf -> Inf"
                        }, 
                        {
                            "candidateInterpretations": [
                                {
                                    "base": "mo\u017cna", 
                                    "ctag": "Pred", 
                                    "msd": "pres:ind:imperf:aff"
                                }
                            ], 
                            "childIds": [
                                "seg-1.1.20"
                            ], 
                            "chosenInterpretation": {
                                "base": "mo\u017cna", 
                                "ctag": "Pred", 
                                "msd": "pres:ind:imperf:aff"
                            }, 
                            "id": "words_a48b22", 
                            "orth": "mo\u017cna", 
                            "rule": "pred -> Pred"
                        }, 
                        {
                            "candidateInterpretations": [
                                {
                                    "base": "\u015bwi\u0119ty", 
                                    "ctag": "Adj", 
                                    "msd": "sg:inst:m1:pos"
                                }
                            ], 
                            "childIds": [
                                "seg-1.1.21"
                            ], 
                            "chosenInterpretation": {
                                "base": "\u015bwi\u0119ty", 
                                "ctag": "Adj", 
                                "msd": "sg:inst:m1:pos"
                            }, 
                            "id": "words_a48b25", 
                            "orth": "\u015awi\u0119tym", 
                            "rule": "adj -> Adj"
                        }, 
                        {
                            "candidateInterpretations": [
                                {
                                    "base": "leczenie", 
                                    "ctag": "Noun", 
                                    "msd": "sg:gen:n"
                                }
                            ], 
                            "childIds": [
                                "seg-1.1.23"
                            ], 
                            "chosenInterpretation": {
                                "base": "leczenie", 
                                "ctag": "Noun", 
                                "msd": "sg:gen:n"
                            }, 
                            "id": "words_a48b37", 
                            "orth": "leczenia", 
                            "rule": "subst|depr|ger -> Noun"
                        }, 
                        {
                            "candidateInterpretations": [
                                {
                                    "base": "nowotw\u00f3r", 
                                    "ctag": "Noun", 
                                    "msd": "pl:gen:m3"
                                }
                            ], 
                            "childIds": [
                                "seg-1.1.24"
                            ], 
                            "chosenInterpretation": {
                                "base": "nowotw\u00f3r", 
                                "ctag": "Noun", 
                                "msd": "pl:gen:m3"
                            }, 
                            "id": "words_a48b38", 
                            "orth": "nowotwor\u00f3w", 
                            "rule": "subst|depr|ger -> Noun"
                        }, 
                        {
                            "candidateInterpretations": [
                                {
                                    "base": ".", 
                                    "ctag": "Interp", 
                                    "msd": ""
                                }
                            ], 
                            "childIds": [
                                "seg-1.1.25"
                            ], 
                            "chosenInterpretation": {
                                "base": ".", 
                                "ctag": "Interp", 
                                "msd": ""
                            }, 
                            "id": "words_a48b2a", 
                            "orth": ".", 
                            "rule": "interp -> Interp"
                        }, 
                        {
                            "candidateInterpretations": [
                                {
                                    "base": "ale", 
                                    "ctag": "Conj", 
                                    "msd": ""
                                }
                            ], 
                            "childIds": [
                                "seg-1.1.26"
                            ], 
                            "chosenInterpretation": {
                                "base": "ale", 
                                "ctag": "Conj", 
                                "msd": ""
                            }, 
                            "id": "words_a48b26", 
                            "orth": "Ale", 
                            "rule": "conj -> Conj"
                        }, 
                        {
                            "candidateInterpretations": [
                                {
                                    "base": "nie", 
                                    "ctag": "Qub", 
                                    "msd": ""
                                }
                            ], 
                            "childIds": [
                                "seg-1.1.27"
                            ], 
                            "chosenInterpretation": {
                                "base": "nie", 
                                "ctag": "Qub", 
                                "msd": ""
                            }, 
                            "id": "words_a48b2d", 
                            "orth": "nie", 
                            "rule": "qub -> Qub"
                        }, 
                        {
                            "candidateInterpretations": [
                                {
                                    "base": "tylko", 
                                    "ctag": "Qub", 
                                    "msd": ""
                                }
                            ], 
                            "childIds": [
                                "seg-1.1.28"
                            ], 
                            "chosenInterpretation": {
                                "base": "tylko", 
                                "ctag": "Qub", 
                                "msd": ""
                            }, 
                            "id": "words_a48b2e", 
                            "orth": "tylko", 
                            "rule": "qub -> Qub"
                        }, 
                        {
                            "candidateInterpretations": [
                                {
                                    "base": ".", 
                                    "ctag": "Interp", 
                                    "msd": ""
                                }
                            ], 
                            "childIds": [
                                "seg-1.1.29"
                            ], 
                            "chosenInterpretation": {
                                "base": ".", 
                                "ctag": "Interp", 
                                "msd": ""
                            }, 
                            "id": "words_a48b2b", 
                            "orth": ".", 
                            "rule": "interp -> Interp"
                        }
                    ]
                }
            ], 
            "text": "   Lekarstwo na raka zosta\u0142o wynalezione! ...w 1928 roku! Oto film o terapii, kt\u00f3r\u0105 nazwa\u0107 mo\u017cna \u015awi\u0119tym Graalem leczenia nowotwor\u00f3w.  Ale nie tylko."
        }
    ], 
    "summary": "", 
    "textHeader": {
        "distributor": "Multiservice", 
        "id": "", 
        "processingDuration": 875, 
        "publicationTime": 1553562688946, 
        "retrievedFrom": "", 
        "sourceDescText": "", 
        "title": ""
    }
}