{
    "annotationDetails": {
        "hasMorphosyntaxDisambiguated": true, 
        "hasMorphosyntaxPartiallyDisambiguated": true, 
        "hasSegmentsDisambiguated": true
    }, 
    "annotationHeaders": {
        "0": {
            "distributor": "Pantera", 
            "id": "", 
            "processingDuration": 47, 
            "publicationTime": 1553562903742, 
            "retrievedFrom": "", 
            "sourceDescText": "", 
            "title": ""
        }, 
        "1": {
            "distributor": "Pantera; modified by Spejd", 
            "id": "", 
            "processingDuration": 51, 
            "publicationTime": 1553562903742, 
            "retrievedFrom": "", 
            "sourceDescText": "", 
            "title": ""
        }, 
        "2": {
            "distributor": "Spejd", 
            "id": "", 
            "processingDuration": 4, 
            "publicationTime": 1553562903742, 
            "retrievedFrom": "", 
            "sourceDescText": "", 
            "title": ""
        }, 
        "3": {
            "distributor": "Spejd", 
            "id": "", 
            "processingDuration": 4, 
            "publicationTime": 1553562903742, 
            "retrievedFrom": "", 
            "sourceDescText": "", 
            "title": ""
        }, 
        "4": {
            "distributor": "Nerf", 
            "id": "", 
            "processingDuration": 23, 
            "publicationTime": 1553562903742, 
            "retrievedFrom": "", 
            "sourceDescText": "", 
            "title": ""
        }, 
        "7": {
            "distributor": "MentionDetector", 
            "id": null, 
            "processingDuration": 2, 
            "publicationTime": 1553562903742, 
            "retrievedFrom": null, 
            "sourceDescText": null, 
            "title": null
        }, 
        "8": {
            "distributor": "Bartek", 
            "id": null, 
            "processingDuration": 7, 
            "publicationTime": 1553562903742, 
            "retrievedFrom": null, 
            "sourceDescText": null, 
            "title": null
        }
    }, 
    "coreferences": [
        {
            "dominant": "gra\u0107", 
            "id": "c-0", 
            "mentionIds": [
                "m-0", 
                "m-6"
            ], 
            "sourceMentionId": null, 
            "type": "ident"
        }, 
        {
            "dominant": "3 raz", 
            "id": "c-1", 
            "mentionIds": [
                "m-1"
            ], 
            "sourceMentionId": null, 
            "type": "ident"
        }, 
        {
            "dominant": "tydzie\u0144", 
            "id": "c-2", 
            "mentionIds": [
                "m-2"
            ], 
            "sourceMentionId": null, 
            "type": "ident"
        }, 
        {
            "dominant": "p\u0142yn", 
            "id": "c-3", 
            "mentionIds": [
                "m-3"
            ], 
            "sourceMentionId": null, 
            "type": "ident"
        }, 
        {
            "dominant": "50 MG", 
            "id": "c-4", 
            "mentionIds": [
                "m-4"
            ], 
            "sourceMentionId": null, 
            "type": "ident"
        }, 
        {
            "dominant": "dieta", 
            "id": "c-5", 
            "mentionIds": [
                "m-5"
            ], 
            "sourceMentionId": null, 
            "type": "ident"
        }, 
        {
            "dominant": "wynik", 
            "id": "c-6", 
            "mentionIds": [
                "m-7"
            ], 
            "sourceMentionId": null, 
            "type": "ident"
        }
    ], 
    "paragraphs": [
        {
            "id": "p-1", 
            "sentences": [
                {
                    "dependencyParse": [], 
                    "groups": [
                        {
                            "childIds": [
                                "seg-1.1.2", 
                                "words_a4a349"
                            ], 
                            "id": "groups_a4a34f", 
                            "orth": "3 razy", 
                            "rule": "NGl: (Qub) + (Adj) + liczba cyframi + (Adj) + Noun + (Adj) (zgoda + rz\u0105d)", 
                            "semanticHeadId": "words_a4a349", 
                            "syntacticHeadId": "seg-1.1.2", 
                            "type": "NGl"
                        }, 
                        {
                            "childIds": [
                                "words_a4a347", 
                                "groups_a4a351"
                            ], 
                            "id": "groups_a4a356", 
                            "orth": "w tygodniu", 
                            "rule": "PrepNG: Prep + NG", 
                            "semanticHeadId": "words_a4a34a", 
                            "syntacticHeadId": "words_a4a347", 
                            "type": "PrepNG"
                        }, 
                        {
                            "childIds": [
                                "words_a4a34a"
                            ], 
                            "id": "groups_a4a351", 
                            "orth": "tygodniu", 
                            "rule": "(Qub) + Noun", 
                            "semanticHeadId": "words_a4a34a", 
                            "syntacticHeadId": "words_a4a34a", 
                            "type": "NG"
                        }, 
                        {
                            "childIds": [
                                "words_a4a341"
                            ], 
                            "id": "groups_a4a355", 
                            "orth": "tego", 
                            "rule": "(Qub) + Adj", 
                            "semanticHeadId": "words_a4a341", 
                            "syntacticHeadId": "words_a4a341", 
                            "type": "AdjG"
                        }, 
                        {
                            "childIds": [
                                "words_a4a34b"
                            ], 
                            "id": "groups_a4a352", 
                            "orth": "p\u0142yn", 
                            "rule": "(Qub) + Noun", 
                            "semanticHeadId": "words_a4a34b", 
                            "syntacticHeadId": "words_a4a34b", 
                            "type": "NG"
                        }, 
                        {
                            "childIds": [
                                "seg-1.1.11", 
                                "words_a4a34c"
                            ], 
                            "id": "groups_a4a350", 
                            "orth": "50 mg", 
                            "rule": "NGl: (Qub) + (Adj) + liczba cyframi + (Adj) + Noun + (Adj) (zgoda + rz\u0105d)", 
                            "semanticHeadId": "words_a4a34c", 
                            "syntacticHeadId": "seg-1.1.11", 
                            "type": "NGl"
                        }, 
                        {
                            "childIds": [
                                "words_a4a34d"
                            ], 
                            "id": "groups_a4a353", 
                            "orth": "Dieta", 
                            "rule": "(Qub) + Noun", 
                            "semanticHeadId": "words_a4a34d", 
                            "syntacticHeadId": "words_a4a34d", 
                            "type": "NG"
                        }, 
                        {
                            "childIds": [
                                "words_a4a34e"
                            ], 
                            "id": "groups_a4a354", 
                            "orth": "wyniki", 
                            "rule": "(Qub) + Noun", 
                            "semanticHeadId": "words_a4a34e", 
                            "syntacticHeadId": "words_a4a34e", 
                            "type": "NG"
                        }
                    ], 
                    "id": "s-1.1", 
                    "mentions": [
                        {
                            "childIds": [
                                "seg-1.1.1"
                            ], 
                            "headIds": [
                                "seg-1.1.1"
                            ], 
                            "id": "m-0", 
                            "zeroSubject": true
                        }, 
                        {
                            "childIds": [
                                "seg-1.1.2", 
                                "seg-1.1.3"
                            ], 
                            "headIds": [
                                "seg-1.1.3"
                            ], 
                            "id": "m-1", 
                            "zeroSubject": false
                        }, 
                        {
                            "childIds": [
                                "seg-1.1.5"
                            ], 
                            "headIds": [
                                "seg-1.1.5"
                            ], 
                            "id": "m-2", 
                            "zeroSubject": false
                        }, 
                        {
                            "childIds": [
                                "seg-1.1.9"
                            ], 
                            "headIds": [
                                "seg-1.1.9"
                            ], 
                            "id": "m-3", 
                            "zeroSubject": false
                        }, 
                        {
                            "childIds": [
                                "seg-1.1.11", 
                                "seg-1.1.12"
                            ], 
                            "headIds": [
                                "seg-1.1.12"
                            ], 
                            "id": "m-4", 
                            "zeroSubject": false
                        }, 
                        {
                            "childIds": [
                                "seg-1.1.15"
                            ], 
                            "headIds": [
                                "seg-1.1.15"
                            ], 
                            "id": "m-5", 
                            "zeroSubject": false
                        }, 
                        {
                            "childIds": [
                                "seg-1.1.19"
                            ], 
                            "headIds": [
                                "seg-1.1.19"
                            ], 
                            "id": "m-6", 
                            "zeroSubject": true
                        }, 
                        {
                            "childIds": [
                                "seg-1.1.20"
                            ], 
                            "headIds": [
                                "seg-1.1.20"
                            ], 
                            "id": "m-7", 
                            "zeroSubject": false
                        }
                    ], 
                    "names": [
                        {
                            "base": "", 
                            "childIds": [
                                "seg-1.1.10"
                            ], 
                            "id": "ne.s-1.1.0", 
                            "orth": "Lugola", 
                            "subtype": "surname", 
                            "type": "persName"
                        }, 
                        {
                            "base": "", 
                            "childIds": [
                                "ne.s-1.1.0"
                            ], 
                            "id": "ne.s-1.1.1", 
                            "orth": "Lugola", 
                            "subtype": "", 
                            "type": "persName"
                        }
                    ], 
                    "rejectedTokens": [], 
                    "sentimentTags": [], 
                    "tokens": [
                        {
                            "candidateInterpretations": [
                                {
                                    "base": "80", 
                                    "ctag": "ign", 
                                    "msd": ""
                                }
                            ], 
                            "chosenInterpretation": {
                                "base": "80", 
                                "ctag": "ign", 
                                "msd": ""
                            }, 
                            "id": "seg-1.1.0", 
                            "interpretations": [
                                {
                                    "base": "80", 
                                    "ctag": "ign", 
                                    "msd": ""
                                }
                            ], 
                            "noPrecedingSpace": false, 
                            "offset": 1, 
                            "orth": "80"
                        }, 
                        {
                            "candidateInterpretations": [
                                {
                                    "base": "gra\u0107", 
                                    "ctag": "fin", 
                                    "msd": "sg:pri:imperf"
                                }
                            ], 
                            "chosenInterpretation": {
                                "base": "gra\u0107", 
                                "ctag": "fin", 
                                "msd": "sg:pri:imperf"
                            }, 
                            "id": "seg-1.1.1", 
                            "interpretations": [
                                {
                                    "base": "gra\u0107", 
                                    "ctag": "fin", 
                                    "msd": "sg:pri:imperf"
                                }
                            ], 
                            "noPrecedingSpace": false, 
                            "offset": 4, 
                            "orth": "gram"
                        }, 
                        {
                            "candidateInterpretations": [
                                {
                                    "base": "3", 
                                    "ctag": "ign", 
                                    "msd": ""
                                }
                            ], 
                            "chosenInterpretation": {
                                "base": "3", 
                                "ctag": "ign", 
                                "msd": ""
                            }, 
                            "id": "seg-1.1.2", 
                            "interpretations": [
                                {
                                    "base": "3", 
                                    "ctag": "ign", 
                                    "msd": ""
                                }
                            ], 
                            "noPrecedingSpace": false, 
                            "offset": 9, 
                            "orth": "3"
                        }, 
                        {
                            "candidateInterpretations": [
                                {
                                    "base": "raz", 
                                    "ctag": "subst", 
                                    "msd": "pl:gen:m3"
                                }
                            ], 
                            "chosenInterpretation": {
                                "base": "raz", 
                                "ctag": "subst", 
                                "msd": "pl:gen:m3"
                            }, 
                            "id": "seg-1.1.3", 
                            "interpretations": [
                                {
                                    "base": "raz", 
                                    "ctag": "subst", 
                                    "msd": "pl:gen:m3"
                                }
                            ], 
                            "noPrecedingSpace": false, 
                            "offset": 11, 
                            "orth": "razy"
                        }, 
                        {
                            "candidateInterpretations": [
                                {
                                    "base": "w", 
                                    "ctag": "prep", 
                                    "msd": "loc:nwok"
                                }
                            ], 
                            "chosenInterpretation": {
                                "base": "w", 
                                "ctag": "prep", 
                                "msd": "loc:nwok"
                            }, 
                            "id": "seg-1.1.4", 
                            "interpretations": [
                                {
                                    "base": "w", 
                                    "ctag": "prep", 
                                    "msd": "loc:nwok"
                                }
                            ], 
                            "noPrecedingSpace": false, 
                            "offset": 16, 
                            "orth": "w"
                        }, 
                        {
                            "candidateInterpretations": [
                                {
                                    "base": "tydzie\u0144", 
                                    "ctag": "subst", 
                                    "msd": "sg:loc:m3"
                                }
                            ], 
                            "chosenInterpretation": {
                                "base": "tydzie\u0144", 
                                "ctag": "subst", 
                                "msd": "sg:loc:m3"
                            }, 
                            "id": "seg-1.1.5", 
                            "interpretations": [
                                {
                                    "base": "tydzie\u0144", 
                                    "ctag": "subst", 
                                    "msd": "sg:loc:m3"
                                }
                            ], 
                            "noPrecedingSpace": false, 
                            "offset": 18, 
                            "orth": "tygodniu"
                        }, 
                        {
                            "candidateInterpretations": [
                                {
                                    "base": ".", 
                                    "ctag": "interp", 
                                    "msd": ""
                                }
                            ], 
                            "chosenInterpretation": {
                                "base": ".", 
                                "ctag": "interp", 
                                "msd": ""
                            }, 
                            "id": "seg-1.1.6", 
                            "interpretations": [
                                {
                                    "base": ".", 
                                    "ctag": "interp", 
                                    "msd": ""
                                }
                            ], 
                            "noPrecedingSpace": true, 
                            "offset": 26, 
                            "orth": "."
                        }, 
                        {
                            "candidateInterpretations": [
                                {
                                    "base": "do", 
                                    "ctag": "prep", 
                                    "msd": "gen"
                                }
                            ], 
                            "chosenInterpretation": {
                                "base": "do", 
                                "ctag": "prep", 
                                "msd": "gen"
                            }, 
                            "id": "seg-1.1.7", 
                            "interpretations": [
                                {
                                    "base": "do", 
                                    "ctag": "prep", 
                                    "msd": "gen"
                                }
                            ], 
                            "noPrecedingSpace": false, 
                            "offset": 29, 
                            "orth": "Do"
                        }, 
                        {
                            "candidateInterpretations": [
                                {
                                    "base": "ten", 
                                    "ctag": "adj", 
                                    "msd": "sg:gen:m3:pos"
                                }
                            ], 
                            "chosenInterpretation": {
                                "base": "ten", 
                                "ctag": "adj", 
                                "msd": "sg:gen:m3:pos"
                            }, 
                            "id": "seg-1.1.8", 
                            "interpretations": [
                                {
                                    "base": "ten", 
                                    "ctag": "adj", 
                                    "msd": "sg:gen:m3:pos"
                                }
                            ], 
                            "noPrecedingSpace": false, 
                            "offset": 32, 
                            "orth": "tego"
                        }, 
                        {
                            "candidateInterpretations": [
                                {
                                    "base": "p\u0142yn", 
                                    "ctag": "subst", 
                                    "msd": "sg:nom:m3"
                                }
                            ], 
                            "chosenInterpretation": {
                                "base": "p\u0142yn", 
                                "ctag": "subst", 
                                "msd": "sg:nom:m3"
                            }, 
                            "id": "seg-1.1.9", 
                            "interpretations": [
                                {
                                    "base": "p\u0142yn", 
                                    "ctag": "subst", 
                                    "msd": "sg:nom:m3"
                                }
                            ], 
                            "noPrecedingSpace": false, 
                            "offset": 37, 
                            "orth": "p\u0142yn"
                        }, 
                        {
                            "candidateInterpretations": [
                                {
                                    "base": "Lugola", 
                                    "ctag": "ign", 
                                    "msd": ""
                                }
                            ], 
                            "chosenInterpretation": {
                                "base": "Lugola", 
                                "ctag": "ign", 
                                "msd": ""
                            }, 
                            "id": "seg-1.1.10", 
                            "interpretations": [
                                {
                                    "base": "Lugola", 
                                    "ctag": "ign", 
                                    "msd": ""
                                }
                            ], 
                            "noPrecedingSpace": false, 
                            "offset": 42, 
                            "orth": "Lugola"
                        }, 
                        {
                            "candidateInterpretations": [
                                {
                                    "base": "50", 
                                    "ctag": "ign", 
                                    "msd": ""
                                }
                            ], 
                            "chosenInterpretation": {
                                "base": "50", 
                                "ctag": "ign", 
                                "msd": ""
                            }, 
                            "id": "seg-1.1.11", 
                            "interpretations": [
                                {
                                    "base": "50", 
                                    "ctag": "ign", 
                                    "msd": ""
                                }
                            ], 
                            "noPrecedingSpace": false, 
                            "offset": 49, 
                            "orth": "50"
                        }, 
                        {
                            "candidateInterpretations": [
                                {
                                    "base": "MG", 
                                    "ctag": "subst", 
                                    "msd": "sg:nom:m3"
                                }
                            ], 
                            "chosenInterpretation": {
                                "base": "MG", 
                                "ctag": "subst", 
                                "msd": "sg:nom:m3"
                            }, 
                            "id": "seg-1.1.12", 
                            "interpretations": [
                                {
                                    "base": "MG", 
                                    "ctag": "subst", 
                                    "msd": "sg:nom:m3"
                                }
                            ], 
                            "noPrecedingSpace": false, 
                            "offset": 52, 
                            "orth": "mg"
                        }, 
                        {
                            "candidateInterpretations": [
                                {
                                    "base": "dziennie", 
                                    "ctag": "adv", 
                                    "msd": "pos"
                                }
                            ], 
                            "chosenInterpretation": {
                                "base": "dziennie", 
                                "ctag": "adv", 
                                "msd": "pos"
                            }, 
                            "id": "seg-1.1.13", 
                            "interpretations": [
                                {
                                    "base": "dziennie", 
                                    "ctag": "adv", 
                                    "msd": "pos"
                                }
                            ], 
                            "noPrecedingSpace": false, 
                            "offset": 55, 
                            "orth": "dziennie"
                        }, 
                        {
                            "candidateInterpretations": [
                                {
                                    "base": ".", 
                                    "ctag": "interp", 
                                    "msd": ""
                                }
                            ], 
                            "chosenInterpretation": {
                                "base": ".", 
                                "ctag": "interp", 
                                "msd": ""
                            }, 
                            "id": "seg-1.1.14", 
                            "interpretations": [
                                {
                                    "base": ".", 
                                    "ctag": "interp", 
                                    "msd": ""
                                }
                            ], 
                            "noPrecedingSpace": true, 
                            "offset": 63, 
                            "orth": "."
                        }, 
                        {
                            "candidateInterpretations": [
                                {
                                    "base": "dieta", 
                                    "ctag": "subst", 
                                    "msd": "sg:nom:f"
                                }
                            ], 
                            "chosenInterpretation": {
                                "base": "dieta", 
                                "ctag": "subst", 
                                "msd": "sg:nom:f"
                            }, 
                            "id": "seg-1.1.15", 
                            "interpretations": [
                                {
                                    "base": "dieta", 
                                    "ctag": "subst", 
                                    "msd": "sg:nom:f"
                                }
                            ], 
                            "noPrecedingSpace": false, 
                            "offset": 66, 
                            "orth": "Dieta"
                        }, 
                        {
                            "candidateInterpretations": [
                                {
                                    "base": ".", 
                                    "ctag": "interp", 
                                    "msd": ""
                                }
                            ], 
                            "chosenInterpretation": {
                                "base": ".", 
                                "ctag": "interp", 
                                "msd": ""
                            }, 
                            "id": "seg-1.1.16", 
                            "interpretations": [
                                {
                                    "base": ".", 
                                    "ctag": "interp", 
                                    "msd": ""
                                }
                            ], 
                            "noPrecedingSpace": true, 
                            "offset": 71, 
                            "orth": "."
                        }, 
                        {
                            "candidateInterpretations": [
                                {
                                    "base": "Dzis", 
                                    "ctag": "ign", 
                                    "msd": ""
                                }
                            ], 
                            "chosenInterpretation": {
                                "base": "Dzis", 
                                "ctag": "ign", 
                                "msd": ""
                            }, 
                            "id": "seg-1.1.17", 
                            "interpretations": [
                                {
                                    "base": "Dzis", 
                                    "ctag": "ign", 
                                    "msd": ""
                                }
                            ], 
                            "noPrecedingSpace": false, 
                            "offset": 74, 
                            "orth": "Dzis"
                        }, 
                        {
                            "candidateInterpretations": [
                                {
                                    "base": "zrobi\u0107", 
                                    "ctag": "praet", 
                                    "msd": "sg:f:perf"
                                }
                            ], 
                            "chosenInterpretation": {
                                "base": "zrobi\u0107", 
                                "ctag": "praet", 
                                "msd": "sg:f:perf"
                            }, 
                            "id": "seg-1.1.18", 
                            "interpretations": [
                                {
                                    "base": "zrobi\u0107", 
                                    "ctag": "praet", 
                                    "msd": "sg:f:perf"
                                }
                            ], 
                            "noPrecedingSpace": false, 
                            "offset": 79, 
                            "orth": "zrobi\u0142a"
                        }, 
                        {
                            "candidateInterpretations": [
                                {
                                    "base": "by\u0107", 
                                    "ctag": "aglt", 
                                    "msd": "sg:pri:imperf:nwok"
                                }
                            ], 
                            "chosenInterpretation": {
                                "base": "by\u0107", 
                                "ctag": "aglt", 
                                "msd": "sg:pri:imperf:nwok"
                            }, 
                            "id": "seg-1.1.19", 
                            "interpretations": [
                                {
                                    "base": "by\u0107", 
                                    "ctag": "aglt", 
                                    "msd": "sg:pri:imperf:nwok"
                                }
                            ], 
                            "noPrecedingSpace": true, 
                            "offset": 86, 
                            "orth": "m"
                        }, 
                        {
                            "candidateInterpretations": [
                                {
                                    "base": "wynik", 
                                    "ctag": "subst", 
                                    "msd": "pl:acc:m3"
                                }
                            ], 
                            "chosenInterpretation": {
                                "base": "wynik", 
                                "ctag": "subst", 
                                "msd": "pl:acc:m3"
                            }, 
                            "id": "seg-1.1.20", 
                            "interpretations": [
                                {
                                    "base": "wynik", 
                                    "ctag": "subst", 
                                    "msd": "pl:acc:m3"
                                }
                            ], 
                            "noPrecedingSpace": false, 
                            "offset": 88, 
                            "orth": "wyniki"
                        }, 
                        {
                            "candidateInterpretations": [
                                {
                                    "base": ".", 
                                    "ctag": "interp", 
                                    "msd": ""
                                }
                            ], 
                            "chosenInterpretation": {
                                "base": ".", 
                                "ctag": "interp", 
                                "msd": ""
                            }, 
                            "id": "seg-1.1.21", 
                            "interpretations": [
                                {
                                    "base": ".", 
                                    "ctag": "interp", 
                                    "msd": ""
                                }
                            ], 
                            "noPrecedingSpace": true, 
                            "offset": 94, 
                            "orth": "."
                        }
                    ], 
                    "words": [
                        {
                            "candidateInterpretations": [
                                {
                                    "base": "gra\u0107", 
                                    "ctag": "Verbfin", 
                                    "msd": "sg:pri:pres:ind:imperf:nrefl:aff"
                                }
                            ], 
                            "childIds": [
                                "seg-1.1.1"
                            ], 
                            "chosenInterpretation": {
                                "base": "gra\u0107", 
                                "ctag": "Verbfin", 
                                "msd": "sg:pri:pres:ind:imperf:nrefl:aff"
                            }, 
                            "id": "words_a4a340", 
                            "orth": "gram", 
                            "rule": "fin imperf -> Verbfin"
                        }, 
                        {
                            "candidateInterpretations": [
                                {
                                    "base": "raz", 
                                    "ctag": "Noun", 
                                    "msd": "pl:gen:m3"
                                }
                            ], 
                            "childIds": [
                                "seg-1.1.3"
                            ], 
                            "chosenInterpretation": {
                                "base": "raz", 
                                "ctag": "Noun", 
                                "msd": "pl:gen:m3"
                            }, 
                            "id": "words_a4a349", 
                            "orth": "razy", 
                            "rule": "subst|depr|ger -> Noun"
                        }, 
                        {
                            "candidateInterpretations": [
                                {
                                    "base": "w", 
                                    "ctag": "Prep", 
                                    "msd": "loc:nwok"
                                }
                            ], 
                            "childIds": [
                                "seg-1.1.4"
                            ], 
                            "chosenInterpretation": {
                                "base": "w", 
                                "ctag": "Prep", 
                                "msd": "loc:nwok"
                            }, 
                            "id": "words_a4a347", 
                            "orth": "w", 
                            "rule": "prep -> Prep"
                        }, 
                        {
                            "candidateInterpretations": [
                                {
                                    "base": "tydzie\u0144", 
                                    "ctag": "Noun", 
                                    "msd": "sg:loc:m3"
                                }
                            ], 
                            "childIds": [
                                "seg-1.1.5"
                            ], 
                            "chosenInterpretation": {
                                "base": "tydzie\u0144", 
                                "ctag": "Noun", 
                                "msd": "sg:loc:m3"
                            }, 
                            "id": "words_a4a34a", 
                            "orth": "tygodniu", 
                            "rule": "subst|depr|ger -> Noun"
                        }, 
                        {
                            "candidateInterpretations": [
                                {
                                    "base": ".", 
                                    "ctag": "Interp", 
                                    "msd": ""
                                }
                            ], 
                            "childIds": [
                                "seg-1.1.6"
                            ], 
                            "chosenInterpretation": {
                                "base": ".", 
                                "ctag": "Interp", 
                                "msd": ""
                            }, 
                            "id": "words_a4a343", 
                            "orth": ".", 
                            "rule": "interp -> Interp"
                        }, 
                        {
                            "candidateInterpretations": [
                                {
                                    "base": "do", 
                                    "ctag": "Prep", 
                                    "msd": "gen"
                                }
                            ], 
                            "childIds": [
                                "seg-1.1.7"
                            ], 
                            "chosenInterpretation": {
                                "base": "do", 
                                "ctag": "Prep", 
                                "msd": "gen"
                            }, 
                            "id": "words_a4a348", 
                            "orth": "Do", 
                            "rule": "prep -> Prep"
                        }, 
                        {
                            "candidateInterpretations": [
                                {
                                    "base": "ten", 
                                    "ctag": "Adj", 
                                    "msd": "sg:gen:m3:pos"
                                }
                            ], 
                            "childIds": [
                                "seg-1.1.8"
                            ], 
                            "chosenInterpretation": {
                                "base": "ten", 
                                "ctag": "Adj", 
                                "msd": "sg:gen:m3:pos"
                            }, 
                            "id": "words_a4a341", 
                            "orth": "tego", 
                            "rule": "adj -> Adj"
                        }, 
                        {
                            "candidateInterpretations": [
                                {
                                    "base": "p\u0142yn", 
                                    "ctag": "Noun", 
                                    "msd": "sg:nom:m3"
                                }
                            ], 
                            "childIds": [
                                "seg-1.1.9"
                            ], 
                            "chosenInterpretation": {
                                "base": "p\u0142yn", 
                                "ctag": "Noun", 
                                "msd": "sg:nom:m3"
                            }, 
                            "id": "words_a4a34b", 
                            "orth": "p\u0142yn", 
                            "rule": "subst|depr|ger -> Noun"
                        }, 
                        {
                            "candidateInterpretations": [
                                {
                                    "base": "MG", 
                                    "ctag": "Noun", 
                                    "msd": "sg:nom:m3"
                                }
                            ], 
                            "childIds": [
                                "seg-1.1.12"
                            ], 
                            "chosenInterpretation": {
                                "base": "MG", 
                                "ctag": "Noun", 
                                "msd": "sg:nom:m3"
                            }, 
                            "id": "words_a4a34c", 
                            "orth": "mg", 
                            "rule": "subst|depr|ger -> Noun"
                        }, 
                        {
                            "candidateInterpretations": [
                                {
                                    "base": "dziennie", 
                                    "ctag": "Adv", 
                                    "msd": "pos"
                                }
                            ], 
                            "childIds": [
                                "seg-1.1.13"
                            ], 
                            "chosenInterpretation": {
                                "base": "dziennie", 
                                "ctag": "Adv", 
                                "msd": "pos"
                            }, 
                            "id": "words_a4a342", 
                            "orth": "dziennie", 
                            "rule": "adv -> Adv"
                        }, 
                        {
                            "candidateInterpretations": [
                                {
                                    "base": ".", 
                                    "ctag": "Interp", 
                                    "msd": ""
                                }
                            ], 
                            "childIds": [
                                "seg-1.1.14"
                            ], 
                            "chosenInterpretation": {
                                "base": ".", 
                                "ctag": "Interp", 
                                "msd": ""
                            }, 
                            "id": "words_a4a344", 
                            "orth": ".", 
                            "rule": "interp -> Interp"
                        }, 
                        {
                            "candidateInterpretations": [
                                {
                                    "base": "dieta", 
                                    "ctag": "Noun", 
                                    "msd": "sg:nom:f"
                                }
                            ], 
                            "childIds": [
                                "seg-1.1.15"
                            ], 
                            "chosenInterpretation": {
                                "base": "dieta", 
                                "ctag": "Noun", 
                                "msd": "sg:nom:f"
                            }, 
                            "id": "words_a4a34d", 
                            "orth": "Dieta", 
                            "rule": "subst|depr|ger -> Noun"
                        }, 
                        {
                            "candidateInterpretations": [
                                {
                                    "base": ".", 
                                    "ctag": "Interp", 
                                    "msd": ""
                                }
                            ], 
                            "childIds": [
                                "seg-1.1.16"
                            ], 
                            "chosenInterpretation": {
                                "base": ".", 
                                "ctag": "Interp", 
                                "msd": ""
                            }, 
                            "id": "words_a4a345", 
                            "orth": ".", 
                            "rule": "interp -> Interp"
                        }, 
                        {
                            "candidateInterpretations": [
                                {
                                    "base": "zrobi\u0107", 
                                    "ctag": "Verbfin", 
                                    "msd": "sg:pri:past:ind:perf:nrefl:aff:f"
                                }
                            ], 
                            "childIds": [
                                "seg-1.1.18", 
                                "seg-1.1.19"
                            ], 
                            "chosenInterpretation": {
                                "base": "zrobi\u0107", 
                                "ctag": "Verbfin", 
                                "msd": "sg:pri:past:ind:perf:nrefl:aff:f"
                            }, 
                            "id": "words_a4a33f", 
                            "orth": "zrobi\u0142am", 
                            "rule": "praet + aglt"
                        }, 
                        {
                            "candidateInterpretations": [
                                {
                                    "base": "wynik", 
                                    "ctag": "Noun", 
                                    "msd": "pl:acc:m3"
                                }
                            ], 
                            "childIds": [
                                "seg-1.1.20"
                            ], 
                            "chosenInterpretation": {
                                "base": "wynik", 
                                "ctag": "Noun", 
                                "msd": "pl:acc:m3"
                            }, 
                            "id": "words_a4a34e", 
                            "orth": "wyniki", 
                            "rule": "subst|depr|ger -> Noun"
                        }, 
                        {
                            "candidateInterpretations": [
                                {
                                    "base": ".", 
                                    "ctag": "Interp", 
                                    "msd": ""
                                }
                            ], 
                            "childIds": [
                                "seg-1.1.21"
                            ], 
                            "chosenInterpretation": {
                                "base": ".", 
                                "ctag": "Interp", 
                                "msd": ""
                            }, 
                            "id": "words_a4a346", 
                            "orth": ".", 
                            "rule": "interp -> Interp"
                        }
                    ]
                }
            ], 
            "text": " 80 gram 3 razy w tygodniu.  Do tego p\u0142yn Lugola 50 mg dziennie.  Dieta.  Dzis zrobi\u0142am wyniki."
        }
    ], 
    "summary": "", 
    "textHeader": {
        "distributor": "Multiservice", 
        "id": "", 
        "processingDuration": 1187, 
        "publicationTime": 1553562903742, 
        "retrievedFrom": "", 
        "sourceDescText": "", 
        "title": ""
    }
}