{
    "annotationDetails": {
        "hasMorphosyntaxDisambiguated": true, 
        "hasMorphosyntaxPartiallyDisambiguated": true, 
        "hasSegmentsDisambiguated": true
    }, 
    "annotationHeaders": {
        "0": {
            "distributor": "Pantera", 
            "id": "", 
            "processingDuration": 51, 
            "publicationTime": 1553562907104, 
            "retrievedFrom": "", 
            "sourceDescText": "", 
            "title": ""
        }, 
        "1": {
            "distributor": "Pantera; modified by Spejd", 
            "id": "", 
            "processingDuration": 53, 
            "publicationTime": 1553562907104, 
            "retrievedFrom": "", 
            "sourceDescText": "", 
            "title": ""
        }, 
        "2": {
            "distributor": "Spejd", 
            "id": "", 
            "processingDuration": 2, 
            "publicationTime": 1553562907104, 
            "retrievedFrom": "", 
            "sourceDescText": "", 
            "title": ""
        }, 
        "3": {
            "distributor": "Spejd", 
            "id": "", 
            "processingDuration": 2, 
            "publicationTime": 1553562907104, 
            "retrievedFrom": "", 
            "sourceDescText": "", 
            "title": ""
        }, 
        "4": {
            "distributor": "Nerf", 
            "id": "", 
            "processingDuration": 15, 
            "publicationTime": 1553562907104, 
            "retrievedFrom": "", 
            "sourceDescText": "", 
            "title": ""
        }, 
        "7": {
            "distributor": "MentionDetector", 
            "id": null, 
            "processingDuration": 3, 
            "publicationTime": 1553562907104, 
            "retrievedFrom": null, 
            "sourceDescText": null, 
            "title": null
        }, 
        "8": {
            "distributor": "Bartek", 
            "id": null, 
            "processingDuration": 1, 
            "publicationTime": 1553562907104, 
            "retrievedFrom": null, 
            "sourceDescText": null, 
            "title": null
        }
    }, 
    "coreferences": [
        {
            "dominant": "dieta", 
            "id": "c-0", 
            "mentionIds": [
                "m-0"
            ], 
            "sourceMentionId": null, 
            "type": "ident"
        }, 
        {
            "dominant": "by\u0107", 
            "id": "c-1", 
            "mentionIds": [
                "m-1"
            ], 
            "sourceMentionId": null, 
            "type": "ident"
        }, 
        {
            "dominant": "wynik", 
            "id": "c-2", 
            "mentionIds": [
                "m-2"
            ], 
            "sourceMentionId": null, 
            "type": "ident"
        }, 
        {
            "dominant": "Rak", 
            "id": "c-3", 
            "mentionIds": [
                "m-3"
            ], 
            "sourceMentionId": null, 
            "type": "ident"
        }
    ], 
    "paragraphs": [
        {
            "id": "p-1", 
            "sentences": [
                {
                    "dependencyParse": [], 
                    "groups": [
                        {
                            "childIds": [
                                "words_a4a377"
                            ], 
                            "id": "groups_a4a37a", 
                            "orth": "Dieta", 
                            "rule": "(Qub) + Noun", 
                            "semanticHeadId": "words_a4a377", 
                            "syntacticHeadId": "words_a4a377", 
                            "type": "NG"
                        }, 
                        {
                            "childIds": [
                                "words_a4a378"
                            ], 
                            "id": "groups_a4a37b", 
                            "orth": "wyniki", 
                            "rule": "(Qub) + Noun", 
                            "semanticHeadId": "words_a4a378", 
                            "syntacticHeadId": "words_a4a378", 
                            "type": "NG"
                        }, 
                        {
                            "childIds": [
                                "words_a4a379"
                            ], 
                            "id": "groups_a4a37c", 
                            "orth": "Rak", 
                            "rule": "(Qub) + Noun", 
                            "semanticHeadId": "words_a4a379", 
                            "syntacticHeadId": "words_a4a379", 
                            "type": "NG"
                        }
                    ], 
                    "id": "s-1.1", 
                    "mentions": [
                        {
                            "childIds": [
                                "seg-1.1.0"
                            ], 
                            "headIds": [
                                "seg-1.1.0"
                            ], 
                            "id": "m-0", 
                            "zeroSubject": false
                        }, 
                        {
                            "childIds": [
                                "seg-1.1.4"
                            ], 
                            "headIds": [
                                "seg-1.1.4"
                            ], 
                            "id": "m-1", 
                            "zeroSubject": true
                        }, 
                        {
                            "childIds": [
                                "seg-1.1.5"
                            ], 
                            "headIds": [
                                "seg-1.1.5"
                            ], 
                            "id": "m-2", 
                            "zeroSubject": false
                        }, 
                        {
                            "childIds": [
                                "seg-1.1.12"
                            ], 
                            "headIds": [
                                "seg-1.1.12"
                            ], 
                            "id": "m-3", 
                            "zeroSubject": false
                        }
                    ], 
                    "names": [], 
                    "rejectedTokens": [], 
                    "sentimentTags": [], 
                    "tokens": [
                        {
                            "candidateInterpretations": [
                                {
                                    "base": "dieta", 
                                    "ctag": "subst", 
                                    "msd": "sg:nom:f"
                                }
                            ], 
                            "chosenInterpretation": {
                                "base": "dieta", 
                                "ctag": "subst", 
                                "msd": "sg:nom:f"
                            }, 
                            "id": "seg-1.1.0", 
                            "interpretations": [
                                {
                                    "base": "dieta", 
                                    "ctag": "subst", 
                                    "msd": "sg:nom:f"
                                }
                            ], 
                            "noPrecedingSpace": false, 
                            "offset": 1, 
                            "orth": "Dieta"
                        }, 
                        {
                            "candidateInterpretations": [
                                {
                                    "base": ".", 
                                    "ctag": "interp", 
                                    "msd": ""
                                }
                            ], 
                            "chosenInterpretation": {
                                "base": ".", 
                                "ctag": "interp", 
                                "msd": ""
                            }, 
                            "id": "seg-1.1.1", 
                            "interpretations": [
                                {
                                    "base": ".", 
                                    "ctag": "interp", 
                                    "msd": ""
                                }
                            ], 
                            "noPrecedingSpace": true, 
                            "offset": 6, 
                            "orth": "."
                        }, 
                        {
                            "candidateInterpretations": [
                                {
                                    "base": "Dzis", 
                                    "ctag": "ign", 
                                    "msd": ""
                                }
                            ], 
                            "chosenInterpretation": {
                                "base": "Dzis", 
                                "ctag": "ign", 
                                "msd": ""
                            }, 
                            "id": "seg-1.1.2", 
                            "interpretations": [
                                {
                                    "base": "Dzis", 
                                    "ctag": "ign", 
                                    "msd": ""
                                }
                            ], 
                            "noPrecedingSpace": false, 
                            "offset": 9, 
                            "orth": "Dzis"
                        }, 
                        {
                            "candidateInterpretations": [
                                {
                                    "base": "zrobi\u0107", 
                                    "ctag": "praet", 
                                    "msd": "sg:f:perf"
                                }
                            ], 
                            "chosenInterpretation": {
                                "base": "zrobi\u0107", 
                                "ctag": "praet", 
                                "msd": "sg:f:perf"
                            }, 
                            "id": "seg-1.1.3", 
                            "interpretations": [
                                {
                                    "base": "zrobi\u0107", 
                                    "ctag": "praet", 
                                    "msd": "sg:f:perf"
                                }
                            ], 
                            "noPrecedingSpace": false, 
                            "offset": 14, 
                            "orth": "zrobi\u0142a"
                        }, 
                        {
                            "candidateInterpretations": [
                                {
                                    "base": "by\u0107", 
                                    "ctag": "aglt", 
                                    "msd": "sg:pri:imperf:nwok"
                                }
                            ], 
                            "chosenInterpretation": {
                                "base": "by\u0107", 
                                "ctag": "aglt", 
                                "msd": "sg:pri:imperf:nwok"
                            }, 
                            "id": "seg-1.1.4", 
                            "interpretations": [
                                {
                                    "base": "by\u0107", 
                                    "ctag": "aglt", 
                                    "msd": "sg:pri:imperf:nwok"
                                }
                            ], 
                            "noPrecedingSpace": true, 
                            "offset": 21, 
                            "orth": "m"
                        }, 
                        {
                            "candidateInterpretations": [
                                {
                                    "base": "wynik", 
                                    "ctag": "subst", 
                                    "msd": "pl:acc:m3"
                                }
                            ], 
                            "chosenInterpretation": {
                                "base": "wynik", 
                                "ctag": "subst", 
                                "msd": "pl:acc:m3"
                            }, 
                            "id": "seg-1.1.5", 
                            "interpretations": [
                                {
                                    "base": "wynik", 
                                    "ctag": "subst", 
                                    "msd": "pl:acc:m3"
                                }
                            ], 
                            "noPrecedingSpace": false, 
                            "offset": 23, 
                            "orth": "wyniki"
                        }, 
                        {
                            "candidateInterpretations": [
                                {
                                    "base": ".", 
                                    "ctag": "interp", 
                                    "msd": ""
                                }
                            ], 
                            "chosenInterpretation": {
                                "base": ".", 
                                "ctag": "interp", 
                                "msd": ""
                            }, 
                            "id": "seg-1.1.6", 
                            "interpretations": [
                                {
                                    "base": ".", 
                                    "ctag": "interp", 
                                    "msd": ""
                                }
                            ], 
                            "noPrecedingSpace": true, 
                            "offset": 29, 
                            "orth": "."
                        }, 
                        {
                            "candidateInterpretations": [
                                {
                                    "base": "by\u0107", 
                                    "ctag": "fin", 
                                    "msd": "sg:ter:imperf"
                                }
                            ], 
                            "chosenInterpretation": {
                                "base": "by\u0107", 
                                "ctag": "fin", 
                                "msd": "sg:ter:imperf"
                            }, 
                            "id": "seg-1.1.7", 
                            "interpretations": [
                                {
                                    "base": "by\u0107", 
                                    "ctag": "fin", 
                                    "msd": "sg:ter:imperf"
                                }
                            ], 
                            "noPrecedingSpace": false, 
                            "offset": 32, 
                            "orth": "Jest"
                        }, 
                        {
                            "candidateInterpretations": [
                                {
                                    "base": "\u017ale", 
                                    "ctag": "adv", 
                                    "msd": "com"
                                }
                            ], 
                            "chosenInterpretation": {
                                "base": "\u017ale", 
                                "ctag": "adv", 
                                "msd": "com"
                            }, 
                            "id": "seg-1.1.8", 
                            "interpretations": [
                                {
                                    "base": "\u017ale", 
                                    "ctag": "adv", 
                                    "msd": "com"
                                }
                            ], 
                            "noPrecedingSpace": false, 
                            "offset": 37, 
                            "orth": "gorzej"
                        }, 
                        {
                            "candidateInterpretations": [
                                {
                                    "base": "ni\u017c", 
                                    "ctag": "conj", 
                                    "msd": ""
                                }
                            ], 
                            "chosenInterpretation": {
                                "base": "ni\u017c", 
                                "ctag": "conj", 
                                "msd": ""
                            }, 
                            "id": "seg-1.1.9", 
                            "interpretations": [
                                {
                                    "base": "ni\u017c", 
                                    "ctag": "conj", 
                                    "msd": ""
                                }
                            ], 
                            "noPrecedingSpace": false, 
                            "offset": 44, 
                            "orth": "ni\u017c"
                        }, 
                        {
                            "candidateInterpretations": [
                                {
                                    "base": "by\u0107", 
                                    "ctag": "praet", 
                                    "msd": "sg:n:imperf"
                                }
                            ], 
                            "chosenInterpretation": {
                                "base": "by\u0107", 
                                "ctag": "praet", 
                                "msd": "sg:n:imperf"
                            }, 
                            "id": "seg-1.1.10", 
                            "interpretations": [
                                {
                                    "base": "by\u0107", 
                                    "ctag": "praet", 
                                    "msd": "sg:n:imperf"
                                }
                            ], 
                            "noPrecedingSpace": false, 
                            "offset": 48, 
                            "orth": "by\u0142o"
                        }, 
                        {
                            "candidateInterpretations": [
                                {
                                    "base": ".", 
                                    "ctag": "interp", 
                                    "msd": ""
                                }
                            ], 
                            "chosenInterpretation": {
                                "base": ".", 
                                "ctag": "interp", 
                                "msd": ""
                            }, 
                            "id": "seg-1.1.11", 
                            "interpretations": [
                                {
                                    "base": ".", 
                                    "ctag": "interp", 
                                    "msd": ""
                                }
                            ], 
                            "noPrecedingSpace": true, 
                            "offset": 52, 
                            "orth": "."
                        }, 
                        {
                            "candidateInterpretations": [
                                {
                                    "base": "Rak", 
                                    "ctag": "subst", 
                                    "msd": "sg:nom:m1"
                                }
                            ], 
                            "chosenInterpretation": {
                                "base": "Rak", 
                                "ctag": "subst", 
                                "msd": "sg:nom:m1"
                            }, 
                            "id": "seg-1.1.12", 
                            "interpretations": [
                                {
                                    "base": "Rak", 
                                    "ctag": "subst", 
                                    "msd": "sg:nom:m1"
                                }
                            ], 
                            "noPrecedingSpace": false, 
                            "offset": 55, 
                            "orth": "Rak"
                        }, 
                        {
                            "candidateInterpretations": [
                                {
                                    "base": "znacznie", 
                                    "ctag": "adv", 
                                    "msd": "pos"
                                }
                            ], 
                            "chosenInterpretation": {
                                "base": "znacznie", 
                                "ctag": "adv", 
                                "msd": "pos"
                            }, 
                            "id": "seg-1.1.13", 
                            "interpretations": [
                                {
                                    "base": "znacznie", 
                                    "ctag": "adv", 
                                    "msd": "pos"
                                }
                            ], 
                            "noPrecedingSpace": false, 
                            "offset": 59, 
                            "orth": "znacznie"
                        }, 
                        {
                            "candidateInterpretations": [
                                {
                                    "base": "przyspieszy\u0107", 
                                    "ctag": "praet", 
                                    "msd": "sg:m1:perf"
                                }
                            ], 
                            "chosenInterpretation": {
                                "base": "przyspieszy\u0107", 
                                "ctag": "praet", 
                                "msd": "sg:m1:perf"
                            }, 
                            "id": "seg-1.1.14", 
                            "interpretations": [
                                {
                                    "base": "przyspieszy\u0107", 
                                    "ctag": "praet", 
                                    "msd": "sg:m1:perf"
                                }
                            ], 
                            "noPrecedingSpace": false, 
                            "offset": 68, 
                            "orth": "przyspieszy\u0142"
                        }, 
                        {
                            "candidateInterpretations": [
                                {
                                    "base": ".", 
                                    "ctag": "interp", 
                                    "msd": ""
                                }
                            ], 
                            "chosenInterpretation": {
                                "base": ".", 
                                "ctag": "interp", 
                                "msd": ""
                            }, 
                            "id": "seg-1.1.15", 
                            "interpretations": [
                                {
                                    "base": ".", 
                                    "ctag": "interp", 
                                    "msd": ""
                                }
                            ], 
                            "noPrecedingSpace": true, 
                            "offset": 80, 
                            "orth": "."
                        }
                    ], 
                    "words": [
                        {
                            "candidateInterpretations": [
                                {
                                    "base": "dieta", 
                                    "ctag": "Noun", 
                                    "msd": "sg:nom:f"
                                }
                            ], 
                            "childIds": [
                                "seg-1.1.0"
                            ], 
                            "chosenInterpretation": {
                                "base": "dieta", 
                                "ctag": "Noun", 
                                "msd": "sg:nom:f"
                            }, 
                            "id": "words_a4a377", 
                            "orth": "Dieta", 
                            "rule": "subst|depr|ger -> Noun"
                        }, 
                        {
                            "candidateInterpretations": [
                                {
                                    "base": ".", 
                                    "ctag": "Interp", 
                                    "msd": ""
                                }
                            ], 
                            "childIds": [
                                "seg-1.1.1"
                            ], 
                            "chosenInterpretation": {
                                "base": ".", 
                                "ctag": "Interp", 
                                "msd": ""
                            }, 
                            "id": "words_a4a373", 
                            "orth": ".", 
                            "rule": "interp -> Interp"
                        }, 
                        {
                            "candidateInterpretations": [
                                {
                                    "base": "zrobi\u0107", 
                                    "ctag": "Verbfin", 
                                    "msd": "sg:pri:past:ind:perf:nrefl:aff:f"
                                }
                            ], 
                            "childIds": [
                                "seg-1.1.3", 
                                "seg-1.1.4"
                            ], 
                            "chosenInterpretation": {
                                "base": "zrobi\u0107", 
                                "ctag": "Verbfin", 
                                "msd": "sg:pri:past:ind:perf:nrefl:aff:f"
                            }, 
                            "id": "words_a4a36c", 
                            "orth": "zrobi\u0142am", 
                            "rule": "praet + aglt"
                        }, 
                        {
                            "candidateInterpretations": [
                                {
                                    "base": "wynik", 
                                    "ctag": "Noun", 
                                    "msd": "pl:acc:m3"
                                }
                            ], 
                            "childIds": [
                                "seg-1.1.5"
                            ], 
                            "chosenInterpretation": {
                                "base": "wynik", 
                                "ctag": "Noun", 
                                "msd": "pl:acc:m3"
                            }, 
                            "id": "words_a4a378", 
                            "orth": "wyniki", 
                            "rule": "subst|depr|ger -> Noun"
                        }, 
                        {
                            "candidateInterpretations": [
                                {
                                    "base": ".", 
                                    "ctag": "Interp", 
                                    "msd": ""
                                }
                            ], 
                            "childIds": [
                                "seg-1.1.6"
                            ], 
                            "chosenInterpretation": {
                                "base": ".", 
                                "ctag": "Interp", 
                                "msd": ""
                            }, 
                            "id": "words_a4a374", 
                            "orth": ".", 
                            "rule": "interp -> Interp"
                        }, 
                        {
                            "candidateInterpretations": [
                                {
                                    "base": "by\u0107", 
                                    "ctag": "Verbfin", 
                                    "msd": "sg:ter:pres:ind:imperf:nrefl:aff"
                                }
                            ], 
                            "childIds": [
                                "seg-1.1.7"
                            ], 
                            "chosenInterpretation": {
                                "base": "by\u0107", 
                                "ctag": "Verbfin", 
                                "msd": "sg:ter:pres:ind:imperf:nrefl:aff"
                            }, 
                            "id": "words_a4a36f", 
                            "orth": "Jest", 
                            "rule": "fin imperf -> Verbfin"
                        }, 
                        {
                            "candidateInterpretations": [
                                {
                                    "base": "\u017ale", 
                                    "ctag": "Adv", 
                                    "msd": "com"
                                }
                            ], 
                            "childIds": [
                                "seg-1.1.8"
                            ], 
                            "chosenInterpretation": {
                                "base": "\u017ale", 
                                "ctag": "Adv", 
                                "msd": "com"
                            }, 
                            "id": "words_a4a370", 
                            "orth": "gorzej", 
                            "rule": "adv -> Adv"
                        }, 
                        {
                            "candidateInterpretations": [
                                {
                                    "base": "ni\u017c", 
                                    "ctag": "Conj", 
                                    "msd": ""
                                }
                            ], 
                            "childIds": [
                                "seg-1.1.9"
                            ], 
                            "chosenInterpretation": {
                                "base": "ni\u017c", 
                                "ctag": "Conj", 
                                "msd": ""
                            }, 
                            "id": "words_a4a372", 
                            "orth": "ni\u017c", 
                            "rule": "conj -> Conj"
                        }, 
                        {
                            "candidateInterpretations": [
                                {
                                    "base": "by\u0107", 
                                    "ctag": "Verbfin", 
                                    "msd": "sg:ter:past:ind:imperf:nrefl:aff:n"
                                }
                            ], 
                            "childIds": [
                                "seg-1.1.10"
                            ], 
                            "chosenInterpretation": {
                                "base": "by\u0107", 
                                "ctag": "Verbfin", 
                                "msd": "sg:ter:past:ind:imperf:nrefl:aff:n"
                            }, 
                            "id": "words_a4a36d", 
                            "orth": "by\u0142o", 
                            "rule": "praet -> Verbfin"
                        }, 
                        {
                            "candidateInterpretations": [
                                {
                                    "base": ".", 
                                    "ctag": "Interp", 
                                    "msd": ""
                                }
                            ], 
                            "childIds": [
                                "seg-1.1.11"
                            ], 
                            "chosenInterpretation": {
                                "base": ".", 
                                "ctag": "Interp", 
                                "msd": ""
                            }, 
                            "id": "words_a4a375", 
                            "orth": ".", 
                            "rule": "interp -> Interp"
                        }, 
                        {
                            "candidateInterpretations": [
                                {
                                    "base": "Rak", 
                                    "ctag": "Noun", 
                                    "msd": "sg:nom:m1"
                                }
                            ], 
                            "childIds": [
                                "seg-1.1.12"
                            ], 
                            "chosenInterpretation": {
                                "base": "Rak", 
                                "ctag": "Noun", 
                                "msd": "sg:nom:m1"
                            }, 
                            "id": "words_a4a379", 
                            "orth": "Rak", 
                            "rule": "subst|depr|ger -> Noun"
                        }, 
                        {
                            "candidateInterpretations": [
                                {
                                    "base": "znacznie", 
                                    "ctag": "Adv", 
                                    "msd": "pos"
                                }
                            ], 
                            "childIds": [
                                "seg-1.1.13"
                            ], 
                            "chosenInterpretation": {
                                "base": "znacznie", 
                                "ctag": "Adv", 
                                "msd": "pos"
                            }, 
                            "id": "words_a4a371", 
                            "orth": "znacznie", 
                            "rule": "adv -> Adv"
                        }, 
                        {
                            "candidateInterpretations": [
                                {
                                    "base": "przyspieszy\u0107", 
                                    "ctag": "Verbfin", 
                                    "msd": "sg:ter:past:ind:perf:nrefl:aff:m1"
                                }
                            ], 
                            "childIds": [
                                "seg-1.1.14"
                            ], 
                            "chosenInterpretation": {
                                "base": "przyspieszy\u0107", 
                                "ctag": "Verbfin", 
                                "msd": "sg:ter:past:ind:perf:nrefl:aff:m1"
                            }, 
                            "id": "words_a4a36e", 
                            "orth": "przyspieszy\u0142", 
                            "rule": "praet -> Verbfin"
                        }, 
                        {
                            "candidateInterpretations": [
                                {
                                    "base": ".", 
                                    "ctag": "Interp", 
                                    "msd": ""
                                }
                            ], 
                            "childIds": [
                                "seg-1.1.15"
                            ], 
                            "chosenInterpretation": {
                                "base": ".", 
                                "ctag": "Interp", 
                                "msd": ""
                            }, 
                            "id": "words_a4a376", 
                            "orth": ".", 
                            "rule": "interp -> Interp"
                        }
                    ]
                }
            ], 
            "text": " Dieta.  Dzis zrobi\u0142am wyniki.  Jest gorzej ni\u017c by\u0142o.  Rak znacznie przyspieszy\u0142."
        }
    ], 
    "summary": "", 
    "textHeader": {
        "distributor": "Multiservice", 
        "id": "", 
        "processingDuration": 875, 
        "publicationTime": 1553562907104, 
        "retrievedFrom": "", 
        "sourceDescText": "", 
        "title": ""
    }
}