{
    "annotationDetails": {
        "hasMorphosyntaxDisambiguated": true, 
        "hasMorphosyntaxPartiallyDisambiguated": true, 
        "hasSegmentsDisambiguated": true
    }, 
    "annotationHeaders": {
        "0": {
            "distributor": "Pantera", 
            "id": "", 
            "processingDuration": 43, 
            "publicationTime": 1553563298629, 
            "retrievedFrom": "", 
            "sourceDescText": "", 
            "title": ""
        }, 
        "1": {
            "distributor": "Pantera; modified by Spejd", 
            "id": "", 
            "processingDuration": 173, 
            "publicationTime": 1553563298629, 
            "retrievedFrom": "", 
            "sourceDescText": "", 
            "title": ""
        }, 
        "2": {
            "distributor": "Spejd", 
            "id": "", 
            "processingDuration": 130, 
            "publicationTime": 1553563298629, 
            "retrievedFrom": "", 
            "sourceDescText": "", 
            "title": ""
        }, 
        "3": {
            "distributor": "Spejd", 
            "id": "", 
            "processingDuration": 130, 
            "publicationTime": 1553563298629, 
            "retrievedFrom": "", 
            "sourceDescText": "", 
            "title": ""
        }, 
        "4": {
            "distributor": "Nerf", 
            "id": "", 
            "processingDuration": 26, 
            "publicationTime": 1553563298629, 
            "retrievedFrom": "", 
            "sourceDescText": "", 
            "title": ""
        }, 
        "7": {
            "distributor": "MentionDetector", 
            "id": null, 
            "processingDuration": 1, 
            "publicationTime": 1553563298629, 
            "retrievedFrom": null, 
            "sourceDescText": null, 
            "title": null
        }, 
        "8": {
            "distributor": "Bartek", 
            "id": null, 
            "processingDuration": 47, 
            "publicationTime": 1553563298629, 
            "retrievedFrom": null, 
            "sourceDescText": null, 
            "title": null
        }
    }, 
    "coreferences": [
        {
            "dominant": "tytu\u0142 m\u00f3j artyku\u0142", 
            "id": "c-0", 
            "mentionIds": [
                "m-7", 
                "m-1", 
                "m-4"
            ], 
            "sourceMentionId": null, 
            "type": "ident"
        }, 
        {
            "dominant": "m\u00f3j artyku\u0142", 
            "id": "c-1", 
            "mentionIds": [
                "m-0"
            ], 
            "sourceMentionId": null, 
            "type": "ident"
        }, 
        {
            "dominant": "przedwojenny slogan reklamowy cukier rafinowany", 
            "id": "c-2", 
            "mentionIds": [
                "m-3"
            ], 
            "sourceMentionId": null, 
            "type": "ident"
        }, 
        {
            "dominant": "cukier rafinowany", 
            "id": "c-3", 
            "mentionIds": [
                "m-2"
            ], 
            "sourceMentionId": null, 
            "type": "ident"
        }, 
        {
            "dominant": "tre\u015b\u0107 on", 
            "id": "c-4", 
            "mentionIds": [
                "m-5"
            ], 
            "sourceMentionId": null, 
            "type": "ident"
        }, 
        {
            "dominant": "\u015bwiadomo\u015b\u0107 ludzki", 
            "id": "c-5", 
            "mentionIds": [
                "m-6"
            ], 
            "sourceMentionId": null, 
            "type": "ident"
        }, 
        {
            "dominant": "chwila obecny", 
            "id": "c-6", 
            "mentionIds": [
                "m-8"
            ], 
            "sourceMentionId": null, 
            "type": "ident"
        }
    ], 
    "paragraphs": [
        {
            "id": "p-1", 
            "sentences": [
                {
                    "dependencyParse": [], 
                    "groups": [
                        {
                            "childIds": [
                                "groups_a4d167", 
                                "groups_a4d162"
                            ], 
                            "id": "groups_a4d168", 
                            "orth": "Tytu\u0142 mojego artyku\u0142u", 
                            "rule": "NG2: NG + NG(gen) nie przed NG(gen) i nie przed koordynacj\u0105", 
                            "semanticHeadId": "words_a4d159", 
                            "syntacticHeadId": "words_a4d159", 
                            "type": "NG2"
                        }, 
                        {
                            "childIds": [
                                "words_a4d159"
                            ], 
                            "id": "groups_a4d167", 
                            "orth": "Tytu\u0142", 
                            "rule": "(Qub) + Noun", 
                            "semanticHeadId": "words_a4d159", 
                            "syntacticHeadId": "words_a4d159", 
                            "type": "NG"
                        }, 
                        {
                            "childIds": [
                                "words_a4d14b", 
                                "words_a4d15a"
                            ], 
                            "id": "groups_a4d162", 
                            "orth": "mojego artyku\u0142u", 
                            "rule": "NGa: (Qub) + Adj + (Qub) + (Adv) + Noun + (Adj)", 
                            "semanticHeadId": "words_a4d15a", 
                            "syntacticHeadId": "words_a4d15a", 
                            "type": "NGa"
                        }, 
                        {
                            "childIds": [
                                "groups_a4d163", 
                                "groups_a4d164"
                            ], 
                            "id": "groups_a4d169", 
                            "orth": "przedwojennym sloganem reklamowym cukru rafinowanego", 
                            "rule": "NG2: NG + NG(gen) nie przed NG(gen) i nie przed koordynacj\u0105 (2)", 
                            "semanticHeadId": "words_a4d15b", 
                            "syntacticHeadId": "words_a4d15b", 
                            "type": "NG2"
                        }, 
                        {
                            "childIds": [
                                "words_a4d14c", 
                                "words_a4d15b", 
                                "words_a4d14d"
                            ], 
                            "id": "groups_a4d163", 
                            "orth": "przedwojennym sloganem reklamowym", 
                            "rule": "NGa: (Qub) + Adj + (Qub) + (Adv) + Noun + (Adj)", 
                            "semanticHeadId": "words_a4d15b", 
                            "syntacticHeadId": "words_a4d15b", 
                            "type": "NGa"
                        }, 
                        {
                            "childIds": [
                                "words_a4d15c", 
                                "words_a4d14e"
                            ], 
                            "id": "groups_a4d164", 
                            "orth": "cukru rafinowanego", 
                            "rule": "NGa: Noun + (Adv) + n*Adj Gen", 
                            "semanticHeadId": "words_a4d15c", 
                            "syntacticHeadId": "words_a4d15c", 
                            "type": "NGa"
                        }, 
                        {
                            "childIds": [
                                "words_a4d15d", 
                                "words_a4d160"
                            ], 
                            "id": "groups_a4d161", 
                            "orth": "Tre\u015b\u0107 jego", 
                            "rule": "NGa: Noun + Ppron3", 
                            "semanticHeadId": "words_a4d15d", 
                            "syntacticHeadId": "words_a4d15d", 
                            "type": "NGa"
                        }, 
                        {
                            "childIds": [
                                "words_a4d157", 
                                "groups_a4d166"
                            ], 
                            "id": "groups_a4d16a", 
                            "orth": "w \u015bwiadomo\u015bci ludzkiej", 
                            "rule": "PrepNG: Prep + NG", 
                            "semanticHeadId": "words_a4d15e", 
                            "syntacticHeadId": "words_a4d157", 
                            "type": "PrepNG"
                        }, 
                        {
                            "childIds": [
                                "words_a4d15e", 
                                "words_a4d14f"
                            ], 
                            "id": "groups_a4d166", 
                            "orth": "\u015bwiadomo\u015bci ludzkiej", 
                            "rule": "NGa: Noun + (Adv) + n*Adj nGen nNom", 
                            "semanticHeadId": "words_a4d15e", 
                            "syntacticHeadId": "words_a4d15e", 
                            "type": "NGa"
                        }, 
                        {
                            "childIds": [
                                "words_a4d158", 
                                "groups_a4d165"
                            ], 
                            "id": "groups_a4d16b", 
                            "orth": "do chwili obecnej", 
                            "rule": "PrepNG: Prep + NG", 
                            "semanticHeadId": "words_a4d15f", 
                            "syntacticHeadId": "words_a4d158", 
                            "type": "PrepNG"
                        }, 
                        {
                            "childIds": [
                                "words_a4d15f", 
                                "words_a4d150"
                            ], 
                            "id": "groups_a4d165", 
                            "orth": "chwili obecnej", 
                            "rule": "NGa: Noun + (Adv) + n*Adj Gen", 
                            "semanticHeadId": "words_a4d15f", 
                            "syntacticHeadId": "words_a4d15f", 
                            "type": "NGa"
                        }
                    ], 
                    "id": "s-1.1", 
                    "mentions": [
                        {
                            "childIds": [
                                "seg-1.1.1", 
                                "seg-1.1.2"
                            ], 
                            "headIds": [
                                "seg-1.1.2"
                            ], 
                            "id": "m-0", 
                            "zeroSubject": false
                        }, 
                        {
                            "childIds": [
                                "seg-1.1.0", 
                                "seg-1.1.1", 
                                "seg-1.1.2"
                            ], 
                            "headIds": [
                                "seg-1.1.0"
                            ], 
                            "id": "m-1", 
                            "zeroSubject": false
                        }, 
                        {
                            "childIds": [
                                "seg-1.1.7", 
                                "seg-1.1.8"
                            ], 
                            "headIds": [
                                "seg-1.1.7"
                            ], 
                            "id": "m-2", 
                            "zeroSubject": false
                        }, 
                        {
                            "childIds": [
                                "seg-1.1.4", 
                                "seg-1.1.5", 
                                "seg-1.1.6", 
                                "seg-1.1.7", 
                                "seg-1.1.8"
                            ], 
                            "headIds": [
                                "seg-1.1.5"
                            ], 
                            "id": "m-3", 
                            "zeroSubject": false
                        }, 
                        {
                            "childIds": [
                                "seg-1.1.11"
                            ], 
                            "headIds": [
                                "seg-1.1.11"
                            ], 
                            "id": "m-4", 
                            "zeroSubject": false
                        }, 
                        {
                            "childIds": [
                                "seg-1.1.10", 
                                "seg-1.1.11"
                            ], 
                            "headIds": [
                                "seg-1.1.10"
                            ], 
                            "id": "m-5", 
                            "zeroSubject": false
                        }, 
                        {
                            "childIds": [
                                "seg-1.1.16", 
                                "seg-1.1.17"
                            ], 
                            "headIds": [
                                "seg-1.1.16"
                            ], 
                            "id": "m-6", 
                            "zeroSubject": false
                        }, 
                        {
                            "childIds": [
                                "seg-1.1.20"
                            ], 
                            "headIds": [
                                "seg-1.1.20"
                            ], 
                            "id": "m-7", 
                            "zeroSubject": true
                        }, 
                        {
                            "childIds": [
                                "seg-1.1.22", 
                                "seg-1.1.23"
                            ], 
                            "headIds": [
                                "seg-1.1.22"
                            ], 
                            "id": "m-8", 
                            "zeroSubject": false
                        }
                    ], 
                    "names": [], 
                    "rejectedTokens": [], 
                    "sentimentTags": [], 
                    "tokens": [
                        {
                            "candidateInterpretations": [
                                {
                                    "base": "tytu\u0142", 
                                    "ctag": "subst", 
                                    "msd": "sg:nom:m3"
                                }
                            ], 
                            "chosenInterpretation": {
                                "base": "tytu\u0142", 
                                "ctag": "subst", 
                                "msd": "sg:nom:m3"
                            }, 
                            "id": "seg-1.1.0", 
                            "interpretations": [
                                {
                                    "base": "tytu\u0142", 
                                    "ctag": "subst", 
                                    "msd": "sg:nom:m3"
                                }
                            ], 
                            "noPrecedingSpace": false, 
                            "offset": 3, 
                            "orth": "Tytu\u0142"
                        }, 
                        {
                            "candidateInterpretations": [
                                {
                                    "base": "m\u00f3j", 
                                    "ctag": "adj", 
                                    "msd": "sg:gen:m3:pos"
                                }
                            ], 
                            "chosenInterpretation": {
                                "base": "m\u00f3j", 
                                "ctag": "adj", 
                                "msd": "sg:gen:m3:pos"
                            }, 
                            "id": "seg-1.1.1", 
                            "interpretations": [
                                {
                                    "base": "m\u00f3j", 
                                    "ctag": "adj", 
                                    "msd": "sg:gen:m3:pos"
                                }
                            ], 
                            "noPrecedingSpace": false, 
                            "offset": 9, 
                            "orth": "mojego"
                        }, 
                        {
                            "candidateInterpretations": [
                                {
                                    "base": "artyku\u0142", 
                                    "ctag": "subst", 
                                    "msd": "sg:gen:m3"
                                }
                            ], 
                            "chosenInterpretation": {
                                "base": "artyku\u0142", 
                                "ctag": "subst", 
                                "msd": "sg:gen:m3"
                            }, 
                            "id": "seg-1.1.2", 
                            "interpretations": [
                                {
                                    "base": "artyku\u0142", 
                                    "ctag": "subst", 
                                    "msd": "sg:gen:m3"
                                }
                            ], 
                            "noPrecedingSpace": false, 
                            "offset": 16, 
                            "orth": "artyku\u0142u"
                        }, 
                        {
                            "candidateInterpretations": [
                                {
                                    "base": "by\u0107", 
                                    "ctag": "fin", 
                                    "msd": "sg:ter:imperf"
                                }
                            ], 
                            "chosenInterpretation": {
                                "base": "by\u0107", 
                                "ctag": "fin", 
                                "msd": "sg:ter:imperf"
                            }, 
                            "id": "seg-1.1.3", 
                            "interpretations": [
                                {
                                    "base": "by\u0107", 
                                    "ctag": "fin", 
                                    "msd": "sg:ter:imperf"
                                }
                            ], 
                            "noPrecedingSpace": false, 
                            "offset": 25, 
                            "orth": "jest"
                        }, 
                        {
                            "candidateInterpretations": [
                                {
                                    "base": "przedwojenny", 
                                    "ctag": "adj", 
                                    "msd": "sg:inst:m3:pos"
                                }
                            ], 
                            "chosenInterpretation": {
                                "base": "przedwojenny", 
                                "ctag": "adj", 
                                "msd": "sg:inst:m3:pos"
                            }, 
                            "id": "seg-1.1.4", 
                            "interpretations": [
                                {
                                    "base": "przedwojenny", 
                                    "ctag": "adj", 
                                    "msd": "sg:inst:m3:pos"
                                }
                            ], 
                            "noPrecedingSpace": false, 
                            "offset": 30, 
                            "orth": "przedwojennym"
                        }, 
                        {
                            "candidateInterpretations": [
                                {
                                    "base": "slogan", 
                                    "ctag": "subst", 
                                    "msd": "sg:inst:m3"
                                }
                            ], 
                            "chosenInterpretation": {
                                "base": "slogan", 
                                "ctag": "subst", 
                                "msd": "sg:inst:m3"
                            }, 
                            "id": "seg-1.1.5", 
                            "interpretations": [
                                {
                                    "base": "slogan", 
                                    "ctag": "subst", 
                                    "msd": "sg:inst:m3"
                                }
                            ], 
                            "noPrecedingSpace": false, 
                            "offset": 44, 
                            "orth": "sloganem"
                        }, 
                        {
                            "candidateInterpretations": [
                                {
                                    "base": "reklamowy", 
                                    "ctag": "adj", 
                                    "msd": "sg:inst:m3:pos"
                                }
                            ], 
                            "chosenInterpretation": {
                                "base": "reklamowy", 
                                "ctag": "adj", 
                                "msd": "sg:inst:m3:pos"
                            }, 
                            "id": "seg-1.1.6", 
                            "interpretations": [
                                {
                                    "base": "reklamowy", 
                                    "ctag": "adj", 
                                    "msd": "sg:inst:m3:pos"
                                }
                            ], 
                            "noPrecedingSpace": false, 
                            "offset": 53, 
                            "orth": "reklamowym"
                        }, 
                        {
                            "candidateInterpretations": [
                                {
                                    "base": "cukier", 
                                    "ctag": "subst", 
                                    "msd": "sg:gen:m3"
                                }
                            ], 
                            "chosenInterpretation": {
                                "base": "cukier", 
                                "ctag": "subst", 
                                "msd": "sg:gen:m3"
                            }, 
                            "id": "seg-1.1.7", 
                            "interpretations": [
                                {
                                    "base": "cukier", 
                                    "ctag": "subst", 
                                    "msd": "sg:gen:m3"
                                }
                            ], 
                            "noPrecedingSpace": false, 
                            "offset": 64, 
                            "orth": "cukru"
                        }, 
                        {
                            "candidateInterpretations": [
                                {
                                    "base": "rafinowany", 
                                    "ctag": "adj", 
                                    "msd": "sg:gen:m3:pos"
                                }
                            ], 
                            "chosenInterpretation": {
                                "base": "rafinowany", 
                                "ctag": "adj", 
                                "msd": "sg:gen:m3:pos"
                            }, 
                            "id": "seg-1.1.8", 
                            "interpretations": [
                                {
                                    "base": "rafinowany", 
                                    "ctag": "adj", 
                                    "msd": "sg:gen:m3:pos"
                                }
                            ], 
                            "noPrecedingSpace": false, 
                            "offset": 70, 
                            "orth": "rafinowanego"
                        }, 
                        {
                            "candidateInterpretations": [
                                {
                                    "base": ".", 
                                    "ctag": "interp", 
                                    "msd": ""
                                }
                            ], 
                            "chosenInterpretation": {
                                "base": ".", 
                                "ctag": "interp", 
                                "msd": ""
                            }, 
                            "id": "seg-1.1.9", 
                            "interpretations": [
                                {
                                    "base": ".", 
                                    "ctag": "interp", 
                                    "msd": ""
                                }
                            ], 
                            "noPrecedingSpace": true, 
                            "offset": 82, 
                            "orth": "."
                        }, 
                        {
                            "candidateInterpretations": [
                                {
                                    "base": "tre\u015b\u0107", 
                                    "ctag": "subst", 
                                    "msd": "sg:nom:f"
                                }
                            ], 
                            "chosenInterpretation": {
                                "base": "tre\u015b\u0107", 
                                "ctag": "subst", 
                                "msd": "sg:nom:f"
                            }, 
                            "id": "seg-1.1.10", 
                            "interpretations": [
                                {
                                    "base": "tre\u015b\u0107", 
                                    "ctag": "subst", 
                                    "msd": "sg:nom:f"
                                }
                            ], 
                            "noPrecedingSpace": false, 
                            "offset": 85, 
                            "orth": "Tre\u015b\u0107"
                        }, 
                        {
                            "candidateInterpretations": [
                                {
                                    "base": "on", 
                                    "ctag": "ppron3", 
                                    "msd": "sg:gen:m1:ter:akc:npraep"
                                }
                            ], 
                            "chosenInterpretation": {
                                "base": "on", 
                                "ctag": "ppron3", 
                                "msd": "sg:gen:m1:ter:akc:npraep"
                            }, 
                            "id": "seg-1.1.11", 
                            "interpretations": [
                                {
                                    "base": "on", 
                                    "ctag": "ppron3", 
                                    "msd": "sg:gen:m1:ter:akc:npraep"
                                }
                            ], 
                            "noPrecedingSpace": false, 
                            "offset": 91, 
                            "orth": "jego"
                        }, 
                        {
                            "candidateInterpretations": [
                                {
                                    "base": "tak", 
                                    "ctag": "adv", 
                                    "msd": "pos"
                                }
                            ], 
                            "chosenInterpretation": {
                                "base": "tak", 
                                "ctag": "adv", 
                                "msd": "pos"
                            }, 
                            "id": "seg-1.1.12", 
                            "interpretations": [
                                {
                                    "base": "tak", 
                                    "ctag": "adv", 
                                    "msd": "pos"
                                }
                            ], 
                            "noPrecedingSpace": false, 
                            "offset": 96, 
                            "orth": "tak"
                        }, 
                        {
                            "candidateInterpretations": [
                                {
                                    "base": "mocno", 
                                    "ctag": "adv", 
                                    "msd": "pos"
                                }
                            ], 
                            "chosenInterpretation": {
                                "base": "mocno", 
                                "ctag": "adv", 
                                "msd": "pos"
                            }, 
                            "id": "seg-1.1.13", 
                            "interpretations": [
                                {
                                    "base": "mocno", 
                                    "ctag": "adv", 
                                    "msd": "pos"
                                }
                            ], 
                            "noPrecedingSpace": false, 
                            "offset": 100, 
                            "orth": "mocno"
                        }, 
                        {
                            "candidateInterpretations": [
                                {
                                    "base": "utkwi\u0107", 
                                    "ctag": "praet", 
                                    "msd": "sg:f:perf"
                                }
                            ], 
                            "chosenInterpretation": {
                                "base": "utkwi\u0107", 
                                "ctag": "praet", 
                                "msd": "sg:f:perf"
                            }, 
                            "id": "seg-1.1.14", 
                            "interpretations": [
                                {
                                    "base": "utkwi\u0107", 
                                    "ctag": "praet", 
                                    "msd": "sg:f:perf"
                                }
                            ], 
                            "noPrecedingSpace": false, 
                            "offset": 106, 
                            "orth": "utkwi\u0142a"
                        }, 
                        {
                            "candidateInterpretations": [
                                {
                                    "base": "w", 
                                    "ctag": "prep", 
                                    "msd": "loc:nwok"
                                }
                            ], 
                            "chosenInterpretation": {
                                "base": "w", 
                                "ctag": "prep", 
                                "msd": "loc:nwok"
                            }, 
                            "id": "seg-1.1.15", 
                            "interpretations": [
                                {
                                    "base": "w", 
                                    "ctag": "prep", 
                                    "msd": "loc:nwok"
                                }
                            ], 
                            "noPrecedingSpace": false, 
                            "offset": 114, 
                            "orth": "w"
                        }, 
                        {
                            "candidateInterpretations": [
                                {
                                    "base": "\u015bwiadomo\u015b\u0107", 
                                    "ctag": "subst", 
                                    "msd": "sg:loc:f"
                                }
                            ], 
                            "chosenInterpretation": {
                                "base": "\u015bwiadomo\u015b\u0107", 
                                "ctag": "subst", 
                                "msd": "sg:loc:f"
                            }, 
                            "id": "seg-1.1.16", 
                            "interpretations": [
                                {
                                    "base": "\u015bwiadomo\u015b\u0107", 
                                    "ctag": "subst", 
                                    "msd": "sg:loc:f"
                                }
                            ], 
                            "noPrecedingSpace": false, 
                            "offset": 116, 
                            "orth": "\u015bwiadomo\u015bci"
                        }, 
                        {
                            "candidateInterpretations": [
                                {
                                    "base": "ludzki", 
                                    "ctag": "adj", 
                                    "msd": "sg:loc:f:pos"
                                }
                            ], 
                            "chosenInterpretation": {
                                "base": "ludzki", 
                                "ctag": "adj", 
                                "msd": "sg:loc:f:pos"
                            }, 
                            "id": "seg-1.1.17", 
                            "interpretations": [
                                {
                                    "base": "ludzki", 
                                    "ctag": "adj", 
                                    "msd": "sg:loc:f:pos"
                                }
                            ], 
                            "noPrecedingSpace": false, 
                            "offset": 128, 
                            "orth": "ludzkiej"
                        }, 
                        {
                            "candidateInterpretations": [
                                {
                                    "base": ",", 
                                    "ctag": "interp", 
                                    "msd": ""
                                }
                            ], 
                            "chosenInterpretation": {
                                "base": ",", 
                                "ctag": "interp", 
                                "msd": ""
                            }, 
                            "id": "seg-1.1.18", 
                            "interpretations": [
                                {
                                    "base": ",", 
                                    "ctag": "interp", 
                                    "msd": ""
                                }
                            ], 
                            "noPrecedingSpace": true, 
                            "offset": 136, 
                            "orth": ","
                        }, 
                        {
                            "candidateInterpretations": [
                                {
                                    "base": "\u017ce", 
                                    "ctag": "comp", 
                                    "msd": ""
                                }
                            ], 
                            "chosenInterpretation": {
                                "base": "\u017ce", 
                                "ctag": "comp", 
                                "msd": ""
                            }, 
                            "id": "seg-1.1.19", 
                            "interpretations": [
                                {
                                    "base": "\u017ce", 
                                    "ctag": "comp", 
                                    "msd": ""
                                }
                            ], 
                            "noPrecedingSpace": false, 
                            "offset": 138, 
                            "orth": "\u017ce"
                        }, 
                        {
                            "candidateInterpretations": [
                                {
                                    "base": "pokutowa\u0107", 
                                    "ctag": "fin", 
                                    "msd": "sg:ter:imperf"
                                }
                            ], 
                            "chosenInterpretation": {
                                "base": "pokutowa\u0107", 
                                "ctag": "fin", 
                                "msd": "sg:ter:imperf"
                            }, 
                            "id": "seg-1.1.20", 
                            "interpretations": [
                                {
                                    "base": "pokutowa\u0107", 
                                    "ctag": "fin", 
                                    "msd": "sg:ter:imperf"
                                }
                            ], 
                            "noPrecedingSpace": false, 
                            "offset": 141, 
                            "orth": "pokutuje"
                        }, 
                        {
                            "candidateInterpretations": [
                                {
                                    "base": "do", 
                                    "ctag": "prep", 
                                    "msd": "gen"
                                }
                            ], 
                            "chosenInterpretation": {
                                "base": "do", 
                                "ctag": "prep", 
                                "msd": "gen"
                            }, 
                            "id": "seg-1.1.21", 
                            "interpretations": [
                                {
                                    "base": "do", 
                                    "ctag": "prep", 
                                    "msd": "gen"
                                }
                            ], 
                            "noPrecedingSpace": false, 
                            "offset": 150, 
                            "orth": "do"
                        }, 
                        {
                            "candidateInterpretations": [
                                {
                                    "base": "chwila", 
                                    "ctag": "subst", 
                                    "msd": "sg:gen:f"
                                }
                            ], 
                            "chosenInterpretation": {
                                "base": "chwila", 
                                "ctag": "subst", 
                                "msd": "sg:gen:f"
                            }, 
                            "id": "seg-1.1.22", 
                            "interpretations": [
                                {
                                    "base": "chwila", 
                                    "ctag": "subst", 
                                    "msd": "sg:gen:f"
                                }
                            ], 
                            "noPrecedingSpace": false, 
                            "offset": 153, 
                            "orth": "chwili"
                        }, 
                        {
                            "candidateInterpretations": [
                                {
                                    "base": "obecny", 
                                    "ctag": "adj", 
                                    "msd": "sg:gen:f:pos"
                                }
                            ], 
                            "chosenInterpretation": {
                                "base": "obecny", 
                                "ctag": "adj", 
                                "msd": "sg:gen:f:pos"
                            }, 
                            "id": "seg-1.1.23", 
                            "interpretations": [
                                {
                                    "base": "obecny", 
                                    "ctag": "adj", 
                                    "msd": "sg:gen:f:pos"
                                }
                            ], 
                            "noPrecedingSpace": false, 
                            "offset": 160, 
                            "orth": "obecnej"
                        }, 
                        {
                            "candidateInterpretations": [
                                {
                                    "base": ".", 
                                    "ctag": "interp", 
                                    "msd": ""
                                }
                            ], 
                            "chosenInterpretation": {
                                "base": ".", 
                                "ctag": "interp", 
                                "msd": ""
                            }, 
                            "id": "seg-1.1.24", 
                            "interpretations": [
                                {
                                    "base": ".", 
                                    "ctag": "interp", 
                                    "msd": ""
                                }
                            ], 
                            "noPrecedingSpace": true, 
                            "offset": 167, 
                            "orth": "."
                        }
                    ], 
                    "words": [
                        {
                            "candidateInterpretations": [
                                {
                                    "base": "tytu\u0142", 
                                    "ctag": "Noun", 
                                    "msd": "sg:nom:m3"
                                }
                            ], 
                            "childIds": [
                                "seg-1.1.0"
                            ], 
                            "chosenInterpretation": {
                                "base": "tytu\u0142", 
                                "ctag": "Noun", 
                                "msd": "sg:nom:m3"
                            }, 
                            "id": "words_a4d159", 
                            "orth": "Tytu\u0142", 
                            "rule": "subst|depr|ger -> Noun"
                        }, 
                        {
                            "candidateInterpretations": [
                                {
                                    "base": "m\u00f3j", 
                                    "ctag": "Adj", 
                                    "msd": "sg:gen:m3:pos"
                                }
                            ], 
                            "childIds": [
                                "seg-1.1.1"
                            ], 
                            "chosenInterpretation": {
                                "base": "m\u00f3j", 
                                "ctag": "Adj", 
                                "msd": "sg:gen:m3:pos"
                            }, 
                            "id": "words_a4d14b", 
                            "orth": "mojego", 
                            "rule": "adj -> Adj"
                        }, 
                        {
                            "candidateInterpretations": [
                                {
                                    "base": "artyku\u0142", 
                                    "ctag": "Noun", 
                                    "msd": "sg:gen:m3"
                                }
                            ], 
                            "childIds": [
                                "seg-1.1.2"
                            ], 
                            "chosenInterpretation": {
                                "base": "artyku\u0142", 
                                "ctag": "Noun", 
                                "msd": "sg:gen:m3"
                            }, 
                            "id": "words_a4d15a", 
                            "orth": "artyku\u0142u", 
                            "rule": "subst|depr|ger -> Noun"
                        }, 
                        {
                            "candidateInterpretations": [
                                {
                                    "base": "by\u0107", 
                                    "ctag": "Verbfin", 
                                    "msd": "sg:ter:pres:ind:imperf:nrefl:aff"
                                }
                            ], 
                            "childIds": [
                                "seg-1.1.3"
                            ], 
                            "chosenInterpretation": {
                                "base": "by\u0107", 
                                "ctag": "Verbfin", 
                                "msd": "sg:ter:pres:ind:imperf:nrefl:aff"
                            }, 
                            "id": "words_a4d149", 
                            "orth": "jest", 
                            "rule": "fin imperf -> Verbfin"
                        }, 
                        {
                            "candidateInterpretations": [
                                {
                                    "base": "przedwojenny", 
                                    "ctag": "Adj", 
                                    "msd": "sg:inst:m3:pos"
                                }
                            ], 
                            "childIds": [
                                "seg-1.1.4"
                            ], 
                            "chosenInterpretation": {
                                "base": "przedwojenny", 
                                "ctag": "Adj", 
                                "msd": "sg:inst:m3:pos"
                            }, 
                            "id": "words_a4d14c", 
                            "orth": "przedwojennym", 
                            "rule": "adj -> Adj"
                        }, 
                        {
                            "candidateInterpretations": [
                                {
                                    "base": "slogan", 
                                    "ctag": "Noun", 
                                    "msd": "sg:inst:m3"
                                }
                            ], 
                            "childIds": [
                                "seg-1.1.5"
                            ], 
                            "chosenInterpretation": {
                                "base": "slogan", 
                                "ctag": "Noun", 
                                "msd": "sg:inst:m3"
                            }, 
                            "id": "words_a4d15b", 
                            "orth": "sloganem", 
                            "rule": "subst|depr|ger -> Noun"
                        }, 
                        {
                            "candidateInterpretations": [
                                {
                                    "base": "reklamowy", 
                                    "ctag": "Adj", 
                                    "msd": "sg:inst:m3:pos"
                                }
                            ], 
                            "childIds": [
                                "seg-1.1.6"
                            ], 
                            "chosenInterpretation": {
                                "base": "reklamowy", 
                                "ctag": "Adj", 
                                "msd": "sg:inst:m3:pos"
                            }, 
                            "id": "words_a4d14d", 
                            "orth": "reklamowym", 
                            "rule": "adj -> Adj"
                        }, 
                        {
                            "candidateInterpretations": [
                                {
                                    "base": "cukier", 
                                    "ctag": "Noun", 
                                    "msd": "sg:gen:m3"
                                }
                            ], 
                            "childIds": [
                                "seg-1.1.7"
                            ], 
                            "chosenInterpretation": {
                                "base": "cukier", 
                                "ctag": "Noun", 
                                "msd": "sg:gen:m3"
                            }, 
                            "id": "words_a4d15c", 
                            "orth": "cukru", 
                            "rule": "subst|depr|ger -> Noun"
                        }, 
                        {
                            "candidateInterpretations": [
                                {
                                    "base": "rafinowany", 
                                    "ctag": "Adj", 
                                    "msd": "sg:gen:m3:pos"
                                }
                            ], 
                            "childIds": [
                                "seg-1.1.8"
                            ], 
                            "chosenInterpretation": {
                                "base": "rafinowany", 
                                "ctag": "Adj", 
                                "msd": "sg:gen:m3:pos"
                            }, 
                            "id": "words_a4d14e", 
                            "orth": "rafinowanego", 
                            "rule": "adj -> Adj"
                        }, 
                        {
                            "candidateInterpretations": [
                                {
                                    "base": ".", 
                                    "ctag": "Interp", 
                                    "msd": ""
                                }
                            ], 
                            "childIds": [
                                "seg-1.1.9"
                            ], 
                            "chosenInterpretation": {
                                "base": ".", 
                                "ctag": "Interp", 
                                "msd": ""
                            }, 
                            "id": "words_a4d154", 
                            "orth": ".", 
                            "rule": "interp -> Interp"
                        }, 
                        {
                            "candidateInterpretations": [
                                {
                                    "base": "tre\u015b\u0107", 
                                    "ctag": "Noun", 
                                    "msd": "sg:nom:f"
                                }
                            ], 
                            "childIds": [
                                "seg-1.1.10"
                            ], 
                            "chosenInterpretation": {
                                "base": "tre\u015b\u0107", 
                                "ctag": "Noun", 
                                "msd": "sg:nom:f"
                            }, 
                            "id": "words_a4d15d", 
                            "orth": "Tre\u015b\u0107", 
                            "rule": "subst|depr|ger -> Noun"
                        }, 
                        {
                            "candidateInterpretations": [
                                {
                                    "base": "on", 
                                    "ctag": "Ppron3", 
                                    "msd": "sg:gen:m1:ter:akc:npraep"
                                }
                            ], 
                            "childIds": [
                                "seg-1.1.11"
                            ], 
                            "chosenInterpretation": {
                                "base": "on", 
                                "ctag": "Ppron3", 
                                "msd": "sg:gen:m1:ter:akc:npraep"
                            }, 
                            "id": "words_a4d160", 
                            "orth": "jego", 
                            "rule": "ppron3 -> Ppron3"
                        }, 
                        {
                            "candidateInterpretations": [
                                {
                                    "base": "tak", 
                                    "ctag": "Adv", 
                                    "msd": "pos"
                                }
                            ], 
                            "childIds": [
                                "seg-1.1.12"
                            ], 
                            "chosenInterpretation": {
                                "base": "tak", 
                                "ctag": "Adv", 
                                "msd": "pos"
                            }, 
                            "id": "words_a4d151", 
                            "orth": "tak", 
                            "rule": "adv -> Adv"
                        }, 
                        {
                            "candidateInterpretations": [
                                {
                                    "base": "mocno", 
                                    "ctag": "Adv", 
                                    "msd": "pos"
                                }
                            ], 
                            "childIds": [
                                "seg-1.1.13"
                            ], 
                            "chosenInterpretation": {
                                "base": "mocno", 
                                "ctag": "Adv", 
                                "msd": "pos"
                            }, 
                            "id": "words_a4d152", 
                            "orth": "mocno", 
                            "rule": "adv -> Adv"
                        }, 
                        {
                            "candidateInterpretations": [
                                {
                                    "base": "utkwi\u0107", 
                                    "ctag": "Verbfin", 
                                    "msd": "sg:ter:past:ind:perf:nrefl:aff:f"
                                }
                            ], 
                            "childIds": [
                                "seg-1.1.14"
                            ], 
                            "chosenInterpretation": {
                                "base": "utkwi\u0107", 
                                "ctag": "Verbfin", 
                                "msd": "sg:ter:past:ind:perf:nrefl:aff:f"
                            }, 
                            "id": "words_a4d148", 
                            "orth": "utkwi\u0142a", 
                            "rule": "praet -> Verbfin"
                        }, 
                        {
                            "candidateInterpretations": [
                                {
                                    "base": "w", 
                                    "ctag": "Prep", 
                                    "msd": "loc:nwok"
                                }
                            ], 
                            "childIds": [
                                "seg-1.1.15"
                            ], 
                            "chosenInterpretation": {
                                "base": "w", 
                                "ctag": "Prep", 
                                "msd": "loc:nwok"
                            }, 
                            "id": "words_a4d157", 
                            "orth": "w", 
                            "rule": "prep -> Prep"
                        }, 
                        {
                            "candidateInterpretations": [
                                {
                                    "base": "\u015bwiadomo\u015b\u0107", 
                                    "ctag": "Noun", 
                                    "msd": "sg:loc:f"
                                }
                            ], 
                            "childIds": [
                                "seg-1.1.16"
                            ], 
                            "chosenInterpretation": {
                                "base": "\u015bwiadomo\u015b\u0107", 
                                "ctag": "Noun", 
                                "msd": "sg:loc:f"
                            }, 
                            "id": "words_a4d15e", 
                            "orth": "\u015bwiadomo\u015bci", 
                            "rule": "subst|depr|ger -> Noun"
                        }, 
                        {
                            "candidateInterpretations": [
                                {
                                    "base": "ludzki", 
                                    "ctag": "Adj", 
                                    "msd": "sg:loc:f:pos"
                                }
                            ], 
                            "childIds": [
                                "seg-1.1.17"
                            ], 
                            "chosenInterpretation": {
                                "base": "ludzki", 
                                "ctag": "Adj", 
                                "msd": "sg:loc:f:pos"
                            }, 
                            "id": "words_a4d14f", 
                            "orth": "ludzkiej", 
                            "rule": "adj -> Adj"
                        }, 
                        {
                            "candidateInterpretations": [
                                {
                                    "base": ",", 
                                    "ctag": "Interp", 
                                    "msd": ""
                                }
                            ], 
                            "childIds": [
                                "seg-1.1.18"
                            ], 
                            "chosenInterpretation": {
                                "base": ",", 
                                "ctag": "Interp", 
                                "msd": ""
                            }, 
                            "id": "words_a4d155", 
                            "orth": ",", 
                            "rule": "interp -> Interp"
                        }, 
                        {
                            "candidateInterpretations": [
                                {
                                    "base": "\u017ce", 
                                    "ctag": "Comp", 
                                    "msd": ""
                                }
                            ], 
                            "childIds": [
                                "seg-1.1.19"
                            ], 
                            "chosenInterpretation": {
                                "base": "\u017ce", 
                                "ctag": "Comp", 
                                "msd": ""
                            }, 
                            "id": "words_a4d153", 
                            "orth": "\u017ce", 
                            "rule": "comp -> Comp"
                        }, 
                        {
                            "candidateInterpretations": [
                                {
                                    "base": "pokutowa\u0107", 
                                    "ctag": "Verbfin", 
                                    "msd": "sg:ter:pres:ind:imperf:nrefl:aff"
                                }
                            ], 
                            "childIds": [
                                "seg-1.1.20"
                            ], 
                            "chosenInterpretation": {
                                "base": "pokutowa\u0107", 
                                "ctag": "Verbfin", 
                                "msd": "sg:ter:pres:ind:imperf:nrefl:aff"
                            }, 
                            "id": "words_a4d14a", 
                            "orth": "pokutuje", 
                            "rule": "fin imperf -> Verbfin"
                        }, 
                        {
                            "candidateInterpretations": [
                                {
                                    "base": "do", 
                                    "ctag": "Prep", 
                                    "msd": "gen"
                                }
                            ], 
                            "childIds": [
                                "seg-1.1.21"
                            ], 
                            "chosenInterpretation": {
                                "base": "do", 
                                "ctag": "Prep", 
                                "msd": "gen"
                            }, 
                            "id": "words_a4d158", 
                            "orth": "do", 
                            "rule": "prep -> Prep"
                        }, 
                        {
                            "candidateInterpretations": [
                                {
                                    "base": "chwila", 
                                    "ctag": "Noun", 
                                    "msd": "sg:gen:f"
                                }
                            ], 
                            "childIds": [
                                "seg-1.1.22"
                            ], 
                            "chosenInterpretation": {
                                "base": "chwila", 
                                "ctag": "Noun", 
                                "msd": "sg:gen:f"
                            }, 
                            "id": "words_a4d15f", 
                            "orth": "chwili", 
                            "rule": "subst|depr|ger -> Noun"
                        }, 
                        {
                            "candidateInterpretations": [
                                {
                                    "base": "obecny", 
                                    "ctag": "Adj", 
                                    "msd": "sg:gen:f:pos"
                                }
                            ], 
                            "childIds": [
                                "seg-1.1.23"
                            ], 
                            "chosenInterpretation": {
                                "base": "obecny", 
                                "ctag": "Adj", 
                                "msd": "sg:gen:f:pos"
                            }, 
                            "id": "words_a4d150", 
                            "orth": "obecnej", 
                            "rule": "adj -> Adj"
                        }, 
                        {
                            "candidateInterpretations": [
                                {
                                    "base": ".", 
                                    "ctag": "Interp", 
                                    "msd": ""
                                }
                            ], 
                            "childIds": [
                                "seg-1.1.24"
                            ], 
                            "chosenInterpretation": {
                                "base": ".", 
                                "ctag": "Interp", 
                                "msd": ""
                            }, 
                            "id": "words_a4d156", 
                            "orth": ".", 
                            "rule": "interp -> Interp"
                        }
                    ]
                }
            ], 
            "text": "   Tytu\u0142 mojego artyku\u0142u jest przedwojennym sloganem reklamowym cukru rafinowanego.  Tre\u015b\u0107 jego tak mocno utkwi\u0142a w \u015bwiadomo\u015bci ludzkiej, \u017ce pokutuje do chwili obecnej."
        }
    ], 
    "summary": "", 
    "textHeader": {
        "distributor": "Multiservice", 
        "id": "", 
        "processingDuration": 1030, 
        "publicationTime": 1553563298629, 
        "retrievedFrom": "", 
        "sourceDescText": "", 
        "title": ""
    }
}