{
    "annotationDetails": {
        "hasMorphosyntaxDisambiguated": true, 
        "hasMorphosyntaxPartiallyDisambiguated": true, 
        "hasSegmentsDisambiguated": true
    }, 
    "annotationHeaders": {
        "0": {
            "distributor": "Pantera", 
            "id": "", 
            "processingDuration": 58, 
            "publicationTime": 1553563421592, 
            "retrievedFrom": "", 
            "sourceDescText": "", 
            "title": ""
        }, 
        "1": {
            "distributor": "Pantera; modified by Spejd", 
            "id": "", 
            "processingDuration": 89, 
            "publicationTime": 1553563421592, 
            "retrievedFrom": "", 
            "sourceDescText": "", 
            "title": ""
        }, 
        "2": {
            "distributor": "Spejd", 
            "id": "", 
            "processingDuration": 31, 
            "publicationTime": 1553563421592, 
            "retrievedFrom": "", 
            "sourceDescText": "", 
            "title": ""
        }, 
        "3": {
            "distributor": "Spejd", 
            "id": "", 
            "processingDuration": 31, 
            "publicationTime": 1553563421592, 
            "retrievedFrom": "", 
            "sourceDescText": "", 
            "title": ""
        }, 
        "4": {
            "distributor": "Nerf", 
            "id": "", 
            "processingDuration": 34, 
            "publicationTime": 1553563421592, 
            "retrievedFrom": "", 
            "sourceDescText": "", 
            "title": ""
        }, 
        "7": {
            "distributor": "MentionDetector", 
            "id": null, 
            "processingDuration": 2, 
            "publicationTime": 1553563421592, 
            "retrievedFrom": null, 
            "sourceDescText": null, 
            "title": null
        }, 
        "8": {
            "distributor": "Bartek", 
            "id": null, 
            "processingDuration": 65, 
            "publicationTime": 1553563421592, 
            "retrievedFrom": null, 
            "sourceDescText": null, 
            "title": null
        }
    }, 
    "coreferences": [
        {
            "dominant": "fizjologiczny odporno\u015b\u0107 organizm", 
            "id": "c-0", 
            "mentionIds": [
                "m-1"
            ], 
            "sourceMentionId": null, 
            "type": "ident"
        }, 
        {
            "dominant": "organizm", 
            "id": "c-1", 
            "mentionIds": [
                "m-0"
            ], 
            "sourceMentionId": null, 
            "type": "ident"
        }, 
        {
            "dominant": "przypadek", 
            "id": "c-2", 
            "mentionIds": [
                "m-2"
            ], 
            "sourceMentionId": null, 
            "type": "ident"
        }, 
        {
            "dominant": "dotkliwy warunki otoczenie", 
            "id": "c-3", 
            "mentionIds": [
                "m-4"
            ], 
            "sourceMentionId": null, 
            "type": "ident"
        }, 
        {
            "dominant": "otoczenie", 
            "id": "c-4", 
            "mentionIds": [
                "m-3"
            ], 
            "sourceMentionId": null, 
            "type": "ident"
        }, 
        {
            "dominant": "aktywno\u015b\u0107", 
            "id": "c-5", 
            "mentionIds": [
                "m-5"
            ], 
            "sourceMentionId": null, 
            "type": "ident"
        }, 
        {
            "dominant": "zachowa\u0107 zdolno\u015b\u0107 adaptacyjny", 
            "id": "c-6", 
            "mentionIds": [
                "m-7"
            ], 
            "sourceMentionId": null, 
            "type": "ident"
        }, 
        {
            "dominant": "zdolno\u015b\u0107 adaptacyjny", 
            "id": "c-7", 
            "mentionIds": [
                "m-6"
            ], 
            "sourceMentionId": null, 
            "type": "ident"
        }, 
        {
            "dominant": "sw\u00f3j w\u0142a\u015bciwo\u015b\u0107 wzmacniaj\u0105cy", 
            "id": "c-8", 
            "mentionIds": [
                "m-8"
            ], 
            "sourceMentionId": null, 
            "type": "ident"
        }
    ], 
    "paragraphs": [
        {
            "id": "p-1", 
            "sentences": [
                {
                    "dependencyParse": [], 
                    "groups": [
                        {
                            "childIds": [
                                "groups_a4eae3", 
                                "groups_a4eae7"
                            ], 
                            "id": "groups_a4eaed", 
                            "orth": "fizjologiczn\u0105 odporno\u015b\u0107 organizmu", 
                            "rule": "NG2: NG + NG(gen) nie przed NG(gen) i nie przed koordynacj\u0105", 
                            "semanticHeadId": "words_a4eadb", 
                            "syntacticHeadId": "words_a4eadb", 
                            "type": "NG2"
                        }, 
                        {
                            "childIds": [
                                "words_a4eaca", 
                                "words_a4eadb"
                            ], 
                            "id": "groups_a4eae3", 
                            "orth": "fizjologiczn\u0105 odporno\u015b\u0107", 
                            "rule": "NGa: (Qub) + Adj + (Qub) + (Adv) + Noun + (Adj)", 
                            "semanticHeadId": "words_a4eadb", 
                            "syntacticHeadId": "words_a4eadb", 
                            "type": "NGa"
                        }, 
                        {
                            "childIds": [
                                "words_a4eadc"
                            ], 
                            "id": "groups_a4eae7", 
                            "orth": "organizmu", 
                            "rule": "(Qub) + Noun", 
                            "semanticHeadId": "words_a4eadc", 
                            "syntacticHeadId": "words_a4eadc", 
                            "type": "NG"
                        }, 
                        {
                            "childIds": [
                                "words_a4eac5", 
                                "groups_a4eaef"
                            ], 
                            "id": "groups_a4eaf0", 
                            "orth": "w przypadku dotkliwych warunk\u00f3w otoczenia", 
                            "rule": "PrepNG: Prep + NG", 
                            "semanticHeadId": "words_a4eadd", 
                            "syntacticHeadId": "words_a4eac5", 
                            "type": "PrepNG"
                        }, 
                        {
                            "childIds": [
                                "groups_a4eae4", 
                                "groups_a4eae8"
                            ], 
                            "id": "groups_a4eaef", 
                            "orth": "dotkliwych warunk\u00f3w otoczenia", 
                            "rule": "NG2: NG + NG(gen) nie przed NG(gen) i nie przed koordynacj\u0105 (2)", 
                            "semanticHeadId": "words_a4eadd", 
                            "syntacticHeadId": "words_a4eadd", 
                            "type": "NG2"
                        }, 
                        {
                            "childIds": [
                                "words_a4eacb", 
                                "words_a4eadd"
                            ], 
                            "id": "groups_a4eae4", 
                            "orth": "dotkliwych warunk\u00f3w", 
                            "rule": "NGa: (Qub) + Adj + (Qub) + (Adv) + Noun + (Adj)", 
                            "semanticHeadId": "words_a4eadd", 
                            "syntacticHeadId": "words_a4eadd", 
                            "type": "NGa"
                        }, 
                        {
                            "childIds": [
                                "words_a4eade"
                            ], 
                            "id": "groups_a4eae8", 
                            "orth": "otoczenia", 
                            "rule": "(Qub) + Noun", 
                            "semanticHeadId": "words_a4eade", 
                            "syntacticHeadId": "words_a4eade", 
                            "type": "NG"
                        }, 
                        {
                            "childIds": [
                                "words_a4eadf"
                            ], 
                            "id": "groups_a4eae9", 
                            "orth": "aktywno\u015b\u0107", 
                            "rule": "(Qub) + Noun", 
                            "semanticHeadId": "words_a4eadf", 
                            "syntacticHeadId": "words_a4eadf", 
                            "type": "NG"
                        }, 
                        {
                            "childIds": [
                                "words_a4ead9", 
                                "groups_a4eaee"
                            ], 
                            "id": "groups_a4eaf1", 
                            "orth": "do zachowania zdolno\u015bci adaptacyjnych", 
                            "rule": "PrepNG: Prep + NG", 
                            "semanticHeadId": "words_a4eae0", 
                            "syntacticHeadId": "words_a4ead9", 
                            "type": "PrepNG"
                        }, 
                        {
                            "childIds": [
                                "groups_a4eaea", 
                                "groups_a4eae6"
                            ], 
                            "id": "groups_a4eaee", 
                            "orth": "zachowania zdolno\u015bci adaptacyjnych", 
                            "rule": "NG2: NG + NG(gen) nie przed NG(gen) i nie przed koordynacj\u0105", 
                            "semanticHeadId": "words_a4eae0", 
                            "syntacticHeadId": "words_a4eae0", 
                            "type": "NG2"
                        }, 
                        {
                            "childIds": [
                                "words_a4eae0"
                            ], 
                            "id": "groups_a4eaea", 
                            "orth": "zachowania", 
                            "rule": "(Qub) + Noun", 
                            "semanticHeadId": "words_a4eae0", 
                            "syntacticHeadId": "words_a4eae0", 
                            "type": "NG"
                        }, 
                        {
                            "childIds": [
                                "words_a4eae1", 
                                "words_a4eacc"
                            ], 
                            "id": "groups_a4eae6", 
                            "orth": "zdolno\u015bci adaptacyjnych", 
                            "rule": "NGa: Noun + (Adv) + n*Adj Gen", 
                            "semanticHeadId": "words_a4eae1", 
                            "syntacticHeadId": "words_a4eae1", 
                            "type": "NGa"
                        }, 
                        {
                            "childIds": [
                                "words_a4eacd"
                            ], 
                            "id": "groups_a4eaeb", 
                            "orth": "znany", 
                            "rule": "(Qub) + Adj", 
                            "semanticHeadId": "words_a4eacd", 
                            "syntacticHeadId": "words_a4eacd", 
                            "type": "AdjG"
                        }, 
                        {
                            "childIds": [
                                "words_a4eada", 
                                "groups_a4eae5"
                            ], 
                            "id": "groups_a4eaf2", 
                            "orth": "ze swoich w\u0142a\u015bciwo\u015bci wzmacniaj\u0105cych", 
                            "rule": "PrepNG: Prep + NG", 
                            "semanticHeadId": "words_a4eae2", 
                            "syntacticHeadId": "words_a4eada", 
                            "type": "PrepNG"
                        }, 
                        {
                            "childIds": [
                                "words_a4eace", 
                                "words_a4eae2", 
                                "words_a4eacf"
                            ], 
                            "id": "groups_a4eae5", 
                            "orth": "swoich w\u0142a\u015bciwo\u015bci wzmacniaj\u0105cych", 
                            "rule": "NGa: (Qub) + Adj + (Qub) + (Adv) + Noun + (Adj)", 
                            "semanticHeadId": "words_a4eae2", 
                            "syntacticHeadId": "words_a4eae2", 
                            "type": "NGa"
                        }, 
                        {
                            "childIds": [
                                "words_a4ead0"
                            ], 
                            "id": "groups_a4eaec", 
                            "orth": "pobudzaj\u0105cych", 
                            "rule": "(Qub) + Adj", 
                            "semanticHeadId": "words_a4ead0", 
                            "syntacticHeadId": "words_a4ead0", 
                            "type": "AdjG"
                        }
                    ], 
                    "id": "s-1.1", 
                    "mentions": [
                        {
                            "childIds": [
                                "seg-1.1.3"
                            ], 
                            "headIds": [
                                "seg-1.1.3"
                            ], 
                            "id": "m-0", 
                            "zeroSubject": false
                        }, 
                        {
                            "childIds": [
                                "seg-1.1.1", 
                                "seg-1.1.2", 
                                "seg-1.1.3"
                            ], 
                            "headIds": [
                                "seg-1.1.2"
                            ], 
                            "id": "m-1", 
                            "zeroSubject": false
                        }, 
                        {
                            "childIds": [
                                "seg-1.1.5"
                            ], 
                            "headIds": [
                                "seg-1.1.5"
                            ], 
                            "id": "m-2", 
                            "zeroSubject": false
                        }, 
                        {
                            "childIds": [
                                "seg-1.1.8"
                            ], 
                            "headIds": [
                                "seg-1.1.8"
                            ], 
                            "id": "m-3", 
                            "zeroSubject": false
                        }, 
                        {
                            "childIds": [
                                "seg-1.1.6", 
                                "seg-1.1.7", 
                                "seg-1.1.8"
                            ], 
                            "headIds": [
                                "seg-1.1.7"
                            ], 
                            "id": "m-4", 
                            "zeroSubject": false
                        }, 
                        {
                            "childIds": [
                                "seg-1.1.11"
                            ], 
                            "headIds": [
                                "seg-1.1.11"
                            ], 
                            "id": "m-5", 
                            "zeroSubject": false
                        }, 
                        {
                            "childIds": [
                                "seg-1.1.20", 
                                "seg-1.1.21"
                            ], 
                            "headIds": [
                                "seg-1.1.20"
                            ], 
                            "id": "m-6", 
                            "zeroSubject": false
                        }, 
                        {
                            "childIds": [
                                "seg-1.1.19", 
                                "seg-1.1.20", 
                                "seg-1.1.21"
                            ], 
                            "headIds": [
                                "seg-1.1.19"
                            ], 
                            "id": "m-7", 
                            "zeroSubject": false
                        }, 
                        {
                            "childIds": [
                                "seg-1.1.27", 
                                "seg-1.1.28", 
                                "seg-1.1.29"
                            ], 
                            "headIds": [
                                "seg-1.1.28"
                            ], 
                            "id": "m-8", 
                            "zeroSubject": false
                        }
                    ], 
                    "names": [], 
                    "rejectedTokens": [], 
                    "sentimentTags": [], 
                    "tokens": [
                        {
                            "candidateInterpretations": [
                                {
                                    "base": "utrzymywa\u0107", 
                                    "ctag": "fin", 
                                    "msd": "sg:ter:imperf"
                                }
                            ], 
                            "chosenInterpretation": {
                                "base": "utrzymywa\u0107", 
                                "ctag": "fin", 
                                "msd": "sg:ter:imperf"
                            }, 
                            "id": "seg-1.1.0", 
                            "interpretations": [
                                {
                                    "base": "utrzymywa\u0107", 
                                    "ctag": "fin", 
                                    "msd": "sg:ter:imperf"
                                }
                            ], 
                            "noPrecedingSpace": false, 
                            "offset": 1, 
                            "orth": "Utrzymuje"
                        }, 
                        {
                            "candidateInterpretations": [
                                {
                                    "base": "fizjologiczny", 
                                    "ctag": "adj", 
                                    "msd": "sg:acc:f:pos"
                                }
                            ], 
                            "chosenInterpretation": {
                                "base": "fizjologiczny", 
                                "ctag": "adj", 
                                "msd": "sg:acc:f:pos"
                            }, 
                            "id": "seg-1.1.1", 
                            "interpretations": [
                                {
                                    "base": "fizjologiczny", 
                                    "ctag": "adj", 
                                    "msd": "sg:acc:f:pos"
                                }
                            ], 
                            "noPrecedingSpace": false, 
                            "offset": 11, 
                            "orth": "fizjologiczn\u0105"
                        }, 
                        {
                            "candidateInterpretations": [
                                {
                                    "base": "odporno\u015b\u0107", 
                                    "ctag": "subst", 
                                    "msd": "sg:acc:f"
                                }
                            ], 
                            "chosenInterpretation": {
                                "base": "odporno\u015b\u0107", 
                                "ctag": "subst", 
                                "msd": "sg:acc:f"
                            }, 
                            "id": "seg-1.1.2", 
                            "interpretations": [
                                {
                                    "base": "odporno\u015b\u0107", 
                                    "ctag": "subst", 
                                    "msd": "sg:acc:f"
                                }
                            ], 
                            "noPrecedingSpace": false, 
                            "offset": 25, 
                            "orth": "odporno\u015b\u0107"
                        }, 
                        {
                            "candidateInterpretations": [
                                {
                                    "base": "organizm", 
                                    "ctag": "subst", 
                                    "msd": "sg:gen:m3"
                                }
                            ], 
                            "chosenInterpretation": {
                                "base": "organizm", 
                                "ctag": "subst", 
                                "msd": "sg:gen:m3"
                            }, 
                            "id": "seg-1.1.3", 
                            "interpretations": [
                                {
                                    "base": "organizm", 
                                    "ctag": "subst", 
                                    "msd": "sg:gen:m3"
                                }
                            ], 
                            "noPrecedingSpace": false, 
                            "offset": 35, 
                            "orth": "organizmu"
                        }, 
                        {
                            "candidateInterpretations": [
                                {
                                    "base": "w", 
                                    "ctag": "prep", 
                                    "msd": "loc:nwok"
                                }
                            ], 
                            "chosenInterpretation": {
                                "base": "w", 
                                "ctag": "prep", 
                                "msd": "loc:nwok"
                            }, 
                            "id": "seg-1.1.4", 
                            "interpretations": [
                                {
                                    "base": "w", 
                                    "ctag": "prep", 
                                    "msd": "loc:nwok"
                                }
                            ], 
                            "noPrecedingSpace": false, 
                            "offset": 45, 
                            "orth": "w"
                        }, 
                        {
                            "candidateInterpretations": [
                                {
                                    "base": "przypadek", 
                                    "ctag": "subst", 
                                    "msd": "sg:loc:m3"
                                }
                            ], 
                            "chosenInterpretation": {
                                "base": "przypadek", 
                                "ctag": "subst", 
                                "msd": "sg:loc:m3"
                            }, 
                            "id": "seg-1.1.5", 
                            "interpretations": [
                                {
                                    "base": "przypadek", 
                                    "ctag": "subst", 
                                    "msd": "sg:loc:m3"
                                }
                            ], 
                            "noPrecedingSpace": false, 
                            "offset": 47, 
                            "orth": "przypadku"
                        }, 
                        {
                            "candidateInterpretations": [
                                {
                                    "base": "dotkliwy", 
                                    "ctag": "adj", 
                                    "msd": "pl:gen:n:pos"
                                }
                            ], 
                            "chosenInterpretation": {
                                "base": "dotkliwy", 
                                "ctag": "adj", 
                                "msd": "pl:gen:n:pos"
                            }, 
                            "id": "seg-1.1.6", 
                            "interpretations": [
                                {
                                    "base": "dotkliwy", 
                                    "ctag": "adj", 
                                    "msd": "pl:gen:n:pos"
                                }
                            ], 
                            "noPrecedingSpace": false, 
                            "offset": 57, 
                            "orth": "dotkliwych"
                        }, 
                        {
                            "candidateInterpretations": [
                                {
                                    "base": "warunki", 
                                    "ctag": "subst", 
                                    "msd": "pl:gen:n"
                                }
                            ], 
                            "chosenInterpretation": {
                                "base": "warunki", 
                                "ctag": "subst", 
                                "msd": "pl:gen:n"
                            }, 
                            "id": "seg-1.1.7", 
                            "interpretations": [
                                {
                                    "base": "warunki", 
                                    "ctag": "subst", 
                                    "msd": "pl:gen:n"
                                }
                            ], 
                            "noPrecedingSpace": false, 
                            "offset": 68, 
                            "orth": "warunk\u00f3w"
                        }, 
                        {
                            "candidateInterpretations": [
                                {
                                    "base": "otoczenie", 
                                    "ctag": "subst", 
                                    "msd": "sg:gen:n"
                                }
                            ], 
                            "chosenInterpretation": {
                                "base": "otoczenie", 
                                "ctag": "subst", 
                                "msd": "sg:gen:n"
                            }, 
                            "id": "seg-1.1.8", 
                            "interpretations": [
                                {
                                    "base": "otoczenie", 
                                    "ctag": "subst", 
                                    "msd": "sg:gen:n"
                                }
                            ], 
                            "noPrecedingSpace": false, 
                            "offset": 77, 
                            "orth": "otoczenia"
                        }, 
                        {
                            "candidateInterpretations": [
                                {
                                    "base": ".", 
                                    "ctag": "interp", 
                                    "msd": ""
                                }
                            ], 
                            "chosenInterpretation": {
                                "base": ".", 
                                "ctag": "interp", 
                                "msd": ""
                            }, 
                            "id": "seg-1.1.9", 
                            "interpretations": [
                                {
                                    "base": ".", 
                                    "ctag": "interp", 
                                    "msd": ""
                                }
                            ], 
                            "noPrecedingSpace": true, 
                            "offset": 86, 
                            "orth": "."
                        }, 
                        {
                            "candidateInterpretations": [
                                {
                                    "base": "wykazywa\u0107", 
                                    "ctag": "fin", 
                                    "msd": "sg:ter:imperf"
                                }
                            ], 
                            "chosenInterpretation": {
                                "base": "wykazywa\u0107", 
                                "ctag": "fin", 
                                "msd": "sg:ter:imperf"
                            }, 
                            "id": "seg-1.1.10", 
                            "interpretations": [
                                {
                                    "base": "wykazywa\u0107", 
                                    "ctag": "fin", 
                                    "msd": "sg:ter:imperf"
                                }
                            ], 
                            "noPrecedingSpace": false, 
                            "offset": 89, 
                            "orth": "Wykazuje"
                        }, 
                        {
                            "candidateInterpretations": [
                                {
                                    "base": "aktywno\u015b\u0107", 
                                    "ctag": "subst", 
                                    "msd": "sg:nom:f"
                                }
                            ], 
                            "chosenInterpretation": {
                                "base": "aktywno\u015b\u0107", 
                                "ctag": "subst", 
                                "msd": "sg:nom:f"
                            }, 
                            "id": "seg-1.1.11", 
                            "interpretations": [
                                {
                                    "base": "aktywno\u015b\u0107", 
                                    "ctag": "subst", 
                                    "msd": "sg:nom:f"
                                }
                            ], 
                            "noPrecedingSpace": false, 
                            "offset": 98, 
                            "orth": "aktywno\u015b\u0107"
                        }, 
                        {
                            "candidateInterpretations": [
                                {
                                    "base": "przeciwoksydacyjn\u0105", 
                                    "ctag": "ign", 
                                    "msd": ""
                                }
                            ], 
                            "chosenInterpretation": {
                                "base": "przeciwoksydacyjn\u0105", 
                                "ctag": "ign", 
                                "msd": ""
                            }, 
                            "id": "seg-1.1.12", 
                            "interpretations": [
                                {
                                    "base": "przeciwoksydacyjn\u0105", 
                                    "ctag": "ign", 
                                    "msd": ""
                                }
                            ], 
                            "noPrecedingSpace": false, 
                            "offset": 108, 
                            "orth": "przeciwoksydacyjn\u0105"
                        }, 
                        {
                            "candidateInterpretations": [
                                {
                                    "base": "i", 
                                    "ctag": "conj", 
                                    "msd": ""
                                }
                            ], 
                            "chosenInterpretation": {
                                "base": "i", 
                                "ctag": "conj", 
                                "msd": ""
                            }, 
                            "id": "seg-1.1.13", 
                            "interpretations": [
                                {
                                    "base": "i", 
                                    "ctag": "conj", 
                                    "msd": ""
                                }
                            ], 
                            "noPrecedingSpace": false, 
                            "offset": 127, 
                            "orth": "i"
                        }, 
                        {
                            "candidateInterpretations": [
                                {
                                    "base": "przeciwstarzeniow\u0105", 
                                    "ctag": "ign", 
                                    "msd": ""
                                }
                            ], 
                            "chosenInterpretation": {
                                "base": "przeciwstarzeniow\u0105", 
                                "ctag": "ign", 
                                "msd": ""
                            }, 
                            "id": "seg-1.1.14", 
                            "interpretations": [
                                {
                                    "base": "przeciwstarzeniow\u0105", 
                                    "ctag": "ign", 
                                    "msd": ""
                                }
                            ], 
                            "noPrecedingSpace": false, 
                            "offset": 129, 
                            "orth": "przeciwstarzeniow\u0105"
                        }, 
                        {
                            "candidateInterpretations": [
                                {
                                    "base": ".", 
                                    "ctag": "interp", 
                                    "msd": ""
                                }
                            ], 
                            "chosenInterpretation": {
                                "base": ".", 
                                "ctag": "interp", 
                                "msd": ""
                            }, 
                            "id": "seg-1.1.15", 
                            "interpretations": [
                                {
                                    "base": ".", 
                                    "ctag": "interp", 
                                    "msd": ""
                                }
                            ], 
                            "noPrecedingSpace": true, 
                            "offset": 147, 
                            "orth": "."
                        }, 
                        {
                            "candidateInterpretations": [
                                {
                                    "base": "przyczynia\u0107", 
                                    "ctag": "fin", 
                                    "msd": "sg:ter:imperf"
                                }
                            ], 
                            "chosenInterpretation": {
                                "base": "przyczynia\u0107", 
                                "ctag": "fin", 
                                "msd": "sg:ter:imperf"
                            }, 
                            "id": "seg-1.1.16", 
                            "interpretations": [
                                {
                                    "base": "przyczynia\u0107", 
                                    "ctag": "fin", 
                                    "msd": "sg:ter:imperf"
                                }
                            ], 
                            "noPrecedingSpace": false, 
                            "offset": 150, 
                            "orth": "Przyczynia"
                        }, 
                        {
                            "candidateInterpretations": [
                                {
                                    "base": "si\u0119", 
                                    "ctag": "qub", 
                                    "msd": ""
                                }
                            ], 
                            "chosenInterpretation": {
                                "base": "si\u0119", 
                                "ctag": "qub", 
                                "msd": ""
                            }, 
                            "id": "seg-1.1.17", 
                            "interpretations": [
                                {
                                    "base": "si\u0119", 
                                    "ctag": "qub", 
                                    "msd": ""
                                }
                            ], 
                            "noPrecedingSpace": false, 
                            "offset": 161, 
                            "orth": "si\u0119"
                        }, 
                        {
                            "candidateInterpretations": [
                                {
                                    "base": "do", 
                                    "ctag": "prep", 
                                    "msd": "gen"
                                }
                            ], 
                            "chosenInterpretation": {
                                "base": "do", 
                                "ctag": "prep", 
                                "msd": "gen"
                            }, 
                            "id": "seg-1.1.18", 
                            "interpretations": [
                                {
                                    "base": "do", 
                                    "ctag": "prep", 
                                    "msd": "gen"
                                }
                            ], 
                            "noPrecedingSpace": false, 
                            "offset": 165, 
                            "orth": "do"
                        }, 
                        {
                            "candidateInterpretations": [
                                {
                                    "base": "zachowa\u0107", 
                                    "ctag": "ger", 
                                    "msd": "sg:gen:n:perf:aff"
                                }
                            ], 
                            "chosenInterpretation": {
                                "base": "zachowa\u0107", 
                                "ctag": "ger", 
                                "msd": "sg:gen:n:perf:aff"
                            }, 
                            "id": "seg-1.1.19", 
                            "interpretations": [
                                {
                                    "base": "zachowa\u0107", 
                                    "ctag": "ger", 
                                    "msd": "sg:gen:n:perf:aff"
                                }
                            ], 
                            "noPrecedingSpace": false, 
                            "offset": 168, 
                            "orth": "zachowania"
                        }, 
                        {
                            "candidateInterpretations": [
                                {
                                    "base": "zdolno\u015b\u0107", 
                                    "ctag": "subst", 
                                    "msd": "pl:gen:f"
                                }
                            ], 
                            "chosenInterpretation": {
                                "base": "zdolno\u015b\u0107", 
                                "ctag": "subst", 
                                "msd": "pl:gen:f"
                            }, 
                            "id": "seg-1.1.20", 
                            "interpretations": [
                                {
                                    "base": "zdolno\u015b\u0107", 
                                    "ctag": "subst", 
                                    "msd": "pl:gen:f"
                                }
                            ], 
                            "noPrecedingSpace": false, 
                            "offset": 179, 
                            "orth": "zdolno\u015bci"
                        }, 
                        {
                            "candidateInterpretations": [
                                {
                                    "base": "adaptacyjny", 
                                    "ctag": "adj", 
                                    "msd": "pl:gen:f:pos"
                                }
                            ], 
                            "chosenInterpretation": {
                                "base": "adaptacyjny", 
                                "ctag": "adj", 
                                "msd": "pl:gen:f:pos"
                            }, 
                            "id": "seg-1.1.21", 
                            "interpretations": [
                                {
                                    "base": "adaptacyjny", 
                                    "ctag": "adj", 
                                    "msd": "pl:gen:f:pos"
                                }
                            ], 
                            "noPrecedingSpace": false, 
                            "offset": 189, 
                            "orth": "adaptacyjnych"
                        }, 
                        {
                            "candidateInterpretations": [
                                {
                                    "base": ".", 
                                    "ctag": "interp", 
                                    "msd": ""
                                }
                            ], 
                            "chosenInterpretation": {
                                "base": ".", 
                                "ctag": "interp", 
                                "msd": ""
                            }, 
                            "id": "seg-1.1.22", 
                            "interpretations": [
                                {
                                    "base": ".", 
                                    "ctag": "interp", 
                                    "msd": ""
                                }
                            ], 
                            "noPrecedingSpace": true, 
                            "offset": 202, 
                            "orth": "."
                        }, 
                        {
                            "candidateInterpretations": [
                                {
                                    "base": "tradycyjnie", 
                                    "ctag": "adv", 
                                    "msd": "pos"
                                }
                            ], 
                            "chosenInterpretation": {
                                "base": "tradycyjnie", 
                                "ctag": "adv", 
                                "msd": "pos"
                            }, 
                            "id": "seg-1.1.23", 
                            "interpretations": [
                                {
                                    "base": "tradycyjnie", 
                                    "ctag": "adv", 
                                    "msd": "pos"
                                }
                            ], 
                            "noPrecedingSpace": false, 
                            "offset": 205, 
                            "orth": "Tradycyjnie"
                        }, 
                        {
                            "candidateInterpretations": [
                                {
                                    "base": "dobrze", 
                                    "ctag": "adv", 
                                    "msd": "pos"
                                }
                            ], 
                            "chosenInterpretation": {
                                "base": "dobrze", 
                                "ctag": "adv", 
                                "msd": "pos"
                            }, 
                            "id": "seg-1.1.24", 
                            "interpretations": [
                                {
                                    "base": "dobrze", 
                                    "ctag": "adv", 
                                    "msd": "pos"
                                }
                            ], 
                            "noPrecedingSpace": false, 
                            "offset": 217, 
                            "orth": "dobrze"
                        }, 
                        {
                            "candidateInterpretations": [
                                {
                                    "base": "znany", 
                                    "ctag": "adj", 
                                    "msd": "sg:nom:m1:pos"
                                }
                            ], 
                            "chosenInterpretation": {
                                "base": "znany", 
                                "ctag": "adj", 
                                "msd": "sg:nom:m1:pos"
                            }, 
                            "id": "seg-1.1.25", 
                            "interpretations": [
                                {
                                    "base": "znany", 
                                    "ctag": "adj", 
                                    "msd": "sg:nom:m1:pos"
                                }
                            ], 
                            "noPrecedingSpace": false, 
                            "offset": 224, 
                            "orth": "znany"
                        }, 
                        {
                            "candidateInterpretations": [
                                {
                                    "base": "z", 
                                    "ctag": "prep", 
                                    "msd": "gen:wok"
                                }
                            ], 
                            "chosenInterpretation": {
                                "base": "z", 
                                "ctag": "prep", 
                                "msd": "gen:wok"
                            }, 
                            "id": "seg-1.1.26", 
                            "interpretations": [
                                {
                                    "base": "z", 
                                    "ctag": "prep", 
                                    "msd": "gen:wok"
                                }
                            ], 
                            "noPrecedingSpace": false, 
                            "offset": 230, 
                            "orth": "ze"
                        }, 
                        {
                            "candidateInterpretations": [
                                {
                                    "base": "sw\u00f3j", 
                                    "ctag": "adj", 
                                    "msd": "pl:gen:f:pos"
                                }
                            ], 
                            "chosenInterpretation": {
                                "base": "sw\u00f3j", 
                                "ctag": "adj", 
                                "msd": "pl:gen:f:pos"
                            }, 
                            "id": "seg-1.1.27", 
                            "interpretations": [
                                {
                                    "base": "sw\u00f3j", 
                                    "ctag": "adj", 
                                    "msd": "pl:gen:f:pos"
                                }
                            ], 
                            "noPrecedingSpace": false, 
                            "offset": 233, 
                            "orth": "swoich"
                        }, 
                        {
                            "candidateInterpretations": [
                                {
                                    "base": "w\u0142a\u015bciwo\u015b\u0107", 
                                    "ctag": "subst", 
                                    "msd": "pl:gen:f"
                                }
                            ], 
                            "chosenInterpretation": {
                                "base": "w\u0142a\u015bciwo\u015b\u0107", 
                                "ctag": "subst", 
                                "msd": "pl:gen:f"
                            }, 
                            "id": "seg-1.1.28", 
                            "interpretations": [
                                {
                                    "base": "w\u0142a\u015bciwo\u015b\u0107", 
                                    "ctag": "subst", 
                                    "msd": "pl:gen:f"
                                }
                            ], 
                            "noPrecedingSpace": false, 
                            "offset": 240, 
                            "orth": "w\u0142a\u015bciwo\u015bci"
                        }, 
                        {
                            "candidateInterpretations": [
                                {
                                    "base": "wzmacniaj\u0105cy", 
                                    "ctag": "adj", 
                                    "msd": "pl:gen:f:pos"
                                }
                            ], 
                            "chosenInterpretation": {
                                "base": "wzmacniaj\u0105cy", 
                                "ctag": "adj", 
                                "msd": "pl:gen:f:pos"
                            }, 
                            "id": "seg-1.1.29", 
                            "interpretations": [
                                {
                                    "base": "wzmacniaj\u0105cy", 
                                    "ctag": "adj", 
                                    "msd": "pl:gen:f:pos"
                                }
                            ], 
                            "noPrecedingSpace": false, 
                            "offset": 252, 
                            "orth": "wzmacniaj\u0105cych"
                        }, 
                        {
                            "candidateInterpretations": [
                                {
                                    "base": "i", 
                                    "ctag": "conj", 
                                    "msd": ""
                                }
                            ], 
                            "chosenInterpretation": {
                                "base": "i", 
                                "ctag": "conj", 
                                "msd": ""
                            }, 
                            "id": "seg-1.1.30", 
                            "interpretations": [
                                {
                                    "base": "i", 
                                    "ctag": "conj", 
                                    "msd": ""
                                }
                            ], 
                            "noPrecedingSpace": false, 
                            "offset": 267, 
                            "orth": "i"
                        }, 
                        {
                            "candidateInterpretations": [
                                {
                                    "base": "pobudzaj\u0105cy", 
                                    "ctag": "adj", 
                                    "msd": "pl:gen:f:pos"
                                }
                            ], 
                            "chosenInterpretation": {
                                "base": "pobudzaj\u0105cy", 
                                "ctag": "adj", 
                                "msd": "pl:gen:f:pos"
                            }, 
                            "id": "seg-1.1.31", 
                            "interpretations": [
                                {
                                    "base": "pobudzaj\u0105cy", 
                                    "ctag": "adj", 
                                    "msd": "pl:gen:f:pos"
                                }
                            ], 
                            "noPrecedingSpace": false, 
                            "offset": 269, 
                            "orth": "pobudzaj\u0105cych"
                        }, 
                        {
                            "candidateInterpretations": [
                                {
                                    "base": ".", 
                                    "ctag": "interp", 
                                    "msd": ""
                                }
                            ], 
                            "chosenInterpretation": {
                                "base": ".", 
                                "ctag": "interp", 
                                "msd": ""
                            }, 
                            "id": "seg-1.1.32", 
                            "interpretations": [
                                {
                                    "base": ".", 
                                    "ctag": "interp", 
                                    "msd": ""
                                }
                            ], 
                            "noPrecedingSpace": true, 
                            "offset": 282, 
                            "orth": "."
                        }
                    ], 
                    "words": [
                        {
                            "candidateInterpretations": [
                                {
                                    "base": "utrzymywa\u0107", 
                                    "ctag": "Verbfin", 
                                    "msd": "sg:ter:pres:ind:imperf:nrefl:aff"
                                }
                            ], 
                            "childIds": [
                                "seg-1.1.0"
                            ], 
                            "chosenInterpretation": {
                                "base": "utrzymywa\u0107", 
                                "ctag": "Verbfin", 
                                "msd": "sg:ter:pres:ind:imperf:nrefl:aff"
                            }, 
                            "id": "words_a4eac6", 
                            "orth": "Utrzymuje", 
                            "rule": "fin imperf -> Verbfin"
                        }, 
                        {
                            "candidateInterpretations": [
                                {
                                    "base": "fizjologiczny", 
                                    "ctag": "Adj", 
                                    "msd": "sg:acc:f:pos"
                                }
                            ], 
                            "childIds": [
                                "seg-1.1.1"
                            ], 
                            "chosenInterpretation": {
                                "base": "fizjologiczny", 
                                "ctag": "Adj", 
                                "msd": "sg:acc:f:pos"
                            }, 
                            "id": "words_a4eaca", 
                            "orth": "fizjologiczn\u0105", 
                            "rule": "adj -> Adj"
                        }, 
                        {
                            "candidateInterpretations": [
                                {
                                    "base": "odporno\u015b\u0107", 
                                    "ctag": "Noun", 
                                    "msd": "sg:acc:f"
                                }
                            ], 
                            "childIds": [
                                "seg-1.1.2"
                            ], 
                            "chosenInterpretation": {
                                "base": "odporno\u015b\u0107", 
                                "ctag": "Noun", 
                                "msd": "sg:acc:f"
                            }, 
                            "id": "words_a4eadb", 
                            "orth": "odporno\u015b\u0107", 
                            "rule": "subst|depr|ger -> Noun"
                        }, 
                        {
                            "candidateInterpretations": [
                                {
                                    "base": "organizm", 
                                    "ctag": "Noun", 
                                    "msd": "sg:gen:m3"
                                }
                            ], 
                            "childIds": [
                                "seg-1.1.3"
                            ], 
                            "chosenInterpretation": {
                                "base": "organizm", 
                                "ctag": "Noun", 
                                "msd": "sg:gen:m3"
                            }, 
                            "id": "words_a4eadc", 
                            "orth": "organizmu", 
                            "rule": "subst|depr|ger -> Noun"
                        }, 
                        {
                            "candidateInterpretations": [
                                {
                                    "base": "w przypadku", 
                                    "ctag": "Prep", 
                                    "msd": "gen"
                                }
                            ], 
                            "childIds": [
                                "seg-1.1.4", 
                                "seg-1.1.5"
                            ], 
                            "chosenInterpretation": {
                                "base": "w przypadku", 
                                "ctag": "Prep", 
                                "msd": "gen"
                            }, 
                            "id": "words_a4eac5", 
                            "orth": "w przypadku", 
                            "rule": "frazeo: w celu i in."
                        }, 
                        {
                            "candidateInterpretations": [
                                {
                                    "base": "dotkliwy", 
                                    "ctag": "Adj", 
                                    "msd": "pl:gen:n:pos"
                                }
                            ], 
                            "childIds": [
                                "seg-1.1.6"
                            ], 
                            "chosenInterpretation": {
                                "base": "dotkliwy", 
                                "ctag": "Adj", 
                                "msd": "pl:gen:n:pos"
                            }, 
                            "id": "words_a4eacb", 
                            "orth": "dotkliwych", 
                            "rule": "adj -> Adj"
                        }, 
                        {
                            "candidateInterpretations": [
                                {
                                    "base": "warunki", 
                                    "ctag": "Noun", 
                                    "msd": "pl:gen:n"
                                }
                            ], 
                            "childIds": [
                                "seg-1.1.7"
                            ], 
                            "chosenInterpretation": {
                                "base": "warunki", 
                                "ctag": "Noun", 
                                "msd": "pl:gen:n"
                            }, 
                            "id": "words_a4eadd", 
                            "orth": "warunk\u00f3w", 
                            "rule": "subst|depr|ger -> Noun"
                        }, 
                        {
                            "candidateInterpretations": [
                                {
                                    "base": "otoczenie", 
                                    "ctag": "Noun", 
                                    "msd": "sg:gen:n"
                                }
                            ], 
                            "childIds": [
                                "seg-1.1.8"
                            ], 
                            "chosenInterpretation": {
                                "base": "otoczenie", 
                                "ctag": "Noun", 
                                "msd": "sg:gen:n"
                            }, 
                            "id": "words_a4eade", 
                            "orth": "otoczenia", 
                            "rule": "subst|depr|ger -> Noun"
                        }, 
                        {
                            "candidateInterpretations": [
                                {
                                    "base": ".", 
                                    "ctag": "Interp", 
                                    "msd": ""
                                }
                            ], 
                            "childIds": [
                                "seg-1.1.9"
                            ], 
                            "chosenInterpretation": {
                                "base": ".", 
                                "ctag": "Interp", 
                                "msd": ""
                            }, 
                            "id": "words_a4ead5", 
                            "orth": ".", 
                            "rule": "interp -> Interp"
                        }, 
                        {
                            "candidateInterpretations": [
                                {
                                    "base": "wykazywa\u0107", 
                                    "ctag": "Verbfin", 
                                    "msd": "sg:ter:pres:ind:imperf:nrefl:aff"
                                }
                            ], 
                            "childIds": [
                                "seg-1.1.10"
                            ], 
                            "chosenInterpretation": {
                                "base": "wykazywa\u0107", 
                                "ctag": "Verbfin", 
                                "msd": "sg:ter:pres:ind:imperf:nrefl:aff"
                            }, 
                            "id": "words_a4eac7", 
                            "orth": "Wykazuje", 
                            "rule": "fin imperf -> Verbfin"
                        }, 
                        {
                            "candidateInterpretations": [
                                {
                                    "base": "aktywno\u015b\u0107", 
                                    "ctag": "Noun", 
                                    "msd": "sg:nom:f"
                                }
                            ], 
                            "childIds": [
                                "seg-1.1.11"
                            ], 
                            "chosenInterpretation": {
                                "base": "aktywno\u015b\u0107", 
                                "ctag": "Noun", 
                                "msd": "sg:nom:f"
                            }, 
                            "id": "words_a4eadf", 
                            "orth": "aktywno\u015b\u0107", 
                            "rule": "subst|depr|ger -> Noun"
                        }, 
                        {
                            "candidateInterpretations": [
                                {
                                    "base": "i", 
                                    "ctag": "Conj", 
                                    "msd": ""
                                }
                            ], 
                            "childIds": [
                                "seg-1.1.13"
                            ], 
                            "chosenInterpretation": {
                                "base": "i", 
                                "ctag": "Conj", 
                                "msd": ""
                            }, 
                            "id": "words_a4ead3", 
                            "orth": "i", 
                            "rule": "conj -> Conj"
                        }, 
                        {
                            "candidateInterpretations": [
                                {
                                    "base": ".", 
                                    "ctag": "Interp", 
                                    "msd": ""
                                }
                            ], 
                            "childIds": [
                                "seg-1.1.15"
                            ], 
                            "chosenInterpretation": {
                                "base": ".", 
                                "ctag": "Interp", 
                                "msd": ""
                            }, 
                            "id": "words_a4ead6", 
                            "orth": ".", 
                            "rule": "interp -> Interp"
                        }, 
                        {
                            "candidateInterpretations": [
                                {
                                    "base": "przyczynia\u0107 si\u0119", 
                                    "ctag": "Verbfin", 
                                    "msd": "sg:ter:pres:ind:imperf:refl:aff"
                                }
                            ], 
                            "childIds": [
                                "words_a4eac8", 
                                "seg-1.1.17"
                            ], 
                            "chosenInterpretation": {
                                "base": "przyczynia\u0107 si\u0119", 
                                "ctag": "Verbfin", 
                                "msd": "sg:ter:pres:ind:imperf:refl:aff"
                            }, 
                            "id": "words_a4eac9", 
                            "orth": "Przyczynia si\u0119", 
                            "rule": "zwrotno\u015b\u0107 dla czasownik\u00f3w, imies\u0142ow\u00f3w itp. (1)"
                        }, 
                        {
                            "candidateInterpretations": [
                                {
                                    "base": "przyczynia\u0107", 
                                    "ctag": "Verbfin", 
                                    "msd": "sg:ter:pres:ind:imperf:nrefl:aff"
                                }
                            ], 
                            "childIds": [
                                "seg-1.1.16"
                            ], 
                            "chosenInterpretation": {
                                "base": "przyczynia\u0107", 
                                "ctag": "Verbfin", 
                                "msd": "sg:ter:pres:ind:imperf:nrefl:aff"
                            }, 
                            "id": "words_a4eac8", 
                            "orth": "Przyczynia", 
                            "rule": "fin imperf -> Verbfin"
                        }, 
                        {
                            "candidateInterpretations": [
                                {
                                    "base": "do", 
                                    "ctag": "Prep", 
                                    "msd": "gen"
                                }
                            ], 
                            "childIds": [
                                "seg-1.1.18"
                            ], 
                            "chosenInterpretation": {
                                "base": "do", 
                                "ctag": "Prep", 
                                "msd": "gen"
                            }, 
                            "id": "words_a4ead9", 
                            "orth": "do", 
                            "rule": "prep -> Prep"
                        }, 
                        {
                            "candidateInterpretations": [
                                {
                                    "base": "zachowa\u0107", 
                                    "ctag": "Noun", 
                                    "msd": "sg:gen:n:perf:aff"
                                }
                            ], 
                            "childIds": [
                                "seg-1.1.19"
                            ], 
                            "chosenInterpretation": {
                                "base": "zachowa\u0107", 
                                "ctag": "Noun", 
                                "msd": "sg:gen:n:perf:aff"
                            }, 
                            "id": "words_a4eae0", 
                            "orth": "zachowania", 
                            "rule": "subst|depr|ger -> Noun"
                        }, 
                        {
                            "candidateInterpretations": [
                                {
                                    "base": "zdolno\u015b\u0107", 
                                    "ctag": "Noun", 
                                    "msd": "pl:gen:f"
                                }
                            ], 
                            "childIds": [
                                "seg-1.1.20"
                            ], 
                            "chosenInterpretation": {
                                "base": "zdolno\u015b\u0107", 
                                "ctag": "Noun", 
                                "msd": "pl:gen:f"
                            }, 
                            "id": "words_a4eae1", 
                            "orth": "zdolno\u015bci", 
                            "rule": "subst|depr|ger -> Noun"
                        }, 
                        {
                            "candidateInterpretations": [
                                {
                                    "base": "adaptacyjny", 
                                    "ctag": "Adj", 
                                    "msd": "pl:gen:f:pos"
                                }
                            ], 
                            "childIds": [
                                "seg-1.1.21"
                            ], 
                            "chosenInterpretation": {
                                "base": "adaptacyjny", 
                                "ctag": "Adj", 
                                "msd": "pl:gen:f:pos"
                            }, 
                            "id": "words_a4eacc", 
                            "orth": "adaptacyjnych", 
                            "rule": "adj -> Adj"
                        }, 
                        {
                            "candidateInterpretations": [
                                {
                                    "base": ".", 
                                    "ctag": "Interp", 
                                    "msd": ""
                                }
                            ], 
                            "childIds": [
                                "seg-1.1.22"
                            ], 
                            "chosenInterpretation": {
                                "base": ".", 
                                "ctag": "Interp", 
                                "msd": ""
                            }, 
                            "id": "words_a4ead7", 
                            "orth": ".", 
                            "rule": "interp -> Interp"
                        }, 
                        {
                            "candidateInterpretations": [
                                {
                                    "base": "tradycyjnie", 
                                    "ctag": "Adv", 
                                    "msd": "pos"
                                }
                            ], 
                            "childIds": [
                                "seg-1.1.23"
                            ], 
                            "chosenInterpretation": {
                                "base": "tradycyjnie", 
                                "ctag": "Adv", 
                                "msd": "pos"
                            }, 
                            "id": "words_a4ead1", 
                            "orth": "Tradycyjnie", 
                            "rule": "adv -> Adv"
                        }, 
                        {
                            "candidateInterpretations": [
                                {
                                    "base": "dobrze", 
                                    "ctag": "Adv", 
                                    "msd": "pos"
                                }
                            ], 
                            "childIds": [
                                "seg-1.1.24"
                            ], 
                            "chosenInterpretation": {
                                "base": "dobrze", 
                                "ctag": "Adv", 
                                "msd": "pos"
                            }, 
                            "id": "words_a4ead2", 
                            "orth": "dobrze", 
                            "rule": "adv -> Adv"
                        }, 
                        {
                            "candidateInterpretations": [
                                {
                                    "base": "znany", 
                                    "ctag": "Adj", 
                                    "msd": "sg:nom:m1:pos"
                                }
                            ], 
                            "childIds": [
                                "seg-1.1.25"
                            ], 
                            "chosenInterpretation": {
                                "base": "znany", 
                                "ctag": "Adj", 
                                "msd": "sg:nom:m1:pos"
                            }, 
                            "id": "words_a4eacd", 
                            "orth": "znany", 
                            "rule": "adj -> Adj"
                        }, 
                        {
                            "candidateInterpretations": [
                                {
                                    "base": "z", 
                                    "ctag": "Prep", 
                                    "msd": "gen:wok"
                                }
                            ], 
                            "childIds": [
                                "seg-1.1.26"
                            ], 
                            "chosenInterpretation": {
                                "base": "z", 
                                "ctag": "Prep", 
                                "msd": "gen:wok"
                            }, 
                            "id": "words_a4eada", 
                            "orth": "ze", 
                            "rule": "prep -> Prep"
                        }, 
                        {
                            "candidateInterpretations": [
                                {
                                    "base": "sw\u00f3j", 
                                    "ctag": "Adj", 
                                    "msd": "pl:gen:f:pos"
                                }
                            ], 
                            "childIds": [
                                "seg-1.1.27"
                            ], 
                            "chosenInterpretation": {
                                "base": "sw\u00f3j", 
                                "ctag": "Adj", 
                                "msd": "pl:gen:f:pos"
                            }, 
                            "id": "words_a4eace", 
                            "orth": "swoich", 
                            "rule": "adj -> Adj"
                        }, 
                        {
                            "candidateInterpretations": [
                                {
                                    "base": "w\u0142a\u015bciwo\u015b\u0107", 
                                    "ctag": "Noun", 
                                    "msd": "pl:gen:f"
                                }
                            ], 
                            "childIds": [
                                "seg-1.1.28"
                            ], 
                            "chosenInterpretation": {
                                "base": "w\u0142a\u015bciwo\u015b\u0107", 
                                "ctag": "Noun", 
                                "msd": "pl:gen:f"
                            }, 
                            "id": "words_a4eae2", 
                            "orth": "w\u0142a\u015bciwo\u015bci", 
                            "rule": "subst|depr|ger -> Noun"
                        }, 
                        {
                            "candidateInterpretations": [
                                {
                                    "base": "wzmacniaj\u0105cy", 
                                    "ctag": "Adj", 
                                    "msd": "pl:gen:f:pos"
                                }
                            ], 
                            "childIds": [
                                "seg-1.1.29"
                            ], 
                            "chosenInterpretation": {
                                "base": "wzmacniaj\u0105cy", 
                                "ctag": "Adj", 
                                "msd": "pl:gen:f:pos"
                            }, 
                            "id": "words_a4eacf", 
                            "orth": "wzmacniaj\u0105cych", 
                            "rule": "adj -> Adj"
                        }, 
                        {
                            "candidateInterpretations": [
                                {
                                    "base": "i", 
                                    "ctag": "Conj", 
                                    "msd": ""
                                }
                            ], 
                            "childIds": [
                                "seg-1.1.30"
                            ], 
                            "chosenInterpretation": {
                                "base": "i", 
                                "ctag": "Conj", 
                                "msd": ""
                            }, 
                            "id": "words_a4ead4", 
                            "orth": "i", 
                            "rule": "conj -> Conj"
                        }, 
                        {
                            "candidateInterpretations": [
                                {
                                    "base": "pobudzaj\u0105cy", 
                                    "ctag": "Adj", 
                                    "msd": "pl:gen:f:pos"
                                }
                            ], 
                            "childIds": [
                                "seg-1.1.31"
                            ], 
                            "chosenInterpretation": {
                                "base": "pobudzaj\u0105cy", 
                                "ctag": "Adj", 
                                "msd": "pl:gen:f:pos"
                            }, 
                            "id": "words_a4ead0", 
                            "orth": "pobudzaj\u0105cych", 
                            "rule": "adj -> Adj"
                        }, 
                        {
                            "candidateInterpretations": [
                                {
                                    "base": ".", 
                                    "ctag": "Interp", 
                                    "msd": ""
                                }
                            ], 
                            "childIds": [
                                "seg-1.1.32"
                            ], 
                            "chosenInterpretation": {
                                "base": ".", 
                                "ctag": "Interp", 
                                "msd": ""
                            }, 
                            "id": "words_a4ead8", 
                            "orth": ".", 
                            "rule": "interp -> Interp"
                        }
                    ]
                }
            ], 
            "text": " Utrzymuje fizjologiczn\u0105 odporno\u015b\u0107 organizmu w przypadku dotkliwych warunk\u00f3w otoczenia.  Wykazuje aktywno\u015b\u0107 przeciwoksydacyjn\u0105 i przeciwstarzeniow\u0105.  Przyczynia si\u0119 do zachowania zdolno\u015bci adaptacyjnych.  Tradycyjnie dobrze znany ze swoich w\u0142a\u015bciwo\u015bci wzmacniaj\u0105cych i pobudzaj\u0105cych."
        }
    ], 
    "summary": "", 
    "textHeader": {
        "distributor": "Multiservice", 
        "id": "", 
        "processingDuration": 1079, 
        "publicationTime": 1553563421592, 
        "retrievedFrom": "", 
        "sourceDescText": "", 
        "title": ""
    }
}