{
    "annotationDetails": {
        "hasMorphosyntaxDisambiguated": true, 
        "hasMorphosyntaxPartiallyDisambiguated": true, 
        "hasSegmentsDisambiguated": true
    }, 
    "annotationHeaders": {
        "0": {
            "distributor": "Pantera", 
            "id": "", 
            "processingDuration": 93, 
            "publicationTime": 1553563457231, 
            "retrievedFrom": "", 
            "sourceDescText": "", 
            "title": ""
        }, 
        "1": {
            "distributor": "Pantera; modified by Spejd", 
            "id": "", 
            "processingDuration": 99, 
            "publicationTime": 1553563457231, 
            "retrievedFrom": "", 
            "sourceDescText": "", 
            "title": ""
        }, 
        "2": {
            "distributor": "Spejd", 
            "id": "", 
            "processingDuration": 6, 
            "publicationTime": 1553563457231, 
            "retrievedFrom": "", 
            "sourceDescText": "", 
            "title": ""
        }, 
        "3": {
            "distributor": "Spejd", 
            "id": "", 
            "processingDuration": 6, 
            "publicationTime": 1553563457231, 
            "retrievedFrom": "", 
            "sourceDescText": "", 
            "title": ""
        }, 
        "4": {
            "distributor": "Nerf", 
            "id": "", 
            "processingDuration": 30, 
            "publicationTime": 1553563457231, 
            "retrievedFrom": "", 
            "sourceDescText": "", 
            "title": ""
        }, 
        "7": {
            "distributor": "MentionDetector", 
            "id": null, 
            "processingDuration": 1, 
            "publicationTime": 1553563457231, 
            "retrievedFrom": null, 
            "sourceDescText": null, 
            "title": null
        }, 
        "8": {
            "distributor": "Bartek", 
            "id": null, 
            "processingDuration": 28, 
            "publicationTime": 1553563457231, 
            "retrievedFrom": null, 
            "sourceDescText": null, 
            "title": null
        }
    }, 
    "coreferences": [
        {
            "dominant": "arogancja", 
            "id": "c-0", 
            "mentionIds": [
                "m-0"
            ], 
            "sourceMentionId": null, 
            "type": "ident"
        }, 
        {
            "dominant": "rola lekarz", 
            "id": "c-1", 
            "mentionIds": [
                "m-2"
            ], 
            "sourceMentionId": null, 
            "type": "ident"
        }, 
        {
            "dominant": "lekarz", 
            "id": "c-2", 
            "mentionIds": [
                "m-1"
            ], 
            "sourceMentionId": null, 
            "type": "ident"
        }, 
        {
            "dominant": "pacjent", 
            "id": "c-3", 
            "mentionIds": [
                "m-3", 
                "m-5"
            ], 
            "sourceMentionId": null, 
            "type": "ident"
        }, 
        {
            "dominant": "czas", 
            "id": "c-4", 
            "mentionIds": [
                "m-4"
            ], 
            "sourceMentionId": null, 
            "type": "ident"
        }, 
        {
            "dominant": "taki gradacja", 
            "id": "c-5", 
            "mentionIds": [
                "m-6"
            ], 
            "sourceMentionId": null, 
            "type": "ident"
        }, 
        {
            "dominant": "taki gradacja i \u015bwiadomo\u015b\u0107", 
            "id": "c-6", 
            "mentionIds": [
                "m-8"
            ], 
            "sourceMentionId": null, 
            "type": "ident"
        }, 
        {
            "dominant": "\u015bwiadomo\u015b\u0107", 
            "id": "c-7", 
            "mentionIds": [
                "m-7"
            ], 
            "sourceMentionId": null, 
            "type": "ident"
        }
    ], 
    "paragraphs": [
        {
            "id": "p-1", 
            "sentences": [
                {
                    "dependencyParse": [], 
                    "groups": [
                        {
                            "childIds": [
                                "words_a4c534"
                            ], 
                            "id": "groups_a4c53d", 
                            "orth": "arogancja", 
                            "rule": "(Qub) + Noun", 
                            "semanticHeadId": "words_a4c534", 
                            "syntacticHeadId": "words_a4c534", 
                            "type": "NG"
                        }, 
                        {
                            "childIds": [
                                "groups_a4c53e", 
                                "groups_a4c53f"
                            ], 
                            "id": "groups_a4c545", 
                            "orth": "Rol\u0105 lekarza", 
                            "rule": "NG2: NG + NG(gen) nie przed NG(gen) i nie przed koordynacj\u0105", 
                            "semanticHeadId": "words_a4c535", 
                            "syntacticHeadId": "words_a4c535", 
                            "type": "NG2"
                        }, 
                        {
                            "childIds": [
                                "words_a4c535"
                            ], 
                            "id": "groups_a4c53e", 
                            "orth": "Rol\u0105", 
                            "rule": "(Qub) + Noun", 
                            "semanticHeadId": "words_a4c535", 
                            "syntacticHeadId": "words_a4c535", 
                            "type": "NG"
                        }, 
                        {
                            "childIds": [
                                "words_a4c536"
                            ], 
                            "id": "groups_a4c53f", 
                            "orth": "lekarza", 
                            "rule": "(Qub) + Noun", 
                            "semanticHeadId": "words_a4c536", 
                            "syntacticHeadId": "words_a4c536", 
                            "type": "NG"
                        }, 
                        {
                            "childIds": [
                                "words_a4c537"
                            ], 
                            "id": "groups_a4c540", 
                            "orth": "pacjenta", 
                            "rule": "(Qub) + Noun", 
                            "semanticHeadId": "words_a4c537", 
                            "syntacticHeadId": "words_a4c537", 
                            "type": "NG"
                        }, 
                        {
                            "childIds": [
                                "words_a4c538"
                            ], 
                            "id": "groups_a4c541", 
                            "orth": "Czasem", 
                            "rule": "(Qub) + Noun", 
                            "semanticHeadId": "words_a4c538", 
                            "syntacticHeadId": "words_a4c538", 
                            "type": "NG"
                        }, 
                        {
                            "childIds": [
                                "words_a4c53b"
                            ], 
                            "id": "groups_a4c542", 
                            "orth": "mu", 
                            "rule": "(Qub) + Noun", 
                            "semanticHeadId": "words_a4c53b", 
                            "syntacticHeadId": "words_a4c53b", 
                            "type": "NG"
                        }, 
                        {
                            "childIds": [
                                "groups_a4c53c", 
                                "words_a4c52d", 
                                "groups_a4c543"
                            ], 
                            "id": "groups_a4c546", 
                            "orth": "Taka gradacja i \u015bwiadomo\u015b\u0107", 
                            "rule": "NGk: NG + NG", 
                            "semanticHeadId": "words_a4c539", 
                            "syntacticHeadId": "words_a4c539", 
                            "type": "NGk"
                        }, 
                        {
                            "childIds": [
                                "words_a4c528", 
                                "words_a4c539"
                            ], 
                            "id": "groups_a4c53c", 
                            "orth": "Taka gradacja", 
                            "rule": "NGa: (Qub) + Adj + (Qub) + (Adv) + Noun + (Adj)", 
                            "semanticHeadId": "words_a4c539", 
                            "syntacticHeadId": "words_a4c539", 
                            "type": "NGa"
                        }, 
                        {
                            "childIds": [
                                "words_a4c53a"
                            ], 
                            "id": "groups_a4c543", 
                            "orth": "\u015bwiadomo\u015b\u0107", 
                            "rule": "(Qub) + Noun", 
                            "semanticHeadId": "words_a4c53a", 
                            "syntacticHeadId": "words_a4c53a", 
                            "type": "NG"
                        }, 
                        {
                            "childIds": [
                                "words_a4c526"
                            ], 
                            "id": "groups_a4c544", 
                            "orth": "zachowana", 
                            "rule": "(Qub) + Adj", 
                            "semanticHeadId": "words_a4c526", 
                            "syntacticHeadId": "words_a4c526", 
                            "type": "AdjG"
                        }
                    ], 
                    "id": "s-1.1", 
                    "mentions": [
                        {
                            "childIds": [
                                "seg-1.1.1"
                            ], 
                            "headIds": [
                                "seg-1.1.1"
                            ], 
                            "id": "m-0", 
                            "zeroSubject": false
                        }, 
                        {
                            "childIds": [
                                "seg-1.1.4"
                            ], 
                            "headIds": [
                                "seg-1.1.4"
                            ], 
                            "id": "m-1", 
                            "zeroSubject": false
                        }, 
                        {
                            "childIds": [
                                "seg-1.1.3", 
                                "seg-1.1.4"
                            ], 
                            "headIds": [
                                "seg-1.1.3"
                            ], 
                            "id": "m-2", 
                            "zeroSubject": false
                        }, 
                        {
                            "childIds": [
                                "seg-1.1.7"
                            ], 
                            "headIds": [
                                "seg-1.1.7"
                            ], 
                            "id": "m-3", 
                            "zeroSubject": false
                        }, 
                        {
                            "childIds": [
                                "seg-1.1.10"
                            ], 
                            "headIds": [
                                "seg-1.1.10"
                            ], 
                            "id": "m-4", 
                            "zeroSubject": false
                        }, 
                        {
                            "childIds": [
                                "seg-1.1.13"
                            ], 
                            "headIds": [
                                "seg-1.1.13"
                            ], 
                            "id": "m-5", 
                            "zeroSubject": false
                        }, 
                        {
                            "childIds": [
                                "seg-1.1.22", 
                                "seg-1.1.23"
                            ], 
                            "headIds": [
                                "seg-1.1.23"
                            ], 
                            "id": "m-6", 
                            "zeroSubject": false
                        }, 
                        {
                            "childIds": [
                                "seg-1.1.25"
                            ], 
                            "headIds": [
                                "seg-1.1.25"
                            ], 
                            "id": "m-7", 
                            "zeroSubject": false
                        }, 
                        {
                            "childIds": [
                                "seg-1.1.22", 
                                "seg-1.1.23", 
                                "seg-1.1.24", 
                                "seg-1.1.25"
                            ], 
                            "headIds": [
                                "seg-1.1.23"
                            ], 
                            "id": "m-8", 
                            "zeroSubject": false
                        }
                    ], 
                    "names": [], 
                    "rejectedTokens": [], 
                    "sentimentTags": [], 
                    "tokens": [
                        {
                            "candidateInterpretations": [
                                {
                                    "base": "to", 
                                    "ctag": "pred", 
                                    "msd": ""
                                }
                            ], 
                            "chosenInterpretation": {
                                "base": "to", 
                                "ctag": "pred", 
                                "msd": ""
                            }, 
                            "id": "seg-1.1.0", 
                            "interpretations": [
                                {
                                    "base": "to", 
                                    "ctag": "pred", 
                                    "msd": ""
                                }
                            ], 
                            "noPrecedingSpace": false, 
                            "offset": 1, 
                            "orth": "To"
                        }, 
                        {
                            "candidateInterpretations": [
                                {
                                    "base": "arogancja", 
                                    "ctag": "subst", 
                                    "msd": "sg:nom:f"
                                }
                            ], 
                            "chosenInterpretation": {
                                "base": "arogancja", 
                                "ctag": "subst", 
                                "msd": "sg:nom:f"
                            }, 
                            "id": "seg-1.1.1", 
                            "interpretations": [
                                {
                                    "base": "arogancja", 
                                    "ctag": "subst", 
                                    "msd": "sg:nom:f"
                                }
                            ], 
                            "noPrecedingSpace": false, 
                            "offset": 4, 
                            "orth": "arogancja"
                        }, 
                        {
                            "candidateInterpretations": [
                                {
                                    "base": ".", 
                                    "ctag": "interp", 
                                    "msd": ""
                                }
                            ], 
                            "chosenInterpretation": {
                                "base": ".", 
                                "ctag": "interp", 
                                "msd": ""
                            }, 
                            "id": "seg-1.1.2", 
                            "interpretations": [
                                {
                                    "base": ".", 
                                    "ctag": "interp", 
                                    "msd": ""
                                }
                            ], 
                            "noPrecedingSpace": true, 
                            "offset": 13, 
                            "orth": "."
                        }, 
                        {
                            "candidateInterpretations": [
                                {
                                    "base": "rola", 
                                    "ctag": "subst", 
                                    "msd": "sg:inst:f"
                                }
                            ], 
                            "chosenInterpretation": {
                                "base": "rola", 
                                "ctag": "subst", 
                                "msd": "sg:inst:f"
                            }, 
                            "id": "seg-1.1.3", 
                            "interpretations": [
                                {
                                    "base": "rola", 
                                    "ctag": "subst", 
                                    "msd": "sg:inst:f"
                                }
                            ], 
                            "noPrecedingSpace": false, 
                            "offset": 16, 
                            "orth": "Rol\u0105"
                        }, 
                        {
                            "candidateInterpretations": [
                                {
                                    "base": "lekarz", 
                                    "ctag": "subst", 
                                    "msd": "sg:gen:m1"
                                }
                            ], 
                            "chosenInterpretation": {
                                "base": "lekarz", 
                                "ctag": "subst", 
                                "msd": "sg:gen:m1"
                            }, 
                            "id": "seg-1.1.4", 
                            "interpretations": [
                                {
                                    "base": "lekarz", 
                                    "ctag": "subst", 
                                    "msd": "sg:gen:m1"
                                }
                            ], 
                            "noPrecedingSpace": false, 
                            "offset": 21, 
                            "orth": "lekarza"
                        }, 
                        {
                            "candidateInterpretations": [
                                {
                                    "base": "by\u0107", 
                                    "ctag": "fin", 
                                    "msd": "sg:ter:imperf"
                                }
                            ], 
                            "chosenInterpretation": {
                                "base": "by\u0107", 
                                "ctag": "fin", 
                                "msd": "sg:ter:imperf"
                            }, 
                            "id": "seg-1.1.5", 
                            "interpretations": [
                                {
                                    "base": "by\u0107", 
                                    "ctag": "fin", 
                                    "msd": "sg:ter:imperf"
                                }
                            ], 
                            "noPrecedingSpace": false, 
                            "offset": 29, 
                            "orth": "jest"
                        }, 
                        {
                            "candidateInterpretations": [
                                {
                                    "base": "zawsze", 
                                    "ctag": "adv", 
                                    "msd": ""
                                }
                            ], 
                            "chosenInterpretation": {
                                "base": "zawsze", 
                                "ctag": "adv", 
                                "msd": ""
                            }, 
                            "id": "seg-1.1.6", 
                            "interpretations": [
                                {
                                    "base": "zawsze", 
                                    "ctag": "adv", 
                                    "msd": ""
                                }
                            ], 
                            "noPrecedingSpace": false, 
                            "offset": 34, 
                            "orth": "zawsze"
                        }, 
                        {
                            "candidateInterpretations": [
                                {
                                    "base": "pacjent", 
                                    "ctag": "subst", 
                                    "msd": "sg:gen:m1"
                                }
                            ], 
                            "chosenInterpretation": {
                                "base": "pacjent", 
                                "ctag": "subst", 
                                "msd": "sg:gen:m1"
                            }, 
                            "id": "seg-1.1.7", 
                            "interpretations": [
                                {
                                    "base": "pacjent", 
                                    "ctag": "subst", 
                                    "msd": "sg:gen:m1"
                                }
                            ], 
                            "noPrecedingSpace": false, 
                            "offset": 41, 
                            "orth": "pacjenta"
                        }, 
                        {
                            "candidateInterpretations": [
                                {
                                    "base": "pocieszy\u0107", 
                                    "ctag": "inf", 
                                    "msd": "perf"
                                }
                            ], 
                            "chosenInterpretation": {
                                "base": "pocieszy\u0107", 
                                "ctag": "inf", 
                                "msd": "perf"
                            }, 
                            "id": "seg-1.1.8", 
                            "interpretations": [
                                {
                                    "base": "pocieszy\u0107", 
                                    "ctag": "inf", 
                                    "msd": "perf"
                                }
                            ], 
                            "noPrecedingSpace": false, 
                            "offset": 50, 
                            "orth": "pocieszy\u0107"
                        }, 
                        {
                            "candidateInterpretations": [
                                {
                                    "base": ".", 
                                    "ctag": "interp", 
                                    "msd": ""
                                }
                            ], 
                            "chosenInterpretation": {
                                "base": ".", 
                                "ctag": "interp", 
                                "msd": ""
                            }, 
                            "id": "seg-1.1.9", 
                            "interpretations": [
                                {
                                    "base": ".", 
                                    "ctag": "interp", 
                                    "msd": ""
                                }
                            ], 
                            "noPrecedingSpace": true, 
                            "offset": 59, 
                            "orth": "."
                        }, 
                        {
                            "candidateInterpretations": [
                                {
                                    "base": "czas", 
                                    "ctag": "subst", 
                                    "msd": "sg:inst:m3"
                                }
                            ], 
                            "chosenInterpretation": {
                                "base": "czas", 
                                "ctag": "subst", 
                                "msd": "sg:inst:m3"
                            }, 
                            "id": "seg-1.1.10", 
                            "interpretations": [
                                {
                                    "base": "czas", 
                                    "ctag": "subst", 
                                    "msd": "sg:inst:m3"
                                }
                            ], 
                            "noPrecedingSpace": false, 
                            "offset": 62, 
                            "orth": "Czasem"
                        }, 
                        {
                            "candidateInterpretations": [
                                {
                                    "base": "udawa\u0107", 
                                    "ctag": "fin", 
                                    "msd": "sg:ter:imperf"
                                }
                            ], 
                            "chosenInterpretation": {
                                "base": "udawa\u0107", 
                                "ctag": "fin", 
                                "msd": "sg:ter:imperf"
                            }, 
                            "id": "seg-1.1.11", 
                            "interpretations": [
                                {
                                    "base": "udawa\u0107", 
                                    "ctag": "fin", 
                                    "msd": "sg:ter:imperf"
                                }
                            ], 
                            "noPrecedingSpace": false, 
                            "offset": 69, 
                            "orth": "udaje"
                        }, 
                        {
                            "candidateInterpretations": [
                                {
                                    "base": "si\u0119", 
                                    "ctag": "qub", 
                                    "msd": ""
                                }
                            ], 
                            "chosenInterpretation": {
                                "base": "si\u0119", 
                                "ctag": "qub", 
                                "msd": ""
                            }, 
                            "id": "seg-1.1.12", 
                            "interpretations": [
                                {
                                    "base": "si\u0119", 
                                    "ctag": "qub", 
                                    "msd": ""
                                }
                            ], 
                            "noPrecedingSpace": false, 
                            "offset": 75, 
                            "orth": "si\u0119"
                        }, 
                        {
                            "candidateInterpretations": [
                                {
                                    "base": "on", 
                                    "ctag": "ppron3", 
                                    "msd": "sg:dat:m1:ter:nakc:npraep"
                                }
                            ], 
                            "chosenInterpretation": {
                                "base": "on", 
                                "ctag": "ppron3", 
                                "msd": "sg:dat:m1:ter:nakc:npraep"
                            }, 
                            "id": "seg-1.1.13", 
                            "interpretations": [
                                {
                                    "base": "on", 
                                    "ctag": "ppron3", 
                                    "msd": "sg:dat:m1:ter:nakc:npraep"
                                }
                            ], 
                            "noPrecedingSpace": false, 
                            "offset": 79, 
                            "orth": "mu"
                        }, 
                        {
                            "candidateInterpretations": [
                                {
                                    "base": "pom\u00f3c", 
                                    "ctag": "inf", 
                                    "msd": "perf"
                                }
                            ], 
                            "chosenInterpretation": {
                                "base": "pom\u00f3c", 
                                "ctag": "inf", 
                                "msd": "perf"
                            }, 
                            "id": "seg-1.1.14", 
                            "interpretations": [
                                {
                                    "base": "pom\u00f3c", 
                                    "ctag": "inf", 
                                    "msd": "perf"
                                }
                            ], 
                            "noPrecedingSpace": false, 
                            "offset": 82, 
                            "orth": "pom\u00f3c"
                        }, 
                        {
                            "candidateInterpretations": [
                                {
                                    "base": ",", 
                                    "ctag": "interp", 
                                    "msd": ""
                                }
                            ], 
                            "chosenInterpretation": {
                                "base": ",", 
                                "ctag": "interp", 
                                "msd": ""
                            }, 
                            "id": "seg-1.1.15", 
                            "interpretations": [
                                {
                                    "base": ",", 
                                    "ctag": "interp", 
                                    "msd": ""
                                }
                            ], 
                            "noPrecedingSpace": true, 
                            "offset": 87, 
                            "orth": ","
                        }, 
                        {
                            "candidateInterpretations": [
                                {
                                    "base": "a", 
                                    "ctag": "conj", 
                                    "msd": ""
                                }
                            ], 
                            "chosenInterpretation": {
                                "base": "a", 
                                "ctag": "conj", 
                                "msd": ""
                            }, 
                            "id": "seg-1.1.16", 
                            "interpretations": [
                                {
                                    "base": "a", 
                                    "ctag": "conj", 
                                    "msd": ""
                                }
                            ], 
                            "noPrecedingSpace": false, 
                            "offset": 89, 
                            "orth": "a"
                        }, 
                        {
                            "candidateInterpretations": [
                                {
                                    "base": "bardzo", 
                                    "ctag": "adv", 
                                    "msd": "pos"
                                }
                            ], 
                            "chosenInterpretation": {
                                "base": "bardzo", 
                                "ctag": "adv", 
                                "msd": "pos"
                            }, 
                            "id": "seg-1.1.17", 
                            "interpretations": [
                                {
                                    "base": "bardzo", 
                                    "ctag": "adv", 
                                    "msd": "pos"
                                }
                            ], 
                            "noPrecedingSpace": false, 
                            "offset": 91, 
                            "orth": "bardzo"
                        }, 
                        {
                            "candidateInterpretations": [
                                {
                                    "base": "rzadko", 
                                    "ctag": "adv", 
                                    "msd": "pos"
                                }
                            ], 
                            "chosenInterpretation": {
                                "base": "rzadko", 
                                "ctag": "adv", 
                                "msd": "pos"
                            }, 
                            "id": "seg-1.1.18", 
                            "interpretations": [
                                {
                                    "base": "rzadko", 
                                    "ctag": "adv", 
                                    "msd": "pos"
                                }
                            ], 
                            "noPrecedingSpace": false, 
                            "offset": 98, 
                            "orth": "rzadko"
                        }, 
                        {
                            "candidateInterpretations": [
                                {
                                    "base": "-", 
                                    "ctag": "interp", 
                                    "msd": ""
                                }
                            ], 
                            "chosenInterpretation": {
                                "base": "-", 
                                "ctag": "interp", 
                                "msd": ""
                            }, 
                            "id": "seg-1.1.19", 
                            "interpretations": [
                                {
                                    "base": "-", 
                                    "ctag": "interp", 
                                    "msd": ""
                                }
                            ], 
                            "noPrecedingSpace": false, 
                            "offset": 105, 
                            "orth": "-"
                        }, 
                        {
                            "candidateInterpretations": [
                                {
                                    "base": "wyleczy\u0107", 
                                    "ctag": "inf", 
                                    "msd": "perf"
                                }
                            ], 
                            "chosenInterpretation": {
                                "base": "wyleczy\u0107", 
                                "ctag": "inf", 
                                "msd": "perf"
                            }, 
                            "id": "seg-1.1.20", 
                            "interpretations": [
                                {
                                    "base": "wyleczy\u0107", 
                                    "ctag": "inf", 
                                    "msd": "perf"
                                }
                            ], 
                            "noPrecedingSpace": false, 
                            "offset": 107, 
                            "orth": "wyleczy\u0107"
                        }, 
                        {
                            "candidateInterpretations": [
                                {
                                    "base": ".", 
                                    "ctag": "interp", 
                                    "msd": ""
                                }
                            ], 
                            "chosenInterpretation": {
                                "base": ".", 
                                "ctag": "interp", 
                                "msd": ""
                            }, 
                            "id": "seg-1.1.21", 
                            "interpretations": [
                                {
                                    "base": ".", 
                                    "ctag": "interp", 
                                    "msd": ""
                                }
                            ], 
                            "noPrecedingSpace": true, 
                            "offset": 115, 
                            "orth": "."
                        }, 
                        {
                            "candidateInterpretations": [
                                {
                                    "base": "taki", 
                                    "ctag": "adj", 
                                    "msd": "sg:nom:f:pos"
                                }
                            ], 
                            "chosenInterpretation": {
                                "base": "taki", 
                                "ctag": "adj", 
                                "msd": "sg:nom:f:pos"
                            }, 
                            "id": "seg-1.1.22", 
                            "interpretations": [
                                {
                                    "base": "taki", 
                                    "ctag": "adj", 
                                    "msd": "sg:nom:f:pos"
                                }
                            ], 
                            "noPrecedingSpace": false, 
                            "offset": 118, 
                            "orth": "Taka"
                        }, 
                        {
                            "candidateInterpretations": [
                                {
                                    "base": "gradacja", 
                                    "ctag": "subst", 
                                    "msd": "sg:nom:f"
                                }
                            ], 
                            "chosenInterpretation": {
                                "base": "gradacja", 
                                "ctag": "subst", 
                                "msd": "sg:nom:f"
                            }, 
                            "id": "seg-1.1.23", 
                            "interpretations": [
                                {
                                    "base": "gradacja", 
                                    "ctag": "subst", 
                                    "msd": "sg:nom:f"
                                }
                            ], 
                            "noPrecedingSpace": false, 
                            "offset": 123, 
                            "orth": "gradacja"
                        }, 
                        {
                            "candidateInterpretations": [
                                {
                                    "base": "i", 
                                    "ctag": "conj", 
                                    "msd": ""
                                }
                            ], 
                            "chosenInterpretation": {
                                "base": "i", 
                                "ctag": "conj", 
                                "msd": ""
                            }, 
                            "id": "seg-1.1.24", 
                            "interpretations": [
                                {
                                    "base": "i", 
                                    "ctag": "conj", 
                                    "msd": ""
                                }
                            ], 
                            "noPrecedingSpace": false, 
                            "offset": 132, 
                            "orth": "i"
                        }, 
                        {
                            "candidateInterpretations": [
                                {
                                    "base": "\u015bwiadomo\u015b\u0107", 
                                    "ctag": "subst", 
                                    "msd": "sg:nom:f"
                                }
                            ], 
                            "chosenInterpretation": {
                                "base": "\u015bwiadomo\u015b\u0107", 
                                "ctag": "subst", 
                                "msd": "sg:nom:f"
                            }, 
                            "id": "seg-1.1.25", 
                            "interpretations": [
                                {
                                    "base": "\u015bwiadomo\u015b\u0107", 
                                    "ctag": "subst", 
                                    "msd": "sg:nom:f"
                                }
                            ], 
                            "noPrecedingSpace": false, 
                            "offset": 134, 
                            "orth": "\u015bwiadomo\u015b\u0107"
                        }, 
                        {
                            "candidateInterpretations": [
                                {
                                    "base": "musie\u0107", 
                                    "ctag": "fin", 
                                    "msd": "sg:ter:imperf"
                                }
                            ], 
                            "chosenInterpretation": {
                                "base": "musie\u0107", 
                                "ctag": "fin", 
                                "msd": "sg:ter:imperf"
                            }, 
                            "id": "seg-1.1.26", 
                            "interpretations": [
                                {
                                    "base": "musie\u0107", 
                                    "ctag": "fin", 
                                    "msd": "sg:ter:imperf"
                                }
                            ], 
                            "noPrecedingSpace": false, 
                            "offset": 145, 
                            "orth": "musi"
                        }, 
                        {
                            "candidateInterpretations": [
                                {
                                    "base": "by\u0107", 
                                    "ctag": "inf", 
                                    "msd": "imperf"
                                }
                            ], 
                            "chosenInterpretation": {
                                "base": "by\u0107", 
                                "ctag": "inf", 
                                "msd": "imperf"
                            }, 
                            "id": "seg-1.1.27", 
                            "interpretations": [
                                {
                                    "base": "by\u0107", 
                                    "ctag": "inf", 
                                    "msd": "imperf"
                                }
                            ], 
                            "noPrecedingSpace": false, 
                            "offset": 150, 
                            "orth": "by\u0107"
                        }, 
                        {
                            "candidateInterpretations": [
                                {
                                    "base": "zachowa\u0107", 
                                    "ctag": "ppas", 
                                    "msd": "sg:nom:f:perf:aff"
                                }
                            ], 
                            "chosenInterpretation": {
                                "base": "zachowa\u0107", 
                                "ctag": "ppas", 
                                "msd": "sg:nom:f:perf:aff"
                            }, 
                            "id": "seg-1.1.28", 
                            "interpretations": [
                                {
                                    "base": "zachowa\u0107", 
                                    "ctag": "ppas", 
                                    "msd": "sg:nom:f:perf:aff"
                                }
                            ], 
                            "noPrecedingSpace": false, 
                            "offset": 154, 
                            "orth": "zachowana"
                        }, 
                        {
                            "candidateInterpretations": [
                                {
                                    "base": ".", 
                                    "ctag": "interp", 
                                    "msd": ""
                                }
                            ], 
                            "chosenInterpretation": {
                                "base": ".", 
                                "ctag": "interp", 
                                "msd": ""
                            }, 
                            "id": "seg-1.1.29", 
                            "interpretations": [
                                {
                                    "base": ".", 
                                    "ctag": "interp", 
                                    "msd": ""
                                }
                            ], 
                            "noPrecedingSpace": true, 
                            "offset": 163, 
                            "orth": "."
                        }
                    ], 
                    "words": [
                        {
                            "candidateInterpretations": [
                                {
                                    "base": "to", 
                                    "ctag": "Pred", 
                                    "msd": "pres:ind:imperf:aff"
                                }
                            ], 
                            "childIds": [
                                "seg-1.1.0"
                            ], 
                            "chosenInterpretation": {
                                "base": "to", 
                                "ctag": "Pred", 
                                "msd": "pres:ind:imperf:aff"
                            }, 
                            "id": "words_a4c525", 
                            "orth": "To", 
                            "rule": "pred -> Pred"
                        }, 
                        {
                            "candidateInterpretations": [
                                {
                                    "base": "arogancja", 
                                    "ctag": "Noun", 
                                    "msd": "sg:nom:f"
                                }
                            ], 
                            "childIds": [
                                "seg-1.1.1"
                            ], 
                            "chosenInterpretation": {
                                "base": "arogancja", 
                                "ctag": "Noun", 
                                "msd": "sg:nom:f"
                            }, 
                            "id": "words_a4c534", 
                            "orth": "arogancja", 
                            "rule": "subst|depr|ger -> Noun"
                        }, 
                        {
                            "candidateInterpretations": [
                                {
                                    "base": ".", 
                                    "ctag": "Interp", 
                                    "msd": ""
                                }
                            ], 
                            "childIds": [
                                "seg-1.1.2"
                            ], 
                            "chosenInterpretation": {
                                "base": ".", 
                                "ctag": "Interp", 
                                "msd": ""
                            }, 
                            "id": "words_a4c52e", 
                            "orth": ".", 
                            "rule": "interp -> Interp"
                        }, 
                        {
                            "candidateInterpretations": [
                                {
                                    "base": "rola", 
                                    "ctag": "Noun", 
                                    "msd": "sg:inst:f"
                                }
                            ], 
                            "childIds": [
                                "seg-1.1.3"
                            ], 
                            "chosenInterpretation": {
                                "base": "rola", 
                                "ctag": "Noun", 
                                "msd": "sg:inst:f"
                            }, 
                            "id": "words_a4c535", 
                            "orth": "Rol\u0105", 
                            "rule": "subst|depr|ger -> Noun"
                        }, 
                        {
                            "candidateInterpretations": [
                                {
                                    "base": "lekarz", 
                                    "ctag": "Noun", 
                                    "msd": "sg:gen:m1"
                                }
                            ], 
                            "childIds": [
                                "seg-1.1.4"
                            ], 
                            "chosenInterpretation": {
                                "base": "lekarz", 
                                "ctag": "Noun", 
                                "msd": "sg:gen:m1"
                            }, 
                            "id": "words_a4c536", 
                            "orth": "lekarza", 
                            "rule": "subst|depr|ger -> Noun"
                        }, 
                        {
                            "candidateInterpretations": [
                                {
                                    "base": "by\u0107", 
                                    "ctag": "Verbfin", 
                                    "msd": "sg:ter:pres:ind:imperf:nrefl:aff"
                                }
                            ], 
                            "childIds": [
                                "seg-1.1.5"
                            ], 
                            "chosenInterpretation": {
                                "base": "by\u0107", 
                                "ctag": "Verbfin", 
                                "msd": "sg:ter:pres:ind:imperf:nrefl:aff"
                            }, 
                            "id": "words_a4c51e", 
                            "orth": "jest", 
                            "rule": "fin imperf -> Verbfin"
                        }, 
                        {
                            "candidateInterpretations": [
                                {
                                    "base": "zawsze", 
                                    "ctag": "Adv", 
                                    "msd": ""
                                }
                            ], 
                            "childIds": [
                                "seg-1.1.6"
                            ], 
                            "chosenInterpretation": {
                                "base": "zawsze", 
                                "ctag": "Adv", 
                                "msd": ""
                            }, 
                            "id": "words_a4c529", 
                            "orth": "zawsze", 
                            "rule": "adv -> Adv"
                        }, 
                        {
                            "candidateInterpretations": [
                                {
                                    "base": "pacjent", 
                                    "ctag": "Noun", 
                                    "msd": "sg:gen:m1"
                                }
                            ], 
                            "childIds": [
                                "seg-1.1.7"
                            ], 
                            "chosenInterpretation": {
                                "base": "pacjent", 
                                "ctag": "Noun", 
                                "msd": "sg:gen:m1"
                            }, 
                            "id": "words_a4c537", 
                            "orth": "pacjenta", 
                            "rule": "subst|depr|ger -> Noun"
                        }, 
                        {
                            "candidateInterpretations": [
                                {
                                    "base": "pocieszy\u0107", 
                                    "ctag": "Inf", 
                                    "msd": "perf:nrefl:aff"
                                }
                            ], 
                            "childIds": [
                                "seg-1.1.8"
                            ], 
                            "chosenInterpretation": {
                                "base": "pocieszy\u0107", 
                                "ctag": "Inf", 
                                "msd": "perf:nrefl:aff"
                            }, 
                            "id": "words_a4c521", 
                            "orth": "pocieszy\u0107", 
                            "rule": "inf -> Inf"
                        }, 
                        {
                            "candidateInterpretations": [
                                {
                                    "base": ".", 
                                    "ctag": "Interp", 
                                    "msd": ""
                                }
                            ], 
                            "childIds": [
                                "seg-1.1.9"
                            ], 
                            "chosenInterpretation": {
                                "base": ".", 
                                "ctag": "Interp", 
                                "msd": ""
                            }, 
                            "id": "words_a4c52f", 
                            "orth": ".", 
                            "rule": "interp -> Interp"
                        }, 
                        {
                            "candidateInterpretations": [
                                {
                                    "base": "czas", 
                                    "ctag": "Noun", 
                                    "msd": "sg:inst:m3"
                                }
                            ], 
                            "childIds": [
                                "seg-1.1.10"
                            ], 
                            "chosenInterpretation": {
                                "base": "czas", 
                                "ctag": "Noun", 
                                "msd": "sg:inst:m3"
                            }, 
                            "id": "words_a4c538", 
                            "orth": "Czasem", 
                            "rule": "subst|depr|ger -> Noun"
                        }, 
                        {
                            "candidateInterpretations": [
                                {
                                    "base": "udawa\u0107 si\u0119", 
                                    "ctag": "Verbfin", 
                                    "msd": "sg:ter:pres:ind:imperf:refl:aff"
                                }
                            ], 
                            "childIds": [
                                "words_a4c51f", 
                                "seg-1.1.12"
                            ], 
                            "chosenInterpretation": {
                                "base": "udawa\u0107 si\u0119", 
                                "ctag": "Verbfin", 
                                "msd": "sg:ter:pres:ind:imperf:refl:aff"
                            }, 
                            "id": "words_a4c527", 
                            "orth": "udaje si\u0119", 
                            "rule": "zwrotno\u015b\u0107 dla czasownik\u00f3w, imies\u0142ow\u00f3w itp. (1)"
                        }, 
                        {
                            "candidateInterpretations": [
                                {
                                    "base": "udawa\u0107", 
                                    "ctag": "Verbfin", 
                                    "msd": "sg:ter:pres:ind:imperf:nrefl:aff"
                                }
                            ], 
                            "childIds": [
                                "seg-1.1.11"
                            ], 
                            "chosenInterpretation": {
                                "base": "udawa\u0107", 
                                "ctag": "Verbfin", 
                                "msd": "sg:ter:pres:ind:imperf:nrefl:aff"
                            }, 
                            "id": "words_a4c51f", 
                            "orth": "udaje", 
                            "rule": "fin imperf -> Verbfin"
                        }, 
                        {
                            "candidateInterpretations": [
                                {
                                    "base": "on", 
                                    "ctag": "Ppron3", 
                                    "msd": "sg:dat:m1:ter:nakc:npraep"
                                }
                            ], 
                            "childIds": [
                                "seg-1.1.13"
                            ], 
                            "chosenInterpretation": {
                                "base": "on", 
                                "ctag": "Ppron3", 
                                "msd": "sg:dat:m1:ter:nakc:npraep"
                            }, 
                            "id": "words_a4c53b", 
                            "orth": "mu", 
                            "rule": "ppron3 -> Ppron3"
                        }, 
                        {
                            "candidateInterpretations": [
                                {
                                    "base": "pom\u00f3c", 
                                    "ctag": "Inf", 
                                    "msd": "perf:nrefl:aff"
                                }
                            ], 
                            "childIds": [
                                "seg-1.1.14"
                            ], 
                            "chosenInterpretation": {
                                "base": "pom\u00f3c", 
                                "ctag": "Inf", 
                                "msd": "perf:nrefl:aff"
                            }, 
                            "id": "words_a4c522", 
                            "orth": "pom\u00f3c", 
                            "rule": "inf -> Inf"
                        }, 
                        {
                            "candidateInterpretations": [
                                {
                                    "base": ",", 
                                    "ctag": "Interp", 
                                    "msd": ""
                                }
                            ], 
                            "childIds": [
                                "seg-1.1.15"
                            ], 
                            "chosenInterpretation": {
                                "base": ",", 
                                "ctag": "Interp", 
                                "msd": ""
                            }, 
                            "id": "words_a4c530", 
                            "orth": ",", 
                            "rule": "interp -> Interp"
                        }, 
                        {
                            "candidateInterpretations": [
                                {
                                    "base": "a", 
                                    "ctag": "Conj", 
                                    "msd": ""
                                }
                            ], 
                            "childIds": [
                                "seg-1.1.16"
                            ], 
                            "chosenInterpretation": {
                                "base": "a", 
                                "ctag": "Conj", 
                                "msd": ""
                            }, 
                            "id": "words_a4c52c", 
                            "orth": "a", 
                            "rule": "conj -> Conj"
                        }, 
                        {
                            "candidateInterpretations": [
                                {
                                    "base": "bardzo", 
                                    "ctag": "Adv", 
                                    "msd": "pos"
                                }
                            ], 
                            "childIds": [
                                "seg-1.1.17"
                            ], 
                            "chosenInterpretation": {
                                "base": "bardzo", 
                                "ctag": "Adv", 
                                "msd": "pos"
                            }, 
                            "id": "words_a4c52a", 
                            "orth": "bardzo", 
                            "rule": "adv -> Adv"
                        }, 
                        {
                            "candidateInterpretations": [
                                {
                                    "base": "rzadko", 
                                    "ctag": "Adv", 
                                    "msd": "pos"
                                }
                            ], 
                            "childIds": [
                                "seg-1.1.18"
                            ], 
                            "chosenInterpretation": {
                                "base": "rzadko", 
                                "ctag": "Adv", 
                                "msd": "pos"
                            }, 
                            "id": "words_a4c52b", 
                            "orth": "rzadko", 
                            "rule": "adv -> Adv"
                        }, 
                        {
                            "candidateInterpretations": [
                                {
                                    "base": "-", 
                                    "ctag": "Interp", 
                                    "msd": ""
                                }
                            ], 
                            "childIds": [
                                "seg-1.1.19"
                            ], 
                            "chosenInterpretation": {
                                "base": "-", 
                                "ctag": "Interp", 
                                "msd": ""
                            }, 
                            "id": "words_a4c531", 
                            "orth": "-", 
                            "rule": "interp -> Interp"
                        }, 
                        {
                            "candidateInterpretations": [
                                {
                                    "base": "wyleczy\u0107", 
                                    "ctag": "Inf", 
                                    "msd": "perf:nrefl:aff"
                                }
                            ], 
                            "childIds": [
                                "seg-1.1.20"
                            ], 
                            "chosenInterpretation": {
                                "base": "wyleczy\u0107", 
                                "ctag": "Inf", 
                                "msd": "perf:nrefl:aff"
                            }, 
                            "id": "words_a4c523", 
                            "orth": "wyleczy\u0107", 
                            "rule": "inf -> Inf"
                        }, 
                        {
                            "candidateInterpretations": [
                                {
                                    "base": ".", 
                                    "ctag": "Interp", 
                                    "msd": ""
                                }
                            ], 
                            "childIds": [
                                "seg-1.1.21"
                            ], 
                            "chosenInterpretation": {
                                "base": ".", 
                                "ctag": "Interp", 
                                "msd": ""
                            }, 
                            "id": "words_a4c532", 
                            "orth": ".", 
                            "rule": "interp -> Interp"
                        }, 
                        {
                            "candidateInterpretations": [
                                {
                                    "base": "taki", 
                                    "ctag": "Adj", 
                                    "msd": "sg:nom:f:pos"
                                }
                            ], 
                            "childIds": [
                                "seg-1.1.22"
                            ], 
                            "chosenInterpretation": {
                                "base": "taki", 
                                "ctag": "Adj", 
                                "msd": "sg:nom:f:pos"
                            }, 
                            "id": "words_a4c528", 
                            "orth": "Taka", 
                            "rule": "adj -> Adj"
                        }, 
                        {
                            "candidateInterpretations": [
                                {
                                    "base": "gradacja", 
                                    "ctag": "Noun", 
                                    "msd": "sg:nom:f"
                                }
                            ], 
                            "childIds": [
                                "seg-1.1.23"
                            ], 
                            "chosenInterpretation": {
                                "base": "gradacja", 
                                "ctag": "Noun", 
                                "msd": "sg:nom:f"
                            }, 
                            "id": "words_a4c539", 
                            "orth": "gradacja", 
                            "rule": "subst|depr|ger -> Noun"
                        }, 
                        {
                            "candidateInterpretations": [
                                {
                                    "base": "i", 
                                    "ctag": "Conj", 
                                    "msd": ""
                                }
                            ], 
                            "childIds": [
                                "seg-1.1.24"
                            ], 
                            "chosenInterpretation": {
                                "base": "i", 
                                "ctag": "Conj", 
                                "msd": ""
                            }, 
                            "id": "words_a4c52d", 
                            "orth": "i", 
                            "rule": "conj -> Conj"
                        }, 
                        {
                            "candidateInterpretations": [
                                {
                                    "base": "\u015bwiadomo\u015b\u0107", 
                                    "ctag": "Noun", 
                                    "msd": "sg:nom:f"
                                }
                            ], 
                            "childIds": [
                                "seg-1.1.25"
                            ], 
                            "chosenInterpretation": {
                                "base": "\u015bwiadomo\u015b\u0107", 
                                "ctag": "Noun", 
                                "msd": "sg:nom:f"
                            }, 
                            "id": "words_a4c53a", 
                            "orth": "\u015bwiadomo\u015b\u0107", 
                            "rule": "subst|depr|ger -> Noun"
                        }, 
                        {
                            "candidateInterpretations": [
                                {
                                    "base": "musie\u0107", 
                                    "ctag": "Verbfin", 
                                    "msd": "sg:ter:pres:ind:imperf:nrefl:aff"
                                }
                            ], 
                            "childIds": [
                                "seg-1.1.26"
                            ], 
                            "chosenInterpretation": {
                                "base": "musie\u0107", 
                                "ctag": "Verbfin", 
                                "msd": "sg:ter:pres:ind:imperf:nrefl:aff"
                            }, 
                            "id": "words_a4c520", 
                            "orth": "musi", 
                            "rule": "fin imperf -> Verbfin"
                        }, 
                        {
                            "candidateInterpretations": [
                                {
                                    "base": "by\u0107", 
                                    "ctag": "Inf", 
                                    "msd": "imperf:nrefl:aff"
                                }
                            ], 
                            "childIds": [
                                "seg-1.1.27"
                            ], 
                            "chosenInterpretation": {
                                "base": "by\u0107", 
                                "ctag": "Inf", 
                                "msd": "imperf:nrefl:aff"
                            }, 
                            "id": "words_a4c524", 
                            "orth": "by\u0107", 
                            "rule": "inf -> Inf"
                        }, 
                        {
                            "candidateInterpretations": [
                                {
                                    "base": "zachowa\u0107", 
                                    "ctag": "Ppas", 
                                    "msd": "sg:nom:f:perf:nrefl:aff"
                                }
                            ], 
                            "childIds": [
                                "seg-1.1.28"
                            ], 
                            "chosenInterpretation": {
                                "base": "zachowa\u0107", 
                                "ctag": "Ppas", 
                                "msd": "sg:nom:f:perf:nrefl:aff"
                            }, 
                            "id": "words_a4c526", 
                            "orth": "zachowana", 
                            "rule": "ppas -> Ppas"
                        }, 
                        {
                            "candidateInterpretations": [
                                {
                                    "base": ".", 
                                    "ctag": "Interp", 
                                    "msd": ""
                                }
                            ], 
                            "childIds": [
                                "seg-1.1.29"
                            ], 
                            "chosenInterpretation": {
                                "base": ".", 
                                "ctag": "Interp", 
                                "msd": ""
                            }, 
                            "id": "words_a4c533", 
                            "orth": ".", 
                            "rule": "interp -> Interp"
                        }
                    ]
                }
            ], 
            "text": " To arogancja.  Rol\u0105 lekarza jest zawsze pacjenta pocieszy\u0107.  Czasem udaje si\u0119 mu pom\u00f3c, a bardzo rzadko - wyleczy\u0107.  Taka gradacja i \u015bwiadomo\u015b\u0107 musi by\u0107 zachowana."
        }
    ], 
    "summary": "", 
    "textHeader": {
        "distributor": "Multiservice", 
        "id": "", 
        "processingDuration": 1066, 
        "publicationTime": 1553563457231, 
        "retrievedFrom": "", 
        "sourceDescText": "", 
        "title": ""
    }
}