{
    "annotationDetails": {
        "hasMorphosyntaxDisambiguated": true, 
        "hasMorphosyntaxPartiallyDisambiguated": true, 
        "hasSegmentsDisambiguated": true
    }, 
    "annotationHeaders": {
        "0": {
            "distributor": "Pantera", 
            "id": "", 
            "processingDuration": 30, 
            "publicationTime": 1553565629934, 
            "retrievedFrom": "", 
            "sourceDescText": "", 
            "title": ""
        }, 
        "1": {
            "distributor": "Pantera; modified by Spejd", 
            "id": "", 
            "processingDuration": 35, 
            "publicationTime": 1553565629934, 
            "retrievedFrom": "", 
            "sourceDescText": "", 
            "title": ""
        }, 
        "2": {
            "distributor": "Spejd", 
            "id": "", 
            "processingDuration": 5, 
            "publicationTime": 1553565629934, 
            "retrievedFrom": "", 
            "sourceDescText": "", 
            "title": ""
        }, 
        "3": {
            "distributor": "Spejd", 
            "id": "", 
            "processingDuration": 5, 
            "publicationTime": 1553565629934, 
            "retrievedFrom": "", 
            "sourceDescText": "", 
            "title": ""
        }, 
        "4": {
            "distributor": "Nerf", 
            "id": "", 
            "processingDuration": 33, 
            "publicationTime": 1553565629934, 
            "retrievedFrom": "", 
            "sourceDescText": "", 
            "title": ""
        }, 
        "7": {
            "distributor": "MentionDetector", 
            "id": null, 
            "processingDuration": 3, 
            "publicationTime": 1553565629934, 
            "retrievedFrom": null, 
            "sourceDescText": null, 
            "title": null
        }, 
        "8": {
            "distributor": "Bartek", 
            "id": null, 
            "processingDuration": 7, 
            "publicationTime": 1553565629934, 
            "retrievedFrom": null, 
            "sourceDescText": null, 
            "title": null
        }
    }, 
    "coreferences": [
        {
            "dominant": "mie\u0107", 
            "id": "c-0", 
            "mentionIds": [
                "m-0"
            ], 
            "sourceMentionId": null, 
            "type": "ident"
        }, 
        {
            "dominant": "tatua\u017c", 
            "id": "c-1", 
            "mentionIds": [
                "m-1"
            ], 
            "sourceMentionId": null, 
            "type": "ident"
        }, 
        {
            "dominant": "tatua\u017c lub piercing ig\u0142a , na kt\u00f3ry znajdowa\u0107 si\u0119 zakazi\u0107 krew", 
            "id": "c-2", 
            "mentionIds": [
                "m-6"
            ], 
            "sourceMentionId": null, 
            "type": "ident"
        }, 
        {
            "dominant": "tatua\u017c lub piercing ig\u0142a", 
            "id": "c-3", 
            "mentionIds": [
                "m-4"
            ], 
            "sourceMentionId": null, 
            "type": "ident"
        }, 
        {
            "dominant": "piercing ig\u0142a", 
            "id": "c-4", 
            "mentionIds": [
                "m-3"
            ], 
            "sourceMentionId": null, 
            "type": "ident"
        }, 
        {
            "dominant": "sprz\u0119t", 
            "id": "c-5", 
            "mentionIds": [
                "m-7"
            ], 
            "sourceMentionId": null, 
            "type": "ident"
        }, 
        {
            "dominant": "ig\u0142a", 
            "id": "c-6", 
            "mentionIds": [
                "m-2"
            ], 
            "sourceMentionId": null, 
            "type": "ident"
        }, 
        {
            "dominant": "zakazi\u0107 krew", 
            "id": "c-7", 
            "mentionIds": [
                "m-5"
            ], 
            "sourceMentionId": null, 
            "type": "ident"
        }, 
        {
            "dominant": "u\u017cycie", 
            "id": "c-8", 
            "mentionIds": [
                "m-8"
            ], 
            "sourceMentionId": null, 
            "type": "ident"
        }
    ], 
    "paragraphs": [
        {
            "id": "p-1", 
            "sentences": [
                {
                    "dependencyParse": [], 
                    "groups": [], 
                    "id": "s-1.1", 
                    "mentions": [], 
                    "names": [], 
                    "rejectedTokens": [], 
                    "sentimentTags": [], 
                    "tokens": [
                        {
                            "candidateInterpretations": [
                                {
                                    "base": "3", 
                                    "ctag": "ign", 
                                    "msd": ""
                                }
                            ], 
                            "chosenInterpretation": {
                                "base": "3", 
                                "ctag": "ign", 
                                "msd": ""
                            }, 
                            "id": "seg-1.1.0", 
                            "interpretations": [
                                {
                                    "base": "3", 
                                    "ctag": "ign", 
                                    "msd": ""
                                }
                            ], 
                            "noPrecedingSpace": false, 
                            "offset": 1, 
                            "orth": "3"
                        }, 
                        {
                            "candidateInterpretations": [
                                {
                                    "base": ".", 
                                    "ctag": "interp", 
                                    "msd": ""
                                }
                            ], 
                            "chosenInterpretation": {
                                "base": ".", 
                                "ctag": "interp", 
                                "msd": ""
                            }, 
                            "id": "seg-1.1.1", 
                            "interpretations": [
                                {
                                    "base": ".", 
                                    "ctag": "interp", 
                                    "msd": ""
                                }
                            ], 
                            "noPrecedingSpace": true, 
                            "offset": 2, 
                            "orth": "."
                        }
                    ], 
                    "words": [
                        {
                            "candidateInterpretations": [
                                {
                                    "base": ".", 
                                    "ctag": "Interp", 
                                    "msd": ""
                                }
                            ], 
                            "childIds": [
                                "seg-1.1.1"
                            ], 
                            "chosenInterpretation": {
                                "base": ".", 
                                "ctag": "Interp", 
                                "msd": ""
                            }, 
                            "id": "words_a5e7d7", 
                            "orth": ".", 
                            "rule": "interp -> Interp"
                        }
                    ]
                }, 
                {
                    "dependencyParse": [], 
                    "groups": [
                        {
                            "childIds": [
                                "words_a5e7ea"
                            ], 
                            "id": "groups_a5e7fa", 
                            "orth": "wykonany", 
                            "rule": "(Qub) + Adj", 
                            "semanticHeadId": "words_a5e7ea", 
                            "syntacticHeadId": "words_a5e7ea", 
                            "type": "AdjG"
                        }, 
                        {
                            "childIds": [
                                "groups_a5e7fd", 
                                "words_a5e7ef", 
                                "words_a5e7f1", 
                                "groups_a5e7fb", 
                                "words_a5e7ec", 
                                "groups_a5e7f6"
                            ], 
                            "id": "groups_a5e7fe", 
                            "orth": "tatua\u017c lub piercing ig\u0142\u0105, na kt\u00f3rej znajdowa\u0142a si\u0119 zaka\u017cona krew", 
                            "rule": "NG + kt\u00f3ry + Verbfin", 
                            "semanticHeadId": "words_a5e7f2", 
                            "syntacticHeadId": "words_a5e7f2", 
                            "type": "NGkg"
                        }, 
                        {
                            "childIds": [
                                "groups_a5e7f7", 
                                "words_a5e7ee", 
                                "groups_a5e7fc"
                            ], 
                            "id": "groups_a5e7fd", 
                            "orth": "tatua\u017c lub piercing ig\u0142\u0105", 
                            "rule": "NGk: NG + NG", 
                            "semanticHeadId": "words_a5e7f2", 
                            "syntacticHeadId": "words_a5e7f2", 
                            "type": "NGk"
                        }, 
                        {
                            "childIds": [
                                "words_a5e7f2"
                            ], 
                            "id": "groups_a5e7f7", 
                            "orth": "tatua\u017c", 
                            "rule": "(Qub) + Noun", 
                            "semanticHeadId": "words_a5e7f2", 
                            "syntacticHeadId": "words_a5e7f2", 
                            "type": "NG"
                        }, 
                        {
                            "childIds": [
                                "groups_a5e7f8", 
                                "groups_a5e7f9"
                            ], 
                            "id": "groups_a5e7fc", 
                            "orth": "piercing ig\u0142\u0105", 
                            "rule": "NG2: NG + NG(inst)", 
                            "semanticHeadId": "words_a5e7f3", 
                            "syntacticHeadId": "words_a5e7f3", 
                            "type": "NG2"
                        }, 
                        {
                            "childIds": [
                                "words_a5e7f3"
                            ], 
                            "id": "groups_a5e7f8", 
                            "orth": "piercing", 
                            "rule": "(Qub) + Noun", 
                            "semanticHeadId": "words_a5e7f3", 
                            "syntacticHeadId": "words_a5e7f3", 
                            "type": "NG"
                        }, 
                        {
                            "childIds": [
                                "words_a5e7f4"
                            ], 
                            "id": "groups_a5e7f9", 
                            "orth": "ig\u0142\u0105", 
                            "rule": "(Qub) + Noun", 
                            "semanticHeadId": "words_a5e7f4", 
                            "syntacticHeadId": "words_a5e7f4", 
                            "type": "NG"
                        }, 
                        {
                            "childIds": [
                                "words_a5e7ed"
                            ], 
                            "id": "groups_a5e7fb", 
                            "orth": "kt\u00f3rej", 
                            "rule": "(Qub) + Adj", 
                            "semanticHeadId": "words_a5e7ed", 
                            "syntacticHeadId": "words_a5e7ed", 
                            "type": "AdjG"
                        }, 
                        {
                            "childIds": [
                                "words_a5e7eb", 
                                "words_a5e7f5"
                            ], 
                            "id": "groups_a5e7f6", 
                            "orth": "zaka\u017cona krew", 
                            "rule": "NGa: (Adv) + Ppas (Nom) + Noun + (Adj)", 
                            "semanticHeadId": "words_a5e7f5", 
                            "syntacticHeadId": "words_a5e7f5", 
                            "type": "NGa"
                        }
                    ], 
                    "id": "s-1.2", 
                    "mentions": [
                        {
                            "childIds": [
                                "seg-1.2.0"
                            ], 
                            "headIds": [
                                "seg-1.2.0"
                            ], 
                            "id": "m-0", 
                            "zeroSubject": true
                        }, 
                        {
                            "childIds": [
                                "seg-1.2.2"
                            ], 
                            "headIds": [
                                "seg-1.2.2"
                            ], 
                            "id": "m-1", 
                            "zeroSubject": false
                        }, 
                        {
                            "childIds": [
                                "seg-1.2.5"
                            ], 
                            "headIds": [
                                "seg-1.2.5"
                            ], 
                            "id": "m-2", 
                            "zeroSubject": false
                        }, 
                        {
                            "childIds": [
                                "seg-1.2.4", 
                                "seg-1.2.5"
                            ], 
                            "headIds": [
                                "seg-1.2.4"
                            ], 
                            "id": "m-3", 
                            "zeroSubject": false
                        }, 
                        {
                            "childIds": [
                                "seg-1.2.2", 
                                "seg-1.2.3", 
                                "seg-1.2.4", 
                                "seg-1.2.5"
                            ], 
                            "headIds": [
                                "seg-1.2.2"
                            ], 
                            "id": "m-4", 
                            "zeroSubject": false
                        }, 
                        {
                            "childIds": [
                                "seg-1.2.11", 
                                "seg-1.2.12"
                            ], 
                            "headIds": [
                                "seg-1.2.12"
                            ], 
                            "id": "m-5", 
                            "zeroSubject": false
                        }, 
                        {
                            "childIds": [
                                "seg-1.2.2", 
                                "seg-1.2.3", 
                                "seg-1.2.4", 
                                "seg-1.2.5", 
                                "seg-1.2.6", 
                                "seg-1.2.7", 
                                "seg-1.2.8", 
                                "seg-1.2.9", 
                                "seg-1.2.10", 
                                "seg-1.2.11", 
                                "seg-1.2.12"
                            ], 
                            "headIds": [
                                "seg-1.2.2"
                            ], 
                            "id": "m-6", 
                            "zeroSubject": false
                        }
                    ], 
                    "names": [], 
                    "rejectedTokens": [], 
                    "sentimentTags": [], 
                    "tokens": [
                        {
                            "candidateInterpretations": [
                                {
                                    "base": "mie\u0107", 
                                    "ctag": "fin", 
                                    "msd": "sg:sec:imperf"
                                }
                            ], 
                            "chosenInterpretation": {
                                "base": "mie\u0107", 
                                "ctag": "fin", 
                                "msd": "sg:sec:imperf"
                            }, 
                            "id": "seg-1.2.0", 
                            "interpretations": [
                                {
                                    "base": "mie\u0107", 
                                    "ctag": "fin", 
                                    "msd": "sg:sec:imperf"
                                }
                            ], 
                            "noPrecedingSpace": false, 
                            "offset": 5, 
                            "orth": "Masz"
                        }, 
                        {
                            "candidateInterpretations": [
                                {
                                    "base": "wykona\u0107", 
                                    "ctag": "ppas", 
                                    "msd": "sg:nom:m1:perf:aff"
                                }
                            ], 
                            "chosenInterpretation": {
                                "base": "wykona\u0107", 
                                "ctag": "ppas", 
                                "msd": "sg:nom:m1:perf:aff"
                            }, 
                            "id": "seg-1.2.1", 
                            "interpretations": [
                                {
                                    "base": "wykona\u0107", 
                                    "ctag": "ppas", 
                                    "msd": "sg:nom:m1:perf:aff"
                                }
                            ], 
                            "noPrecedingSpace": false, 
                            "offset": 10, 
                            "orth": "wykonany"
                        }, 
                        {
                            "candidateInterpretations": [
                                {
                                    "base": "tatua\u017c", 
                                    "ctag": "subst", 
                                    "msd": "sg:nom:m3"
                                }
                            ], 
                            "chosenInterpretation": {
                                "base": "tatua\u017c", 
                                "ctag": "subst", 
                                "msd": "sg:nom:m3"
                            }, 
                            "id": "seg-1.2.2", 
                            "interpretations": [
                                {
                                    "base": "tatua\u017c", 
                                    "ctag": "subst", 
                                    "msd": "sg:nom:m3"
                                }
                            ], 
                            "noPrecedingSpace": false, 
                            "offset": 19, 
                            "orth": "tatua\u017c"
                        }, 
                        {
                            "candidateInterpretations": [
                                {
                                    "base": "lub", 
                                    "ctag": "conj", 
                                    "msd": ""
                                }
                            ], 
                            "chosenInterpretation": {
                                "base": "lub", 
                                "ctag": "conj", 
                                "msd": ""
                            }, 
                            "id": "seg-1.2.3", 
                            "interpretations": [
                                {
                                    "base": "lub", 
                                    "ctag": "conj", 
                                    "msd": ""
                                }
                            ], 
                            "noPrecedingSpace": false, 
                            "offset": 26, 
                            "orth": "lub"
                        }, 
                        {
                            "candidateInterpretations": [
                                {
                                    "base": "piercing", 
                                    "ctag": "subst", 
                                    "msd": "sg:nom:m3"
                                }
                            ], 
                            "chosenInterpretation": {
                                "base": "piercing", 
                                "ctag": "subst", 
                                "msd": "sg:nom:m3"
                            }, 
                            "id": "seg-1.2.4", 
                            "interpretations": [
                                {
                                    "base": "piercing", 
                                    "ctag": "subst", 
                                    "msd": "sg:nom:m3"
                                }
                            ], 
                            "noPrecedingSpace": false, 
                            "offset": 30, 
                            "orth": "piercing"
                        }, 
                        {
                            "candidateInterpretations": [
                                {
                                    "base": "ig\u0142a", 
                                    "ctag": "subst", 
                                    "msd": "sg:inst:f"
                                }
                            ], 
                            "chosenInterpretation": {
                                "base": "ig\u0142a", 
                                "ctag": "subst", 
                                "msd": "sg:inst:f"
                            }, 
                            "id": "seg-1.2.5", 
                            "interpretations": [
                                {
                                    "base": "ig\u0142a", 
                                    "ctag": "subst", 
                                    "msd": "sg:inst:f"
                                }
                            ], 
                            "noPrecedingSpace": false, 
                            "offset": 39, 
                            "orth": "ig\u0142\u0105"
                        }, 
                        {
                            "candidateInterpretations": [
                                {
                                    "base": ",", 
                                    "ctag": "interp", 
                                    "msd": ""
                                }
                            ], 
                            "chosenInterpretation": {
                                "base": ",", 
                                "ctag": "interp", 
                                "msd": ""
                            }, 
                            "id": "seg-1.2.6", 
                            "interpretations": [
                                {
                                    "base": ",", 
                                    "ctag": "interp", 
                                    "msd": ""
                                }
                            ], 
                            "noPrecedingSpace": true, 
                            "offset": 43, 
                            "orth": ","
                        }, 
                        {
                            "candidateInterpretations": [
                                {
                                    "base": "na", 
                                    "ctag": "prep", 
                                    "msd": "loc"
                                }
                            ], 
                            "chosenInterpretation": {
                                "base": "na", 
                                "ctag": "prep", 
                                "msd": "loc"
                            }, 
                            "id": "seg-1.2.7", 
                            "interpretations": [
                                {
                                    "base": "na", 
                                    "ctag": "prep", 
                                    "msd": "loc"
                                }
                            ], 
                            "noPrecedingSpace": false, 
                            "offset": 45, 
                            "orth": "na"
                        }, 
                        {
                            "candidateInterpretations": [
                                {
                                    "base": "kt\u00f3ry", 
                                    "ctag": "adj", 
                                    "msd": "sg:loc:f:pos"
                                }
                            ], 
                            "chosenInterpretation": {
                                "base": "kt\u00f3ry", 
                                "ctag": "adj", 
                                "msd": "sg:loc:f:pos"
                            }, 
                            "id": "seg-1.2.8", 
                            "interpretations": [
                                {
                                    "base": "kt\u00f3ry", 
                                    "ctag": "adj", 
                                    "msd": "sg:loc:f:pos"
                                }
                            ], 
                            "noPrecedingSpace": false, 
                            "offset": 48, 
                            "orth": "kt\u00f3rej"
                        }, 
                        {
                            "candidateInterpretations": [
                                {
                                    "base": "znajdowa\u0107", 
                                    "ctag": "praet", 
                                    "msd": "sg:f:imperf"
                                }
                            ], 
                            "chosenInterpretation": {
                                "base": "znajdowa\u0107", 
                                "ctag": "praet", 
                                "msd": "sg:f:imperf"
                            }, 
                            "id": "seg-1.2.9", 
                            "interpretations": [
                                {
                                    "base": "znajdowa\u0107", 
                                    "ctag": "praet", 
                                    "msd": "sg:f:imperf"
                                }
                            ], 
                            "noPrecedingSpace": false, 
                            "offset": 55, 
                            "orth": "znajdowa\u0142a"
                        }, 
                        {
                            "candidateInterpretations": [
                                {
                                    "base": "si\u0119", 
                                    "ctag": "qub", 
                                    "msd": ""
                                }
                            ], 
                            "chosenInterpretation": {
                                "base": "si\u0119", 
                                "ctag": "qub", 
                                "msd": ""
                            }, 
                            "id": "seg-1.2.10", 
                            "interpretations": [
                                {
                                    "base": "si\u0119", 
                                    "ctag": "qub", 
                                    "msd": ""
                                }
                            ], 
                            "noPrecedingSpace": false, 
                            "offset": 66, 
                            "orth": "si\u0119"
                        }, 
                        {
                            "candidateInterpretations": [
                                {
                                    "base": "zakazi\u0107", 
                                    "ctag": "ppas", 
                                    "msd": "sg:nom:f:perf:aff"
                                }
                            ], 
                            "chosenInterpretation": {
                                "base": "zakazi\u0107", 
                                "ctag": "ppas", 
                                "msd": "sg:nom:f:perf:aff"
                            }, 
                            "id": "seg-1.2.11", 
                            "interpretations": [
                                {
                                    "base": "zakazi\u0107", 
                                    "ctag": "ppas", 
                                    "msd": "sg:nom:f:perf:aff"
                                }
                            ], 
                            "noPrecedingSpace": false, 
                            "offset": 70, 
                            "orth": "zaka\u017cona"
                        }, 
                        {
                            "candidateInterpretations": [
                                {
                                    "base": "krew", 
                                    "ctag": "subst", 
                                    "msd": "sg:nom:f"
                                }
                            ], 
                            "chosenInterpretation": {
                                "base": "krew", 
                                "ctag": "subst", 
                                "msd": "sg:nom:f"
                            }, 
                            "id": "seg-1.2.12", 
                            "interpretations": [
                                {
                                    "base": "krew", 
                                    "ctag": "subst", 
                                    "msd": "sg:nom:f"
                                }
                            ], 
                            "noPrecedingSpace": false, 
                            "offset": 79, 
                            "orth": "krew"
                        }, 
                        {
                            "candidateInterpretations": [
                                {
                                    "base": ".", 
                                    "ctag": "interp", 
                                    "msd": ""
                                }
                            ], 
                            "chosenInterpretation": {
                                "base": ".", 
                                "ctag": "interp", 
                                "msd": ""
                            }, 
                            "id": "seg-1.2.13", 
                            "interpretations": [
                                {
                                    "base": ".", 
                                    "ctag": "interp", 
                                    "msd": ""
                                }
                            ], 
                            "noPrecedingSpace": true, 
                            "offset": 83, 
                            "orth": "."
                        }
                    ], 
                    "words": [
                        {
                            "candidateInterpretations": [
                                {
                                    "base": "mie\u0107", 
                                    "ctag": "Verbfin", 
                                    "msd": "sg:sec:pres:ind:imperf:nrefl:aff"
                                }
                            ], 
                            "childIds": [
                                "seg-1.2.0"
                            ], 
                            "chosenInterpretation": {
                                "base": "mie\u0107", 
                                "ctag": "Verbfin", 
                                "msd": "sg:sec:pres:ind:imperf:nrefl:aff"
                            }, 
                            "id": "words_a5e7e9", 
                            "orth": "Masz", 
                            "rule": "fin imperf -> Verbfin"
                        }, 
                        {
                            "candidateInterpretations": [
                                {
                                    "base": "wykona\u0107", 
                                    "ctag": "Ppas", 
                                    "msd": "sg:nom:m1:perf:nrefl:aff"
                                }
                            ], 
                            "childIds": [
                                "seg-1.2.1"
                            ], 
                            "chosenInterpretation": {
                                "base": "wykona\u0107", 
                                "ctag": "Ppas", 
                                "msd": "sg:nom:m1:perf:nrefl:aff"
                            }, 
                            "id": "words_a5e7ea", 
                            "orth": "wykonany", 
                            "rule": "ppas -> Ppas"
                        }, 
                        {
                            "candidateInterpretations": [
                                {
                                    "base": "tatua\u017c", 
                                    "ctag": "Noun", 
                                    "msd": "sg:nom:m3"
                                }
                            ], 
                            "childIds": [
                                "seg-1.2.2"
                            ], 
                            "chosenInterpretation": {
                                "base": "tatua\u017c", 
                                "ctag": "Noun", 
                                "msd": "sg:nom:m3"
                            }, 
                            "id": "words_a5e7f2", 
                            "orth": "tatua\u017c", 
                            "rule": "subst|depr|ger -> Noun"
                        }, 
                        {
                            "candidateInterpretations": [
                                {
                                    "base": "lub", 
                                    "ctag": "Conj", 
                                    "msd": ""
                                }
                            ], 
                            "childIds": [
                                "seg-1.2.3"
                            ], 
                            "chosenInterpretation": {
                                "base": "lub", 
                                "ctag": "Conj", 
                                "msd": ""
                            }, 
                            "id": "words_a5e7ee", 
                            "orth": "lub", 
                            "rule": "conj -> Conj"
                        }, 
                        {
                            "candidateInterpretations": [
                                {
                                    "base": "piercing", 
                                    "ctag": "Noun", 
                                    "msd": "sg:nom:m3"
                                }
                            ], 
                            "childIds": [
                                "seg-1.2.4"
                            ], 
                            "chosenInterpretation": {
                                "base": "piercing", 
                                "ctag": "Noun", 
                                "msd": "sg:nom:m3"
                            }, 
                            "id": "words_a5e7f3", 
                            "orth": "piercing", 
                            "rule": "subst|depr|ger -> Noun"
                        }, 
                        {
                            "candidateInterpretations": [
                                {
                                    "base": "ig\u0142a", 
                                    "ctag": "Noun", 
                                    "msd": "sg:inst:f"
                                }
                            ], 
                            "childIds": [
                                "seg-1.2.5"
                            ], 
                            "chosenInterpretation": {
                                "base": "ig\u0142a", 
                                "ctag": "Noun", 
                                "msd": "sg:inst:f"
                            }, 
                            "id": "words_a5e7f4", 
                            "orth": "ig\u0142\u0105", 
                            "rule": "subst|depr|ger -> Noun"
                        }, 
                        {
                            "candidateInterpretations": [
                                {
                                    "base": ",", 
                                    "ctag": "Interp", 
                                    "msd": ""
                                }
                            ], 
                            "childIds": [
                                "seg-1.2.6"
                            ], 
                            "chosenInterpretation": {
                                "base": ",", 
                                "ctag": "Interp", 
                                "msd": ""
                            }, 
                            "id": "words_a5e7ef", 
                            "orth": ",", 
                            "rule": "interp -> Interp"
                        }, 
                        {
                            "candidateInterpretations": [
                                {
                                    "base": "na", 
                                    "ctag": "Prep", 
                                    "msd": "loc"
                                }
                            ], 
                            "childIds": [
                                "seg-1.2.7"
                            ], 
                            "chosenInterpretation": {
                                "base": "na", 
                                "ctag": "Prep", 
                                "msd": "loc"
                            }, 
                            "id": "words_a5e7f1", 
                            "orth": "na", 
                            "rule": "prep -> Prep"
                        }, 
                        {
                            "candidateInterpretations": [
                                {
                                    "base": "kt\u00f3ry", 
                                    "ctag": "Adj", 
                                    "msd": "sg:loc:f:pos"
                                }
                            ], 
                            "childIds": [
                                "seg-1.2.8"
                            ], 
                            "chosenInterpretation": {
                                "base": "kt\u00f3ry", 
                                "ctag": "Adj", 
                                "msd": "sg:loc:f:pos"
                            }, 
                            "id": "words_a5e7ed", 
                            "orth": "kt\u00f3rej", 
                            "rule": "adj -> Adj"
                        }, 
                        {
                            "candidateInterpretations": [
                                {
                                    "base": "znajdowa\u0107 si\u0119", 
                                    "ctag": "Verbfin", 
                                    "msd": "sg:ter:past:ind:imperf:refl:aff:f"
                                }
                            ], 
                            "childIds": [
                                "words_a5e7e8", 
                                "seg-1.2.10"
                            ], 
                            "chosenInterpretation": {
                                "base": "znajdowa\u0107 si\u0119", 
                                "ctag": "Verbfin", 
                                "msd": "sg:ter:past:ind:imperf:refl:aff:f"
                            }, 
                            "id": "words_a5e7ec", 
                            "orth": "znajdowa\u0142a si\u0119", 
                            "rule": "zwrotno\u015b\u0107 dla czasownik\u00f3w, imies\u0142ow\u00f3w itp. (1)"
                        }, 
                        {
                            "candidateInterpretations": [
                                {
                                    "base": "znajdowa\u0107", 
                                    "ctag": "Verbfin", 
                                    "msd": "sg:ter:past:ind:imperf:nrefl:aff:f"
                                }
                            ], 
                            "childIds": [
                                "seg-1.2.9"
                            ], 
                            "chosenInterpretation": {
                                "base": "znajdowa\u0107", 
                                "ctag": "Verbfin", 
                                "msd": "sg:ter:past:ind:imperf:nrefl:aff:f"
                            }, 
                            "id": "words_a5e7e8", 
                            "orth": "znajdowa\u0142a", 
                            "rule": "praet -> Verbfin"
                        }, 
                        {
                            "candidateInterpretations": [
                                {
                                    "base": "zakazi\u0107", 
                                    "ctag": "Ppas", 
                                    "msd": "sg:nom:f:perf:nrefl:aff"
                                }
                            ], 
                            "childIds": [
                                "seg-1.2.11"
                            ], 
                            "chosenInterpretation": {
                                "base": "zakazi\u0107", 
                                "ctag": "Ppas", 
                                "msd": "sg:nom:f:perf:nrefl:aff"
                            }, 
                            "id": "words_a5e7eb", 
                            "orth": "zaka\u017cona", 
                            "rule": "ppas -> Ppas"
                        }, 
                        {
                            "candidateInterpretations": [
                                {
                                    "base": "krew", 
                                    "ctag": "Noun", 
                                    "msd": "sg:nom:f"
                                }
                            ], 
                            "childIds": [
                                "seg-1.2.12"
                            ], 
                            "chosenInterpretation": {
                                "base": "krew", 
                                "ctag": "Noun", 
                                "msd": "sg:nom:f"
                            }, 
                            "id": "words_a5e7f5", 
                            "orth": "krew", 
                            "rule": "subst|depr|ger -> Noun"
                        }, 
                        {
                            "candidateInterpretations": [
                                {
                                    "base": ".", 
                                    "ctag": "Interp", 
                                    "msd": ""
                                }
                            ], 
                            "childIds": [
                                "seg-1.2.13"
                            ], 
                            "chosenInterpretation": {
                                "base": ".", 
                                "ctag": "Interp", 
                                "msd": ""
                            }, 
                            "id": "words_a5e7f0", 
                            "orth": ".", 
                            "rule": "interp -> Interp"
                        }
                    ]
                }, 
                {
                    "dependencyParse": [], 
                    "groups": [
                        {
                            "childIds": [
                                "words_a5e819"
                            ], 
                            "id": "groups_a5e81c", 
                            "orth": "sprz\u0119t", 
                            "rule": "(Qub) + Noun", 
                            "semanticHeadId": "words_a5e819", 
                            "syntacticHeadId": "words_a5e819", 
                            "type": "NG"
                        }, 
                        {
                            "childIds": [
                                "words_a5e815", 
                                "words_a5e810"
                            ], 
                            "id": "groups_a5e81b", 
                            "orth": "odpowiednio dezynfekowany", 
                            "rule": "Adv + Adj", 
                            "semanticHeadId": "words_a5e810", 
                            "syntacticHeadId": "words_a5e810", 
                            "type": "AdjG"
                        }, 
                        {
                            "childIds": [
                                "words_a5e818", 
                                "groups_a5e81d"
                            ], 
                            "id": "groups_a5e81e", 
                            "orth": "po u\u017cyciu", 
                            "rule": "PrepNG: Prep + NG", 
                            "semanticHeadId": "words_a5e81a", 
                            "syntacticHeadId": "words_a5e818", 
                            "type": "PrepNG"
                        }, 
                        {
                            "childIds": [
                                "words_a5e81a"
                            ], 
                            "id": "groups_a5e81d", 
                            "orth": "u\u017cyciu", 
                            "rule": "(Qub) + Noun", 
                            "semanticHeadId": "words_a5e81a", 
                            "syntacticHeadId": "words_a5e81a", 
                            "type": "NG"
                        }
                    ], 
                    "id": "s-1.3", 
                    "mentions": [
                        {
                            "childIds": [
                                "seg-1.3.5"
                            ], 
                            "headIds": [
                                "seg-1.3.5"
                            ], 
                            "id": "m-7", 
                            "zeroSubject": false
                        }, 
                        {
                            "childIds": [
                                "seg-1.3.11"
                            ], 
                            "headIds": [
                                "seg-1.3.11"
                            ], 
                            "id": "m-8", 
                            "zeroSubject": false
                        }
                    ], 
                    "names": [], 
                    "rejectedTokens": [], 
                    "sentimentTags": [], 
                    "tokens": [
                        {
                            "candidateInterpretations": [
                                {
                                    "base": "dzia\u0107", 
                                    "ctag": "fin", 
                                    "msd": "sg:ter:imperf"
                                }
                            ], 
                            "chosenInterpretation": {
                                "base": "dzia\u0107", 
                                "ctag": "fin", 
                                "msd": "sg:ter:imperf"
                            }, 
                            "id": "seg-1.3.0", 
                            "interpretations": [
                                {
                                    "base": "dzia\u0107", 
                                    "ctag": "fin", 
                                    "msd": "sg:ter:imperf"
                                }
                            ], 
                            "noPrecedingSpace": false, 
                            "offset": 86, 
                            "orth": "Dzieje"
                        }, 
                        {
                            "candidateInterpretations": [
                                {
                                    "base": "si\u0119", 
                                    "ctag": "qub", 
                                    "msd": ""
                                }
                            ], 
                            "chosenInterpretation": {
                                "base": "si\u0119", 
                                "ctag": "qub", 
                                "msd": ""
                            }, 
                            "id": "seg-1.3.1", 
                            "interpretations": [
                                {
                                    "base": "si\u0119", 
                                    "ctag": "qub", 
                                    "msd": ""
                                }
                            ], 
                            "noPrecedingSpace": false, 
                            "offset": 93, 
                            "orth": "si\u0119"
                        }, 
                        {
                            "candidateInterpretations": [
                                {
                                    "base": "tak", 
                                    "ctag": "adv", 
                                    "msd": "pos"
                                }
                            ], 
                            "chosenInterpretation": {
                                "base": "tak", 
                                "ctag": "adv", 
                                "msd": "pos"
                            }, 
                            "id": "seg-1.3.2", 
                            "interpretations": [
                                {
                                    "base": "tak", 
                                    "ctag": "adv", 
                                    "msd": "pos"
                                }
                            ], 
                            "noPrecedingSpace": false, 
                            "offset": 97, 
                            "orth": "tak"
                        }, 
                        {
                            "candidateInterpretations": [
                                {
                                    "base": ",", 
                                    "ctag": "interp", 
                                    "msd": ""
                                }
                            ], 
                            "chosenInterpretation": {
                                "base": ",", 
                                "ctag": "interp", 
                                "msd": ""
                            }, 
                            "id": "seg-1.3.3", 
                            "interpretations": [
                                {
                                    "base": ",", 
                                    "ctag": "interp", 
                                    "msd": ""
                                }
                            ], 
                            "noPrecedingSpace": true, 
                            "offset": 100, 
                            "orth": ","
                        }, 
                        {
                            "candidateInterpretations": [
                                {
                                    "base": "gdy", 
                                    "ctag": "adv", 
                                    "msd": ""
                                }
                            ], 
                            "chosenInterpretation": {
                                "base": "gdy", 
                                "ctag": "adv", 
                                "msd": ""
                            }, 
                            "id": "seg-1.3.4", 
                            "interpretations": [
                                {
                                    "base": "gdy", 
                                    "ctag": "adv", 
                                    "msd": ""
                                }
                            ], 
                            "noPrecedingSpace": false, 
                            "offset": 102, 
                            "orth": "gdy"
                        }, 
                        {
                            "candidateInterpretations": [
                                {
                                    "base": "sprz\u0119t", 
                                    "ctag": "subst", 
                                    "msd": "sg:nom:m3"
                                }
                            ], 
                            "chosenInterpretation": {
                                "base": "sprz\u0119t", 
                                "ctag": "subst", 
                                "msd": "sg:nom:m3"
                            }, 
                            "id": "seg-1.3.5", 
                            "interpretations": [
                                {
                                    "base": "sprz\u0119t", 
                                    "ctag": "subst", 
                                    "msd": "sg:nom:m3"
                                }
                            ], 
                            "noPrecedingSpace": false, 
                            "offset": 106, 
                            "orth": "sprz\u0119t"
                        }, 
                        {
                            "candidateInterpretations": [
                                {
                                    "base": "nie", 
                                    "ctag": "qub", 
                                    "msd": ""
                                }
                            ], 
                            "chosenInterpretation": {
                                "base": "nie", 
                                "ctag": "qub", 
                                "msd": ""
                            }, 
                            "id": "seg-1.3.6", 
                            "interpretations": [
                                {
                                    "base": "nie", 
                                    "ctag": "qub", 
                                    "msd": ""
                                }
                            ], 
                            "noPrecedingSpace": false, 
                            "offset": 113, 
                            "orth": "nie"
                        }, 
                        {
                            "candidateInterpretations": [
                                {
                                    "base": "by\u0107", 
                                    "ctag": "fin", 
                                    "msd": "sg:ter:imperf"
                                }
                            ], 
                            "chosenInterpretation": {
                                "base": "by\u0107", 
                                "ctag": "fin", 
                                "msd": "sg:ter:imperf"
                            }, 
                            "id": "seg-1.3.7", 
                            "interpretations": [
                                {
                                    "base": "by\u0107", 
                                    "ctag": "fin", 
                                    "msd": "sg:ter:imperf"
                                }
                            ], 
                            "noPrecedingSpace": false, 
                            "offset": 117, 
                            "orth": "jest"
                        }, 
                        {
                            "candidateInterpretations": [
                                {
                                    "base": "odpowiednio", 
                                    "ctag": "adv", 
                                    "msd": "pos"
                                }
                            ], 
                            "chosenInterpretation": {
                                "base": "odpowiednio", 
                                "ctag": "adv", 
                                "msd": "pos"
                            }, 
                            "id": "seg-1.3.8", 
                            "interpretations": [
                                {
                                    "base": "odpowiednio", 
                                    "ctag": "adv", 
                                    "msd": "pos"
                                }
                            ], 
                            "noPrecedingSpace": false, 
                            "offset": 122, 
                            "orth": "odpowiednio"
                        }, 
                        {
                            "candidateInterpretations": [
                                {
                                    "base": "dezynfekowa\u0107", 
                                    "ctag": "ppas", 
                                    "msd": "sg:nom:m3:imperf:aff"
                                }
                            ], 
                            "chosenInterpretation": {
                                "base": "dezynfekowa\u0107", 
                                "ctag": "ppas", 
                                "msd": "sg:nom:m3:imperf:aff"
                            }, 
                            "id": "seg-1.3.9", 
                            "interpretations": [
                                {
                                    "base": "dezynfekowa\u0107", 
                                    "ctag": "ppas", 
                                    "msd": "sg:nom:m3:imperf:aff"
                                }
                            ], 
                            "noPrecedingSpace": false, 
                            "offset": 134, 
                            "orth": "dezynfekowany"
                        }, 
                        {
                            "candidateInterpretations": [
                                {
                                    "base": "po", 
                                    "ctag": "prep", 
                                    "msd": "loc"
                                }
                            ], 
                            "chosenInterpretation": {
                                "base": "po", 
                                "ctag": "prep", 
                                "msd": "loc"
                            }, 
                            "id": "seg-1.3.10", 
                            "interpretations": [
                                {
                                    "base": "po", 
                                    "ctag": "prep", 
                                    "msd": "loc"
                                }
                            ], 
                            "noPrecedingSpace": false, 
                            "offset": 148, 
                            "orth": "po"
                        }, 
                        {
                            "candidateInterpretations": [
                                {
                                    "base": "u\u017cycie", 
                                    "ctag": "subst", 
                                    "msd": "sg:loc:n"
                                }
                            ], 
                            "chosenInterpretation": {
                                "base": "u\u017cycie", 
                                "ctag": "subst", 
                                "msd": "sg:loc:n"
                            }, 
                            "id": "seg-1.3.11", 
                            "interpretations": [
                                {
                                    "base": "u\u017cycie", 
                                    "ctag": "subst", 
                                    "msd": "sg:loc:n"
                                }
                            ], 
                            "noPrecedingSpace": false, 
                            "offset": 151, 
                            "orth": "u\u017cyciu"
                        }, 
                        {
                            "candidateInterpretations": [
                                {
                                    "base": ".", 
                                    "ctag": "interp", 
                                    "msd": ""
                                }
                            ], 
                            "chosenInterpretation": {
                                "base": ".", 
                                "ctag": "interp", 
                                "msd": ""
                            }, 
                            "id": "seg-1.3.12", 
                            "interpretations": [
                                {
                                    "base": ".", 
                                    "ctag": "interp", 
                                    "msd": ""
                                }
                            ], 
                            "noPrecedingSpace": true, 
                            "offset": 157, 
                            "orth": "."
                        }
                    ], 
                    "words": [
                        {
                            "candidateInterpretations": [
                                {
                                    "base": "dzia\u0107 si\u0119", 
                                    "ctag": "Verbfin", 
                                    "msd": "sg:ter:pres:ind:imperf:refl:aff"
                                }
                            ], 
                            "childIds": [
                                "words_a5e80e", 
                                "seg-1.3.1"
                            ], 
                            "chosenInterpretation": {
                                "base": "dzia\u0107 si\u0119", 
                                "ctag": "Verbfin", 
                                "msd": "sg:ter:pres:ind:imperf:refl:aff"
                            }, 
                            "id": "words_a5e811", 
                            "orth": "Dzieje si\u0119", 
                            "rule": "zwrotno\u015b\u0107 dla czasownik\u00f3w, imies\u0142ow\u00f3w itp. (1)"
                        }, 
                        {
                            "candidateInterpretations": [
                                {
                                    "base": "dzia\u0107", 
                                    "ctag": "Verbfin", 
                                    "msd": "sg:ter:pres:ind:imperf:nrefl:aff"
                                }
                            ], 
                            "childIds": [
                                "seg-1.3.0"
                            ], 
                            "chosenInterpretation": {
                                "base": "dzia\u0107", 
                                "ctag": "Verbfin", 
                                "msd": "sg:ter:pres:ind:imperf:nrefl:aff"
                            }, 
                            "id": "words_a5e80e", 
                            "orth": "Dzieje", 
                            "rule": "fin imperf -> Verbfin"
                        }, 
                        {
                            "candidateInterpretations": [
                                {
                                    "base": "tak", 
                                    "ctag": "Adv", 
                                    "msd": "pos"
                                }
                            ], 
                            "childIds": [
                                "seg-1.3.2"
                            ], 
                            "chosenInterpretation": {
                                "base": "tak", 
                                "ctag": "Adv", 
                                "msd": "pos"
                            }, 
                            "id": "words_a5e813", 
                            "orth": "tak", 
                            "rule": "adv -> Adv"
                        }, 
                        {
                            "candidateInterpretations": [
                                {
                                    "base": ",", 
                                    "ctag": "Interp", 
                                    "msd": ""
                                }
                            ], 
                            "childIds": [
                                "seg-1.3.3"
                            ], 
                            "chosenInterpretation": {
                                "base": ",", 
                                "ctag": "Interp", 
                                "msd": ""
                            }, 
                            "id": "words_a5e816", 
                            "orth": ",", 
                            "rule": "interp -> Interp"
                        }, 
                        {
                            "candidateInterpretations": [
                                {
                                    "base": "gdy", 
                                    "ctag": "Adv", 
                                    "msd": ""
                                }
                            ], 
                            "childIds": [
                                "seg-1.3.4"
                            ], 
                            "chosenInterpretation": {
                                "base": "gdy", 
                                "ctag": "Adv", 
                                "msd": ""
                            }, 
                            "id": "words_a5e814", 
                            "orth": "gdy", 
                            "rule": "adv -> Adv"
                        }, 
                        {
                            "candidateInterpretations": [
                                {
                                    "base": "sprz\u0119t", 
                                    "ctag": "Noun", 
                                    "msd": "sg:nom:m3"
                                }
                            ], 
                            "childIds": [
                                "seg-1.3.5"
                            ], 
                            "chosenInterpretation": {
                                "base": "sprz\u0119t", 
                                "ctag": "Noun", 
                                "msd": "sg:nom:m3"
                            }, 
                            "id": "words_a5e819", 
                            "orth": "sprz\u0119t", 
                            "rule": "subst|depr|ger -> Noun"
                        }, 
                        {
                            "candidateInterpretations": [
                                {
                                    "base": "by\u0107", 
                                    "ctag": "Verbfin", 
                                    "msd": "sg:ter:pres:ind:imperf:nrefl:neg"
                                }
                            ], 
                            "childIds": [
                                "seg-1.3.6", 
                                "words_a5e80f"
                            ], 
                            "chosenInterpretation": {
                                "base": "by\u0107", 
                                "ctag": "Verbfin", 
                                "msd": "sg:ter:pres:ind:imperf:nrefl:neg"
                            }, 
                            "id": "words_a5e812", 
                            "orth": "nie jest", 
                            "rule": "negacja dla czasownik\u00f3w, imies\u0142ow\u00f3w"
                        }, 
                        {
                            "candidateInterpretations": [
                                {
                                    "base": "by\u0107", 
                                    "ctag": "Verbfin", 
                                    "msd": "sg:ter:pres:ind:imperf:nrefl:aff"
                                }
                            ], 
                            "childIds": [
                                "seg-1.3.7"
                            ], 
                            "chosenInterpretation": {
                                "base": "by\u0107", 
                                "ctag": "Verbfin", 
                                "msd": "sg:ter:pres:ind:imperf:nrefl:aff"
                            }, 
                            "id": "words_a5e80f", 
                            "orth": "jest", 
                            "rule": "fin imperf -> Verbfin"
                        }, 
                        {
                            "candidateInterpretations": [
                                {
                                    "base": "odpowiednio", 
                                    "ctag": "Adv", 
                                    "msd": "pos"
                                }
                            ], 
                            "childIds": [
                                "seg-1.3.8"
                            ], 
                            "chosenInterpretation": {
                                "base": "odpowiednio", 
                                "ctag": "Adv", 
                                "msd": "pos"
                            }, 
                            "id": "words_a5e815", 
                            "orth": "odpowiednio", 
                            "rule": "adv -> Adv"
                        }, 
                        {
                            "candidateInterpretations": [
                                {
                                    "base": "dezynfekowa\u0107", 
                                    "ctag": "Ppas", 
                                    "msd": "sg:nom:m3:imperf:nrefl:aff"
                                }
                            ], 
                            "childIds": [
                                "seg-1.3.9"
                            ], 
                            "chosenInterpretation": {
                                "base": "dezynfekowa\u0107", 
                                "ctag": "Ppas", 
                                "msd": "sg:nom:m3:imperf:nrefl:aff"
                            }, 
                            "id": "words_a5e810", 
                            "orth": "dezynfekowany", 
                            "rule": "ppas -> Ppas"
                        }, 
                        {
                            "candidateInterpretations": [
                                {
                                    "base": "po", 
                                    "ctag": "Prep", 
                                    "msd": "loc"
                                }
                            ], 
                            "childIds": [
                                "seg-1.3.10"
                            ], 
                            "chosenInterpretation": {
                                "base": "po", 
                                "ctag": "Prep", 
                                "msd": "loc"
                            }, 
                            "id": "words_a5e818", 
                            "orth": "po", 
                            "rule": "prep -> Prep"
                        }, 
                        {
                            "candidateInterpretations": [
                                {
                                    "base": "u\u017cycie", 
                                    "ctag": "Noun", 
                                    "msd": "sg:loc:n"
                                }
                            ], 
                            "childIds": [
                                "seg-1.3.11"
                            ], 
                            "chosenInterpretation": {
                                "base": "u\u017cycie", 
                                "ctag": "Noun", 
                                "msd": "sg:loc:n"
                            }, 
                            "id": "words_a5e81a", 
                            "orth": "u\u017cyciu", 
                            "rule": "subst|depr|ger -> Noun"
                        }, 
                        {
                            "candidateInterpretations": [
                                {
                                    "base": ".", 
                                    "ctag": "Interp", 
                                    "msd": ""
                                }
                            ], 
                            "childIds": [
                                "seg-1.3.12"
                            ], 
                            "chosenInterpretation": {
                                "base": ".", 
                                "ctag": "Interp", 
                                "msd": ""
                            }, 
                            "id": "words_a5e817", 
                            "orth": ".", 
                            "rule": "interp -> Interp"
                        }
                    ]
                }, 
                {
                    "dependencyParse": [], 
                    "groups": [], 
                    "id": "s-1.4", 
                    "mentions": [], 
                    "names": [], 
                    "rejectedTokens": [], 
                    "sentimentTags": [], 
                    "tokens": [
                        {
                            "candidateInterpretations": [
                                {
                                    "base": "4", 
                                    "ctag": "ign", 
                                    "msd": ""
                                }
                            ], 
                            "chosenInterpretation": {
                                "base": "4", 
                                "ctag": "ign", 
                                "msd": ""
                            }, 
                            "id": "seg-1.4.0", 
                            "interpretations": [
                                {
                                    "base": "4", 
                                    "ctag": "ign", 
                                    "msd": ""
                                }
                            ], 
                            "noPrecedingSpace": false, 
                            "offset": 160, 
                            "orth": "4"
                        }, 
                        {
                            "candidateInterpretations": [
                                {
                                    "base": ".", 
                                    "ctag": "interp", 
                                    "msd": ""
                                }
                            ], 
                            "chosenInterpretation": {
                                "base": ".", 
                                "ctag": "interp", 
                                "msd": ""
                            }, 
                            "id": "seg-1.4.1", 
                            "interpretations": [
                                {
                                    "base": ".", 
                                    "ctag": "interp", 
                                    "msd": ""
                                }
                            ], 
                            "noPrecedingSpace": true, 
                            "offset": 161, 
                            "orth": "."
                        }
                    ], 
                    "words": [
                        {
                            "candidateInterpretations": [
                                {
                                    "base": ".", 
                                    "ctag": "Interp", 
                                    "msd": ""
                                }
                            ], 
                            "childIds": [
                                "seg-1.4.1"
                            ], 
                            "chosenInterpretation": {
                                "base": ".", 
                                "ctag": "Interp", 
                                "msd": ""
                            }, 
                            "id": "words_a5e822", 
                            "orth": ".", 
                            "rule": "interp -> Interp"
                        }
                    ]
                }
            ], 
            "text": " 3.  Masz wykonany tatua\u017c lub piercing ig\u0142\u0105, na kt\u00f3rej znajdowa\u0142a si\u0119 zaka\u017cona krew.  Dzieje si\u0119 tak, gdy sprz\u0119t nie jest odpowiednio dezynfekowany po u\u017cyciu.  4."
        }
    ], 
    "summary": "", 
    "textHeader": {
        "distributor": "Multiservice", 
        "id": "", 
        "processingDuration": 1342, 
        "publicationTime": 1553565629934, 
        "retrievedFrom": "", 
        "sourceDescText": "", 
        "title": ""
    }
}