{
    "annotationDetails": {
        "hasMorphosyntaxDisambiguated": true, 
        "hasMorphosyntaxPartiallyDisambiguated": true, 
        "hasSegmentsDisambiguated": true
    }, 
    "annotationHeaders": {
        "0": {
            "distributor": "Pantera", 
            "id": "", 
            "processingDuration": 40, 
            "publicationTime": 1553566022608, 
            "retrievedFrom": "", 
            "sourceDescText": "", 
            "title": ""
        }, 
        "1": {
            "distributor": "Pantera; modified by Spejd", 
            "id": "", 
            "processingDuration": 83, 
            "publicationTime": 1553566022608, 
            "retrievedFrom": "", 
            "sourceDescText": "", 
            "title": ""
        }, 
        "2": {
            "distributor": "Spejd", 
            "id": "", 
            "processingDuration": 43, 
            "publicationTime": 1553566022608, 
            "retrievedFrom": "", 
            "sourceDescText": "", 
            "title": ""
        }, 
        "3": {
            "distributor": "Spejd", 
            "id": "", 
            "processingDuration": 43, 
            "publicationTime": 1553566022608, 
            "retrievedFrom": "", 
            "sourceDescText": "", 
            "title": ""
        }, 
        "4": {
            "distributor": "Nerf", 
            "id": "", 
            "processingDuration": 37, 
            "publicationTime": 1553566022608, 
            "retrievedFrom": "", 
            "sourceDescText": "", 
            "title": ""
        }, 
        "7": {
            "distributor": "MentionDetector", 
            "id": null, 
            "processingDuration": 2, 
            "publicationTime": 1553566022608, 
            "retrievedFrom": null, 
            "sourceDescText": null, 
            "title": null
        }, 
        "8": {
            "distributor": "Bartek", 
            "id": null, 
            "processingDuration": 17, 
            "publicationTime": 1553566022608, 
            "retrievedFrom": null, 
            "sourceDescText": null, 
            "title": null
        }
    }, 
    "coreferences": [
        {
            "dominant": "zajad", 
            "id": "c-0", 
            "mentionIds": [
                "m-5", 
                "m-0", 
                "m-2"
            ], 
            "sourceMentionId": null, 
            "type": "ident"
        }, 
        {
            "dominant": "oba k\u0105cik", 
            "id": "c-1", 
            "mentionIds": [
                "m-1"
            ], 
            "sourceMentionId": null, 
            "type": "ident"
        }, 
        {
            "dominant": "leczenie", 
            "id": "c-2", 
            "mentionIds": [
                "m-3"
            ], 
            "sourceMentionId": null, 
            "type": "ident"
        }, 
        {
            "dominant": "efekt", 
            "id": "c-3", 
            "mentionIds": [
                "m-4"
            ], 
            "sourceMentionId": null, 
            "type": "ident"
        }, 
        {
            "dominant": "zdolno\u015b\u0107", 
            "id": "c-4", 
            "mentionIds": [
                "m-6"
            ], 
            "sourceMentionId": null, 
            "type": "ident"
        }, 
        {
            "dominant": "odnawia\u0107 si\u0119", 
            "id": "c-5", 
            "mentionIds": [
                "m-8"
            ], 
            "sourceMentionId": null, 
            "type": "ident"
        }, 
        {
            "dominant": "odnawia\u0107", 
            "id": "c-6", 
            "mentionIds": [
                "m-7"
            ], 
            "sourceMentionId": null, 
            "type": "ident"
        }
    ], 
    "paragraphs": [
        {
            "id": "p-1", 
            "sentences": [
                {
                    "dependencyParse": [], 
                    "groups": [
                        {
                            "childIds": [
                                "words_a5dbb8"
                            ], 
                            "id": "groups_a5dbc1", 
                            "orth": "Zajady", 
                            "rule": "(Qub) + Noun", 
                            "semanticHeadId": "words_a5dbb8", 
                            "syntacticHeadId": "words_a5dbb8", 
                            "type": "NG"
                        }, 
                        {
                            "childIds": [
                                "words_a5dbbf", 
                                "words_a5dbb9"
                            ], 
                            "id": "groups_a5dbc0", 
                            "orth": "oba k\u0105ciki", 
                            "rule": "NGl: (Qub|Adv) + (Adj) + Num + (n*Adj) + Noun + (Adj) (zgoda)", 
                            "semanticHeadId": "words_a5dbb9", 
                            "syntacticHeadId": "words_a5dbbf", 
                            "type": "NGl"
                        }, 
                        {
                            "childIds": [
                                "words_a5dbba"
                            ], 
                            "id": "groups_a5dbc2", 
                            "orth": "zajady", 
                            "rule": "(Qub) + Noun", 
                            "semanticHeadId": "words_a5dbba", 
                            "syntacticHeadId": "words_a5dbba", 
                            "type": "NG"
                        }, 
                        {
                            "childIds": [
                                "words_a5dbbb"
                            ], 
                            "id": "groups_a5dbc3", 
                            "orth": "leczenie", 
                            "rule": "(Qub) + Noun", 
                            "semanticHeadId": "words_a5dbbb", 
                            "syntacticHeadId": "words_a5dbbb", 
                            "type": "NG"
                        }, 
                        {
                            "childIds": [
                                "words_a5dbbc"
                            ], 
                            "id": "groups_a5dbc4", 
                            "orth": "efektu", 
                            "rule": "(Qub) + Noun", 
                            "semanticHeadId": "words_a5dbbc", 
                            "syntacticHeadId": "words_a5dbbc", 
                            "type": "NG"
                        }, 
                        {
                            "childIds": [
                                "words_a5dbbd"
                            ], 
                            "id": "groups_a5dbc5", 
                            "orth": "Zajady", 
                            "rule": "(Qub) + Noun", 
                            "semanticHeadId": "words_a5dbbd", 
                            "syntacticHeadId": "words_a5dbbd", 
                            "type": "NG"
                        }, 
                        {
                            "childIds": [
                                "words_a5dbbe"
                            ], 
                            "id": "groups_a5dbc6", 
                            "orth": "zdolno\u015b\u0107", 
                            "rule": "(Qub) + Noun", 
                            "semanticHeadId": "words_a5dbbe", 
                            "syntacticHeadId": "words_a5dbbe", 
                            "type": "NG"
                        }, 
                        {
                            "childIds": [
                                "words_a5dbb7", 
                                "groups_a5dbc7"
                            ], 
                            "id": "groups_a5dbc8", 
                            "orth": "do odnawiania si\u0119", 
                            "rule": "PrepNG: Prep + NG", 
                            "semanticHeadId": "words_a5dbaa", 
                            "syntacticHeadId": "words_a5dbb7", 
                            "type": "PrepNG"
                        }, 
                        {
                            "childIds": [
                                "words_a5dbaa"
                            ], 
                            "id": "groups_a5dbc7", 
                            "orth": "odnawiania si\u0119", 
                            "rule": "(Qub) + Noun", 
                            "semanticHeadId": "words_a5dbaa", 
                            "syntacticHeadId": "words_a5dbaa", 
                            "type": "NG"
                        }
                    ], 
                    "id": "s-1.1", 
                    "mentions": [
                        {
                            "childIds": [
                                "seg-1.1.0"
                            ], 
                            "headIds": [
                                "seg-1.1.0"
                            ], 
                            "id": "m-0", 
                            "zeroSubject": false
                        }, 
                        {
                            "childIds": [
                                "seg-1.1.3", 
                                "seg-1.1.4"
                            ], 
                            "headIds": [
                                "seg-1.1.4"
                            ], 
                            "id": "m-1", 
                            "zeroSubject": false
                        }, 
                        {
                            "childIds": [
                                "seg-1.1.9"
                            ], 
                            "headIds": [
                                "seg-1.1.9"
                            ], 
                            "id": "m-2", 
                            "zeroSubject": false
                        }, 
                        {
                            "childIds": [
                                "seg-1.1.12"
                            ], 
                            "headIds": [
                                "seg-1.1.12"
                            ], 
                            "id": "m-3", 
                            "zeroSubject": false
                        }, 
                        {
                            "childIds": [
                                "seg-1.1.27"
                            ], 
                            "headIds": [
                                "seg-1.1.27"
                            ], 
                            "id": "m-4", 
                            "zeroSubject": false
                        }, 
                        {
                            "childIds": [
                                "seg-1.1.29"
                            ], 
                            "headIds": [
                                "seg-1.1.29"
                            ], 
                            "id": "m-5", 
                            "zeroSubject": false
                        }, 
                        {
                            "childIds": [
                                "seg-1.1.31"
                            ], 
                            "headIds": [
                                "seg-1.1.31"
                            ], 
                            "id": "m-6", 
                            "zeroSubject": false
                        }, 
                        {
                            "childIds": [
                                "seg-1.1.33"
                            ], 
                            "headIds": [
                                "seg-1.1.33"
                            ], 
                            "id": "m-7", 
                            "zeroSubject": false
                        }, 
                        {
                            "childIds": [
                                "seg-1.1.33", 
                                "seg-1.1.34"
                            ], 
                            "headIds": [
                                "seg-1.1.33", 
                                "seg-1.1.34"
                            ], 
                            "id": "m-8", 
                            "zeroSubject": false
                        }
                    ], 
                    "names": [], 
                    "rejectedTokens": [], 
                    "sentimentTags": [], 
                    "tokens": [
                        {
                            "candidateInterpretations": [
                                {
                                    "base": "zajad", 
                                    "ctag": "subst", 
                                    "msd": "pl:nom:m3"
                                }
                            ], 
                            "chosenInterpretation": {
                                "base": "zajad", 
                                "ctag": "subst", 
                                "msd": "pl:nom:m3"
                            }, 
                            "id": "seg-1.1.0", 
                            "interpretations": [
                                {
                                    "base": "zajad", 
                                    "ctag": "subst", 
                                    "msd": "pl:nom:m3"
                                }
                            ], 
                            "noPrecedingSpace": false, 
                            "offset": 1, 
                            "orth": "Zajady"
                        }, 
                        {
                            "candidateInterpretations": [
                                {
                                    "base": "atakowa\u0107", 
                                    "ctag": "fin", 
                                    "msd": "pl:ter:imperf"
                                }
                            ], 
                            "chosenInterpretation": {
                                "base": "atakowa\u0107", 
                                "ctag": "fin", 
                                "msd": "pl:ter:imperf"
                            }, 
                            "id": "seg-1.1.1", 
                            "interpretations": [
                                {
                                    "base": "atakowa\u0107", 
                                    "ctag": "fin", 
                                    "msd": "pl:ter:imperf"
                                }
                            ], 
                            "noPrecedingSpace": false, 
                            "offset": 8, 
                            "orth": "atakuj\u0105"
                        }, 
                        {
                            "candidateInterpretations": [
                                {
                                    "base": "zazwyczaj", 
                                    "ctag": "adv", 
                                    "msd": ""
                                }
                            ], 
                            "chosenInterpretation": {
                                "base": "zazwyczaj", 
                                "ctag": "adv", 
                                "msd": ""
                            }, 
                            "id": "seg-1.1.2", 
                            "interpretations": [
                                {
                                    "base": "zazwyczaj", 
                                    "ctag": "adv", 
                                    "msd": ""
                                }
                            ], 
                            "noPrecedingSpace": false, 
                            "offset": 16, 
                            "orth": "zazwyczaj"
                        }, 
                        {
                            "candidateInterpretations": [
                                {
                                    "base": "oba", 
                                    "ctag": "num", 
                                    "msd": "pl:nom:m3:congr"
                                }
                            ], 
                            "chosenInterpretation": {
                                "base": "oba", 
                                "ctag": "num", 
                                "msd": "pl:nom:m3:congr"
                            }, 
                            "id": "seg-1.1.3", 
                            "interpretations": [
                                {
                                    "base": "oba", 
                                    "ctag": "num", 
                                    "msd": "pl:nom:m3:congr"
                                }
                            ], 
                            "noPrecedingSpace": false, 
                            "offset": 26, 
                            "orth": "oba"
                        }, 
                        {
                            "candidateInterpretations": [
                                {
                                    "base": "k\u0105cik", 
                                    "ctag": "subst", 
                                    "msd": "pl:nom:m3"
                                }
                            ], 
                            "chosenInterpretation": {
                                "base": "k\u0105cik", 
                                "ctag": "subst", 
                                "msd": "pl:nom:m3"
                            }, 
                            "id": "seg-1.1.4", 
                            "interpretations": [
                                {
                                    "base": "k\u0105cik", 
                                    "ctag": "subst", 
                                    "msd": "pl:nom:m3"
                                }
                            ], 
                            "noPrecedingSpace": false, 
                            "offset": 30, 
                            "orth": "k\u0105ciki"
                        }, 
                        {
                            "candidateInterpretations": [
                                {
                                    "base": ".", 
                                    "ctag": "interp", 
                                    "msd": ""
                                }
                            ], 
                            "chosenInterpretation": {
                                "base": ".", 
                                "ctag": "interp", 
                                "msd": ""
                            }, 
                            "id": "seg-1.1.5", 
                            "interpretations": [
                                {
                                    "base": ".", 
                                    "ctag": "interp", 
                                    "msd": ""
                                }
                            ], 
                            "noPrecedingSpace": true, 
                            "offset": 36, 
                            "orth": "."
                        }, 
                        {
                            "candidateInterpretations": [
                                {
                                    "base": "je\u015bli", 
                                    "ctag": "comp", 
                                    "msd": ""
                                }
                            ], 
                            "chosenInterpretation": {
                                "base": "je\u015bli", 
                                "ctag": "comp", 
                                "msd": ""
                            }, 
                            "id": "seg-1.1.6", 
                            "interpretations": [
                                {
                                    "base": "je\u015bli", 
                                    "ctag": "comp", 
                                    "msd": ""
                                }
                            ], 
                            "noPrecedingSpace": false, 
                            "offset": 39, 
                            "orth": "Je\u015bli"
                        }, 
                        {
                            "candidateInterpretations": [
                                {
                                    "base": "pojawi\u0107", 
                                    "ctag": "fin", 
                                    "msd": "pl:ter:perf"
                                }
                            ], 
                            "chosenInterpretation": {
                                "base": "pojawi\u0107", 
                                "ctag": "fin", 
                                "msd": "pl:ter:perf"
                            }, 
                            "id": "seg-1.1.7", 
                            "interpretations": [
                                {
                                    "base": "pojawi\u0107", 
                                    "ctag": "fin", 
                                    "msd": "pl:ter:perf"
                                }
                            ], 
                            "noPrecedingSpace": false, 
                            "offset": 45, 
                            "orth": "pojawi\u0105"
                        }, 
                        {
                            "candidateInterpretations": [
                                {
                                    "base": "si\u0119", 
                                    "ctag": "qub", 
                                    "msd": ""
                                }
                            ], 
                            "chosenInterpretation": {
                                "base": "si\u0119", 
                                "ctag": "qub", 
                                "msd": ""
                            }, 
                            "id": "seg-1.1.8", 
                            "interpretations": [
                                {
                                    "base": "si\u0119", 
                                    "ctag": "qub", 
                                    "msd": ""
                                }
                            ], 
                            "noPrecedingSpace": false, 
                            "offset": 53, 
                            "orth": "si\u0119"
                        }, 
                        {
                            "candidateInterpretations": [
                                {
                                    "base": "zajad", 
                                    "ctag": "subst", 
                                    "msd": "pl:nom:m3"
                                }
                            ], 
                            "chosenInterpretation": {
                                "base": "zajad", 
                                "ctag": "subst", 
                                "msd": "pl:nom:m3"
                            }, 
                            "id": "seg-1.1.9", 
                            "interpretations": [
                                {
                                    "base": "zajad", 
                                    "ctag": "subst", 
                                    "msd": "pl:nom:m3"
                                }
                            ], 
                            "noPrecedingSpace": false, 
                            "offset": 57, 
                            "orth": "zajady"
                        }, 
                        {
                            "candidateInterpretations": [
                                {
                                    "base": ",", 
                                    "ctag": "interp", 
                                    "msd": ""
                                }
                            ], 
                            "chosenInterpretation": {
                                "base": ",", 
                                "ctag": "interp", 
                                "msd": ""
                            }, 
                            "id": "seg-1.1.10", 
                            "interpretations": [
                                {
                                    "base": ",", 
                                    "ctag": "interp", 
                                    "msd": ""
                                }
                            ], 
                            "noPrecedingSpace": true, 
                            "offset": 63, 
                            "orth": ","
                        }, 
                        {
                            "candidateInterpretations": [
                                {
                                    "base": "to", 
                                    "ctag": "conj", 
                                    "msd": ""
                                }
                            ], 
                            "chosenInterpretation": {
                                "base": "to", 
                                "ctag": "conj", 
                                "msd": ""
                            }, 
                            "id": "seg-1.1.11", 
                            "interpretations": [
                                {
                                    "base": "to", 
                                    "ctag": "conj", 
                                    "msd": ""
                                }
                            ], 
                            "noPrecedingSpace": false, 
                            "offset": 65, 
                            "orth": "to"
                        }, 
                        {
                            "candidateInterpretations": [
                                {
                                    "base": "leczenie", 
                                    "ctag": "subst", 
                                    "msd": "sg:nom:n"
                                }
                            ], 
                            "chosenInterpretation": {
                                "base": "leczenie", 
                                "ctag": "subst", 
                                "msd": "sg:nom:n"
                            }, 
                            "id": "seg-1.1.12", 
                            "interpretations": [
                                {
                                    "base": "leczenie", 
                                    "ctag": "subst", 
                                    "msd": "sg:nom:n"
                                }
                            ], 
                            "noPrecedingSpace": false, 
                            "offset": 68, 
                            "orth": "leczenie"
                        }, 
                        {
                            "candidateInterpretations": [
                                {
                                    "base": "powinien", 
                                    "ctag": "winien", 
                                    "msd": "sg:n:imperf"
                                }
                            ], 
                            "chosenInterpretation": {
                                "base": "powinien", 
                                "ctag": "winien", 
                                "msd": "sg:n:imperf"
                            }, 
                            "id": "seg-1.1.13", 
                            "interpretations": [
                                {
                                    "base": "powinien", 
                                    "ctag": "winien", 
                                    "msd": "sg:n:imperf"
                                }
                            ], 
                            "noPrecedingSpace": false, 
                            "offset": 77, 
                            "orth": "powinno"
                        }, 
                        {
                            "candidateInterpretations": [
                                {
                                    "base": "rozpocz\u0105\u0107", 
                                    "ctag": "inf", 
                                    "msd": "perf"
                                }
                            ], 
                            "chosenInterpretation": {
                                "base": "rozpocz\u0105\u0107", 
                                "ctag": "inf", 
                                "msd": "perf"
                            }, 
                            "id": "seg-1.1.14", 
                            "interpretations": [
                                {
                                    "base": "rozpocz\u0105\u0107", 
                                    "ctag": "inf", 
                                    "msd": "perf"
                                }
                            ], 
                            "noPrecedingSpace": false, 
                            "offset": 85, 
                            "orth": "rozpocz\u0105\u0107"
                        }, 
                        {
                            "candidateInterpretations": [
                                {
                                    "base": "si\u0119", 
                                    "ctag": "qub", 
                                    "msd": ""
                                }
                            ], 
                            "chosenInterpretation": {
                                "base": "si\u0119", 
                                "ctag": "qub", 
                                "msd": ""
                            }, 
                            "id": "seg-1.1.15", 
                            "interpretations": [
                                {
                                    "base": "si\u0119", 
                                    "ctag": "qub", 
                                    "msd": ""
                                }
                            ], 
                            "noPrecedingSpace": false, 
                            "offset": 95, 
                            "orth": "si\u0119"
                        }, 
                        {
                            "candidateInterpretations": [
                                {
                                    "base": "jak", 
                                    "ctag": "adv", 
                                    "msd": ""
                                }
                            ], 
                            "chosenInterpretation": {
                                "base": "jak", 
                                "ctag": "adv", 
                                "msd": ""
                            }, 
                            "id": "seg-1.1.16", 
                            "interpretations": [
                                {
                                    "base": "jak", 
                                    "ctag": "adv", 
                                    "msd": ""
                                }
                            ], 
                            "noPrecedingSpace": false, 
                            "offset": 99, 
                            "orth": "jak"
                        }, 
                        {
                            "candidateInterpretations": [
                                {
                                    "base": "wczesno", 
                                    "ctag": "adv", 
                                    "msd": "sup"
                                }
                            ], 
                            "chosenInterpretation": {
                                "base": "wczesno", 
                                "ctag": "adv", 
                                "msd": "sup"
                            }, 
                            "id": "seg-1.1.17", 
                            "interpretations": [
                                {
                                    "base": "wczesno", 
                                    "ctag": "adv", 
                                    "msd": "sup"
                                }
                            ], 
                            "noPrecedingSpace": false, 
                            "offset": 103, 
                            "orth": "najwcze\u015bniej"
                        }, 
                        {
                            "candidateInterpretations": [
                                {
                                    "base": ".", 
                                    "ctag": "interp", 
                                    "msd": ""
                                }
                            ], 
                            "chosenInterpretation": {
                                "base": ".", 
                                "ctag": "interp", 
                                "msd": ""
                            }, 
                            "id": "seg-1.1.18", 
                            "interpretations": [
                                {
                                    "base": ".", 
                                    "ctag": "interp", 
                                    "msd": ""
                                }
                            ], 
                            "noPrecedingSpace": true, 
                            "offset": 115, 
                            "orth": "."
                        }, 
                        {
                            "candidateInterpretations": [
                                {
                                    "base": "im", 
                                    "ctag": "comp", 
                                    "msd": ""
                                }
                            ], 
                            "chosenInterpretation": {
                                "base": "im", 
                                "ctag": "comp", 
                                "msd": ""
                            }, 
                            "id": "seg-1.1.19", 
                            "interpretations": [
                                {
                                    "base": "im", 
                                    "ctag": "comp", 
                                    "msd": ""
                                }
                            ], 
                            "noPrecedingSpace": false, 
                            "offset": 118, 
                            "orth": "Im"
                        }, 
                        {
                            "candidateInterpretations": [
                                {
                                    "base": "wczesno", 
                                    "ctag": "adv", 
                                    "msd": "com"
                                }
                            ], 
                            "chosenInterpretation": {
                                "base": "wczesno", 
                                "ctag": "adv", 
                                "msd": "com"
                            }, 
                            "id": "seg-1.1.20", 
                            "interpretations": [
                                {
                                    "base": "wczesno", 
                                    "ctag": "adv", 
                                    "msd": "com"
                                }
                            ], 
                            "noPrecedingSpace": false, 
                            "offset": 121, 
                            "orth": "wcze\u015bniej"
                        }, 
                        {
                            "candidateInterpretations": [
                                {
                                    "base": ",", 
                                    "ctag": "interp", 
                                    "msd": ""
                                }
                            ], 
                            "chosenInterpretation": {
                                "base": ",", 
                                "ctag": "interp", 
                                "msd": ""
                            }, 
                            "id": "seg-1.1.21", 
                            "interpretations": [
                                {
                                    "base": ",", 
                                    "ctag": "interp", 
                                    "msd": ""
                                }
                            ], 
                            "noPrecedingSpace": true, 
                            "offset": 130, 
                            "orth": ","
                        }, 
                        {
                            "candidateInterpretations": [
                                {
                                    "base": "tym", 
                                    "ctag": "adv", 
                                    "msd": ""
                                }
                            ], 
                            "chosenInterpretation": {
                                "base": "tym", 
                                "ctag": "adv", 
                                "msd": ""
                            }, 
                            "id": "seg-1.1.22", 
                            "interpretations": [
                                {
                                    "base": "tym", 
                                    "ctag": "adv", 
                                    "msd": ""
                                }
                            ], 
                            "noPrecedingSpace": false, 
                            "offset": 132, 
                            "orth": "tym"
                        }, 
                        {
                            "candidateInterpretations": [
                                {
                                    "base": "szybko", 
                                    "ctag": "adv", 
                                    "msd": "com"
                                }
                            ], 
                            "chosenInterpretation": {
                                "base": "szybko", 
                                "ctag": "adv", 
                                "msd": "com"
                            }, 
                            "id": "seg-1.1.23", 
                            "interpretations": [
                                {
                                    "base": "szybko", 
                                    "ctag": "adv", 
                                    "msd": "com"
                                }
                            ], 
                            "noPrecedingSpace": false, 
                            "offset": 136, 
                            "orth": "szybciej"
                        }, 
                        {
                            "candidateInterpretations": [
                                {
                                    "base": "mo\u017cna", 
                                    "ctag": "pred", 
                                    "msd": ""
                                }
                            ], 
                            "chosenInterpretation": {
                                "base": "mo\u017cna", 
                                "ctag": "pred", 
                                "msd": ""
                            }, 
                            "id": "seg-1.1.24", 
                            "interpretations": [
                                {
                                    "base": "mo\u017cna", 
                                    "ctag": "pred", 
                                    "msd": ""
                                }
                            ], 
                            "noPrecedingSpace": false, 
                            "offset": 145, 
                            "orth": "mo\u017cna"
                        }, 
                        {
                            "candidateInterpretations": [
                                {
                                    "base": "spodziewa\u0107", 
                                    "ctag": "inf", 
                                    "msd": "imperf"
                                }
                            ], 
                            "chosenInterpretation": {
                                "base": "spodziewa\u0107", 
                                "ctag": "inf", 
                                "msd": "imperf"
                            }, 
                            "id": "seg-1.1.25", 
                            "interpretations": [
                                {
                                    "base": "spodziewa\u0107", 
                                    "ctag": "inf", 
                                    "msd": "imperf"
                                }
                            ], 
                            "noPrecedingSpace": false, 
                            "offset": 151, 
                            "orth": "spodziewa\u0107"
                        }, 
                        {
                            "candidateInterpretations": [
                                {
                                    "base": "si\u0119", 
                                    "ctag": "qub", 
                                    "msd": ""
                                }
                            ], 
                            "chosenInterpretation": {
                                "base": "si\u0119", 
                                "ctag": "qub", 
                                "msd": ""
                            }, 
                            "id": "seg-1.1.26", 
                            "interpretations": [
                                {
                                    "base": "si\u0119", 
                                    "ctag": "qub", 
                                    "msd": ""
                                }
                            ], 
                            "noPrecedingSpace": false, 
                            "offset": 162, 
                            "orth": "si\u0119"
                        }, 
                        {
                            "candidateInterpretations": [
                                {
                                    "base": "efekt", 
                                    "ctag": "subst", 
                                    "msd": "sg:gen:m3"
                                }
                            ], 
                            "chosenInterpretation": {
                                "base": "efekt", 
                                "ctag": "subst", 
                                "msd": "sg:gen:m3"
                            }, 
                            "id": "seg-1.1.27", 
                            "interpretations": [
                                {
                                    "base": "efekt", 
                                    "ctag": "subst", 
                                    "msd": "sg:gen:m3"
                                }
                            ], 
                            "noPrecedingSpace": false, 
                            "offset": 166, 
                            "orth": "efektu"
                        }, 
                        {
                            "candidateInterpretations": [
                                {
                                    "base": ".", 
                                    "ctag": "interp", 
                                    "msd": ""
                                }
                            ], 
                            "chosenInterpretation": {
                                "base": ".", 
                                "ctag": "interp", 
                                "msd": ""
                            }, 
                            "id": "seg-1.1.28", 
                            "interpretations": [
                                {
                                    "base": ".", 
                                    "ctag": "interp", 
                                    "msd": ""
                                }
                            ], 
                            "noPrecedingSpace": true, 
                            "offset": 172, 
                            "orth": "."
                        }, 
                        {
                            "candidateInterpretations": [
                                {
                                    "base": "zajad", 
                                    "ctag": "subst", 
                                    "msd": "pl:nom:m3"
                                }
                            ], 
                            "chosenInterpretation": {
                                "base": "zajad", 
                                "ctag": "subst", 
                                "msd": "pl:nom:m3"
                            }, 
                            "id": "seg-1.1.29", 
                            "interpretations": [
                                {
                                    "base": "zajad", 
                                    "ctag": "subst", 
                                    "msd": "pl:nom:m3"
                                }
                            ], 
                            "noPrecedingSpace": false, 
                            "offset": 175, 
                            "orth": "Zajady"
                        }, 
                        {
                            "candidateInterpretations": [
                                {
                                    "base": "mai\u0107", 
                                    "ctag": "fin", 
                                    "msd": "pl:ter:imperf"
                                }
                            ], 
                            "chosenInterpretation": {
                                "base": "mai\u0107", 
                                "ctag": "fin", 
                                "msd": "pl:ter:imperf"
                            }, 
                            "id": "seg-1.1.30", 
                            "interpretations": [
                                {
                                    "base": "mai\u0107", 
                                    "ctag": "fin", 
                                    "msd": "pl:ter:imperf"
                                }
                            ], 
                            "noPrecedingSpace": false, 
                            "offset": 182, 
                            "orth": "maj\u0105"
                        }, 
                        {
                            "candidateInterpretations": [
                                {
                                    "base": "zdolno\u015b\u0107", 
                                    "ctag": "subst", 
                                    "msd": "sg:acc:f"
                                }
                            ], 
                            "chosenInterpretation": {
                                "base": "zdolno\u015b\u0107", 
                                "ctag": "subst", 
                                "msd": "sg:acc:f"
                            }, 
                            "id": "seg-1.1.31", 
                            "interpretations": [
                                {
                                    "base": "zdolno\u015b\u0107", 
                                    "ctag": "subst", 
                                    "msd": "sg:acc:f"
                                }
                            ], 
                            "noPrecedingSpace": false, 
                            "offset": 187, 
                            "orth": "zdolno\u015b\u0107"
                        }, 
                        {
                            "candidateInterpretations": [
                                {
                                    "base": "do", 
                                    "ctag": "prep", 
                                    "msd": "gen"
                                }
                            ], 
                            "chosenInterpretation": {
                                "base": "do", 
                                "ctag": "prep", 
                                "msd": "gen"
                            }, 
                            "id": "seg-1.1.32", 
                            "interpretations": [
                                {
                                    "base": "do", 
                                    "ctag": "prep", 
                                    "msd": "gen"
                                }
                            ], 
                            "noPrecedingSpace": false, 
                            "offset": 196, 
                            "orth": "do"
                        }, 
                        {
                            "candidateInterpretations": [
                                {
                                    "base": "odnawia\u0107", 
                                    "ctag": "ger", 
                                    "msd": "sg:gen:n:imperf:aff"
                                }
                            ], 
                            "chosenInterpretation": {
                                "base": "odnawia\u0107", 
                                "ctag": "ger", 
                                "msd": "sg:gen:n:imperf:aff"
                            }, 
                            "id": "seg-1.1.33", 
                            "interpretations": [
                                {
                                    "base": "odnawia\u0107", 
                                    "ctag": "ger", 
                                    "msd": "sg:gen:n:imperf:aff"
                                }
                            ], 
                            "noPrecedingSpace": false, 
                            "offset": 199, 
                            "orth": "odnawiania"
                        }, 
                        {
                            "candidateInterpretations": [
                                {
                                    "base": "si\u0119", 
                                    "ctag": "qub", 
                                    "msd": ""
                                }
                            ], 
                            "chosenInterpretation": {
                                "base": "si\u0119", 
                                "ctag": "qub", 
                                "msd": ""
                            }, 
                            "id": "seg-1.1.34", 
                            "interpretations": [
                                {
                                    "base": "si\u0119", 
                                    "ctag": "qub", 
                                    "msd": ""
                                }
                            ], 
                            "noPrecedingSpace": false, 
                            "offset": 210, 
                            "orth": "si\u0119"
                        }, 
                        {
                            "candidateInterpretations": [
                                {
                                    "base": ".", 
                                    "ctag": "interp", 
                                    "msd": ""
                                }
                            ], 
                            "chosenInterpretation": {
                                "base": ".", 
                                "ctag": "interp", 
                                "msd": ""
                            }, 
                            "id": "seg-1.1.35", 
                            "interpretations": [
                                {
                                    "base": ".", 
                                    "ctag": "interp", 
                                    "msd": ""
                                }
                            ], 
                            "noPrecedingSpace": true, 
                            "offset": 213, 
                            "orth": "."
                        }
                    ], 
                    "words": [
                        {
                            "candidateInterpretations": [
                                {
                                    "base": "zajad", 
                                    "ctag": "Noun", 
                                    "msd": "pl:nom:m3"
                                }
                            ], 
                            "childIds": [
                                "seg-1.1.0"
                            ], 
                            "chosenInterpretation": {
                                "base": "zajad", 
                                "ctag": "Noun", 
                                "msd": "pl:nom:m3"
                            }, 
                            "id": "words_a5dbb8", 
                            "orth": "Zajady", 
                            "rule": "subst|depr|ger -> Noun"
                        }, 
                        {
                            "candidateInterpretations": [
                                {
                                    "base": "atakowa\u0107", 
                                    "ctag": "Verbfin", 
                                    "msd": "pl:ter:pres:ind:imperf:nrefl:aff"
                                }
                            ], 
                            "childIds": [
                                "seg-1.1.1"
                            ], 
                            "chosenInterpretation": {
                                "base": "atakowa\u0107", 
                                "ctag": "Verbfin", 
                                "msd": "pl:ter:pres:ind:imperf:nrefl:aff"
                            }, 
                            "id": "words_a5dba2", 
                            "orth": "atakuj\u0105", 
                            "rule": "fin imperf -> Verbfin"
                        }, 
                        {
                            "candidateInterpretations": [
                                {
                                    "base": "zazwyczaj", 
                                    "ctag": "Adv", 
                                    "msd": ""
                                }
                            ], 
                            "childIds": [
                                "seg-1.1.2"
                            ], 
                            "chosenInterpretation": {
                                "base": "zazwyczaj", 
                                "ctag": "Adv", 
                                "msd": ""
                            }, 
                            "id": "words_a5dbab", 
                            "orth": "zazwyczaj", 
                            "rule": "adv -> Adv"
                        }, 
                        {
                            "candidateInterpretations": [
                                {
                                    "base": "oba", 
                                    "ctag": "Num", 
                                    "msd": "pl:nom:m3:congr"
                                }
                            ], 
                            "childIds": [
                                "seg-1.1.3"
                            ], 
                            "chosenInterpretation": {
                                "base": "oba", 
                                "ctag": "Num", 
                                "msd": "pl:nom:m3:congr"
                            }, 
                            "id": "words_a5dbbf", 
                            "orth": "oba", 
                            "rule": "num -> Num"
                        }, 
                        {
                            "candidateInterpretations": [
                                {
                                    "base": "k\u0105cik", 
                                    "ctag": "Noun", 
                                    "msd": "pl:nom:m3"
                                }
                            ], 
                            "childIds": [
                                "seg-1.1.4"
                            ], 
                            "chosenInterpretation": {
                                "base": "k\u0105cik", 
                                "ctag": "Noun", 
                                "msd": "pl:nom:m3"
                            }, 
                            "id": "words_a5dbb9", 
                            "orth": "k\u0105ciki", 
                            "rule": "subst|depr|ger -> Noun"
                        }, 
                        {
                            "candidateInterpretations": [
                                {
                                    "base": ".", 
                                    "ctag": "Interp", 
                                    "msd": ""
                                }
                            ], 
                            "childIds": [
                                "seg-1.1.5"
                            ], 
                            "chosenInterpretation": {
                                "base": ".", 
                                "ctag": "Interp", 
                                "msd": ""
                            }, 
                            "id": "words_a5dbb2", 
                            "orth": ".", 
                            "rule": "interp -> Interp"
                        }, 
                        {
                            "candidateInterpretations": [
                                {
                                    "base": "je\u015bli", 
                                    "ctag": "Comp1", 
                                    "msd": "discr"
                                }
                            ], 
                            "childIds": [
                                "seg-1.1.6"
                            ], 
                            "chosenInterpretation": {
                                "base": "je\u015bli", 
                                "ctag": "Comp1", 
                                "msd": "discr"
                            }, 
                            "id": "words_a5db9e", 
                            "orth": "Je\u015bli", 
                            "rule": "frazeo: je\u015bli/je\u017celi ... "
                        }, 
                        {
                            "candidateInterpretations": [
                                {
                                    "base": "pojawi\u0107 si\u0119", 
                                    "ctag": "Verbfin", 
                                    "msd": "pl:ter:fut:ind:perf:refl:aff"
                                }
                            ], 
                            "childIds": [
                                "words_a5dba1", 
                                "seg-1.1.8"
                            ], 
                            "chosenInterpretation": {
                                "base": "pojawi\u0107 si\u0119", 
                                "ctag": "Verbfin", 
                                "msd": "pl:ter:fut:ind:perf:refl:aff"
                            }, 
                            "id": "words_a5dba7", 
                            "orth": "pojawi\u0105 si\u0119", 
                            "rule": "zwrotno\u015b\u0107 dla czasownik\u00f3w, imies\u0142ow\u00f3w itp. (1)"
                        }, 
                        {
                            "candidateInterpretations": [
                                {
                                    "base": "pojawi\u0107", 
                                    "ctag": "Verbfin", 
                                    "msd": "pl:ter:fut:ind:perf:nrefl:aff"
                                }
                            ], 
                            "childIds": [
                                "seg-1.1.7"
                            ], 
                            "chosenInterpretation": {
                                "base": "pojawi\u0107", 
                                "ctag": "Verbfin", 
                                "msd": "pl:ter:fut:ind:perf:nrefl:aff"
                            }, 
                            "id": "words_a5dba1", 
                            "orth": "pojawi\u0105", 
                            "rule": "fin perf -> Verbfin"
                        }, 
                        {
                            "candidateInterpretations": [
                                {
                                    "base": "zajad", 
                                    "ctag": "Noun", 
                                    "msd": "pl:nom:m3"
                                }
                            ], 
                            "childIds": [
                                "seg-1.1.9"
                            ], 
                            "chosenInterpretation": {
                                "base": "zajad", 
                                "ctag": "Noun", 
                                "msd": "pl:nom:m3"
                            }, 
                            "id": "words_a5dbba", 
                            "orth": "zajady", 
                            "rule": "subst|depr|ger -> Noun"
                        }, 
                        {
                            "candidateInterpretations": [
                                {
                                    "base": ", to", 
                                    "ctag": "Comp2", 
                                    "msd": "discr"
                                }
                            ], 
                            "childIds": [
                                "seg-1.1.10", 
                                "seg-1.1.11"
                            ], 
                            "chosenInterpretation": {
                                "base": ", to", 
                                "ctag": "Comp2", 
                                "msd": "discr"
                            }, 
                            "id": "words_a5db9f", 
                            "orth": ", to", 
                            "rule": "frazeo:  (je\u015bli)..., to "
                        }, 
                        {
                            "candidateInterpretations": [
                                {
                                    "base": "leczenie", 
                                    "ctag": "Noun", 
                                    "msd": "sg:nom:n"
                                }
                            ], 
                            "childIds": [
                                "seg-1.1.12"
                            ], 
                            "chosenInterpretation": {
                                "base": "leczenie", 
                                "ctag": "Noun", 
                                "msd": "sg:nom:n"
                            }, 
                            "id": "words_a5dbbb", 
                            "orth": "leczenie", 
                            "rule": "subst|depr|ger -> Noun"
                        }, 
                        {
                            "candidateInterpretations": [
                                {
                                    "base": "powinien", 
                                    "ctag": "Winien", 
                                    "msd": "sg:ter:n:pres:ind:imperf:nrefl:aff"
                                }
                            ], 
                            "childIds": [
                                "seg-1.1.13"
                            ], 
                            "chosenInterpretation": {
                                "base": "powinien", 
                                "ctag": "Winien", 
                                "msd": "sg:ter:n:pres:ind:imperf:nrefl:aff"
                            }, 
                            "id": "words_a5dba0", 
                            "orth": "powinno", 
                            "rule": "Winien (3. osoba)"
                        }, 
                        {
                            "candidateInterpretations": [
                                {
                                    "base": "rozpocz\u0105\u0107 si\u0119", 
                                    "ctag": "Inf", 
                                    "msd": "perf:refl:aff"
                                }
                            ], 
                            "childIds": [
                                "words_a5dba4", 
                                "seg-1.1.15"
                            ], 
                            "chosenInterpretation": {
                                "base": "rozpocz\u0105\u0107 si\u0119", 
                                "ctag": "Inf", 
                                "msd": "perf:refl:aff"
                            }, 
                            "id": "words_a5dba8", 
                            "orth": "rozpocz\u0105\u0107 si\u0119", 
                            "rule": "zwrotno\u015b\u0107 dla czasownik\u00f3w, imies\u0142ow\u00f3w itp. (1)"
                        }, 
                        {
                            "candidateInterpretations": [
                                {
                                    "base": "rozpocz\u0105\u0107", 
                                    "ctag": "Inf", 
                                    "msd": "perf:nrefl:aff"
                                }
                            ], 
                            "childIds": [
                                "seg-1.1.14"
                            ], 
                            "chosenInterpretation": {
                                "base": "rozpocz\u0105\u0107", 
                                "ctag": "Inf", 
                                "msd": "perf:nrefl:aff"
                            }, 
                            "id": "words_a5dba4", 
                            "orth": "rozpocz\u0105\u0107", 
                            "rule": "inf -> Inf"
                        }, 
                        {
                            "candidateInterpretations": [
                                {
                                    "base": "jak", 
                                    "ctag": "Adv", 
                                    "msd": ""
                                }
                            ], 
                            "childIds": [
                                "seg-1.1.16"
                            ], 
                            "chosenInterpretation": {
                                "base": "jak", 
                                "ctag": "Adv", 
                                "msd": ""
                            }, 
                            "id": "words_a5dbac", 
                            "orth": "jak", 
                            "rule": "adv -> Adv"
                        }, 
                        {
                            "candidateInterpretations": [
                                {
                                    "base": "wczesno", 
                                    "ctag": "Adv", 
                                    "msd": "sup"
                                }
                            ], 
                            "childIds": [
                                "seg-1.1.17"
                            ], 
                            "chosenInterpretation": {
                                "base": "wczesno", 
                                "ctag": "Adv", 
                                "msd": "sup"
                            }, 
                            "id": "words_a5dbad", 
                            "orth": "najwcze\u015bniej", 
                            "rule": "adv -> Adv"
                        }, 
                        {
                            "candidateInterpretations": [
                                {
                                    "base": ".", 
                                    "ctag": "Interp", 
                                    "msd": ""
                                }
                            ], 
                            "childIds": [
                                "seg-1.1.18"
                            ], 
                            "chosenInterpretation": {
                                "base": ".", 
                                "ctag": "Interp", 
                                "msd": ""
                            }, 
                            "id": "words_a5dbb3", 
                            "orth": ".", 
                            "rule": "interp -> Interp"
                        }, 
                        {
                            "candidateInterpretations": [
                                {
                                    "base": "im", 
                                    "ctag": "Comp", 
                                    "msd": ""
                                }
                            ], 
                            "childIds": [
                                "seg-1.1.19"
                            ], 
                            "chosenInterpretation": {
                                "base": "im", 
                                "ctag": "Comp", 
                                "msd": ""
                            }, 
                            "id": "words_a5dbb1", 
                            "orth": "Im", 
                            "rule": "comp -> Comp"
                        }, 
                        {
                            "candidateInterpretations": [
                                {
                                    "base": "wczesno", 
                                    "ctag": "Adv", 
                                    "msd": "com"
                                }
                            ], 
                            "childIds": [
                                "seg-1.1.20"
                            ], 
                            "chosenInterpretation": {
                                "base": "wczesno", 
                                "ctag": "Adv", 
                                "msd": "com"
                            }, 
                            "id": "words_a5dbae", 
                            "orth": "wcze\u015bniej", 
                            "rule": "adv -> Adv"
                        }, 
                        {
                            "candidateInterpretations": [
                                {
                                    "base": ",", 
                                    "ctag": "Interp", 
                                    "msd": ""
                                }
                            ], 
                            "childIds": [
                                "seg-1.1.21"
                            ], 
                            "chosenInterpretation": {
                                "base": ",", 
                                "ctag": "Interp", 
                                "msd": ""
                            }, 
                            "id": "words_a5dbb4", 
                            "orth": ",", 
                            "rule": "interp -> Interp"
                        }, 
                        {
                            "candidateInterpretations": [
                                {
                                    "base": "tym", 
                                    "ctag": "Adv", 
                                    "msd": ""
                                }
                            ], 
                            "childIds": [
                                "seg-1.1.22"
                            ], 
                            "chosenInterpretation": {
                                "base": "tym", 
                                "ctag": "Adv", 
                                "msd": ""
                            }, 
                            "id": "words_a5dbaf", 
                            "orth": "tym", 
                            "rule": "adv -> Adv"
                        }, 
                        {
                            "candidateInterpretations": [
                                {
                                    "base": "szybko", 
                                    "ctag": "Adv", 
                                    "msd": "com"
                                }
                            ], 
                            "childIds": [
                                "seg-1.1.23"
                            ], 
                            "chosenInterpretation": {
                                "base": "szybko", 
                                "ctag": "Adv", 
                                "msd": "com"
                            }, 
                            "id": "words_a5dbb0", 
                            "orth": "szybciej", 
                            "rule": "adv -> Adv"
                        }, 
                        {
                            "candidateInterpretations": [
                                {
                                    "base": "mo\u017cna", 
                                    "ctag": "Pred", 
                                    "msd": "pres:ind:imperf:aff"
                                }
                            ], 
                            "childIds": [
                                "seg-1.1.24"
                            ], 
                            "chosenInterpretation": {
                                "base": "mo\u017cna", 
                                "ctag": "Pred", 
                                "msd": "pres:ind:imperf:aff"
                            }, 
                            "id": "words_a5dba6", 
                            "orth": "mo\u017cna", 
                            "rule": "pred -> Pred"
                        }, 
                        {
                            "candidateInterpretations": [
                                {
                                    "base": "spodziewa\u0107 si\u0119", 
                                    "ctag": "Inf", 
                                    "msd": "imperf:refl:aff"
                                }
                            ], 
                            "childIds": [
                                "words_a5dba5", 
                                "seg-1.1.26"
                            ], 
                            "chosenInterpretation": {
                                "base": "spodziewa\u0107 si\u0119", 
                                "ctag": "Inf", 
                                "msd": "imperf:refl:aff"
                            }, 
                            "id": "words_a5dba9", 
                            "orth": "spodziewa\u0107 si\u0119", 
                            "rule": "zwrotno\u015b\u0107 dla czasownik\u00f3w, imies\u0142ow\u00f3w itp. (1)"
                        }, 
                        {
                            "candidateInterpretations": [
                                {
                                    "base": "spodziewa\u0107", 
                                    "ctag": "Inf", 
                                    "msd": "imperf:nrefl:aff"
                                }
                            ], 
                            "childIds": [
                                "seg-1.1.25"
                            ], 
                            "chosenInterpretation": {
                                "base": "spodziewa\u0107", 
                                "ctag": "Inf", 
                                "msd": "imperf:nrefl:aff"
                            }, 
                            "id": "words_a5dba5", 
                            "orth": "spodziewa\u0107", 
                            "rule": "inf -> Inf"
                        }, 
                        {
                            "candidateInterpretations": [
                                {
                                    "base": "efekt", 
                                    "ctag": "Noun", 
                                    "msd": "sg:gen:m3"
                                }
                            ], 
                            "childIds": [
                                "seg-1.1.27"
                            ], 
                            "chosenInterpretation": {
                                "base": "efekt", 
                                "ctag": "Noun", 
                                "msd": "sg:gen:m3"
                            }, 
                            "id": "words_a5dbbc", 
                            "orth": "efektu", 
                            "rule": "subst|depr|ger -> Noun"
                        }, 
                        {
                            "candidateInterpretations": [
                                {
                                    "base": ".", 
                                    "ctag": "Interp", 
                                    "msd": ""
                                }
                            ], 
                            "childIds": [
                                "seg-1.1.28"
                            ], 
                            "chosenInterpretation": {
                                "base": ".", 
                                "ctag": "Interp", 
                                "msd": ""
                            }, 
                            "id": "words_a5dbb5", 
                            "orth": ".", 
                            "rule": "interp -> Interp"
                        }, 
                        {
                            "candidateInterpretations": [
                                {
                                    "base": "zajad", 
                                    "ctag": "Noun", 
                                    "msd": "pl:nom:m3"
                                }
                            ], 
                            "childIds": [
                                "seg-1.1.29"
                            ], 
                            "chosenInterpretation": {
                                "base": "zajad", 
                                "ctag": "Noun", 
                                "msd": "pl:nom:m3"
                            }, 
                            "id": "words_a5dbbd", 
                            "orth": "Zajady", 
                            "rule": "subst|depr|ger -> Noun"
                        }, 
                        {
                            "candidateInterpretations": [
                                {
                                    "base": "mai\u0107", 
                                    "ctag": "Verbfin", 
                                    "msd": "pl:ter:pres:ind:imperf:nrefl:aff"
                                }
                            ], 
                            "childIds": [
                                "seg-1.1.30"
                            ], 
                            "chosenInterpretation": {
                                "base": "mai\u0107", 
                                "ctag": "Verbfin", 
                                "msd": "pl:ter:pres:ind:imperf:nrefl:aff"
                            }, 
                            "id": "words_a5dba3", 
                            "orth": "maj\u0105", 
                            "rule": "fin imperf -> Verbfin"
                        }, 
                        {
                            "candidateInterpretations": [
                                {
                                    "base": "zdolno\u015b\u0107", 
                                    "ctag": "Noun", 
                                    "msd": "sg:acc:f"
                                }
                            ], 
                            "childIds": [
                                "seg-1.1.31"
                            ], 
                            "chosenInterpretation": {
                                "base": "zdolno\u015b\u0107", 
                                "ctag": "Noun", 
                                "msd": "sg:acc:f"
                            }, 
                            "id": "words_a5dbbe", 
                            "orth": "zdolno\u015b\u0107", 
                            "rule": "subst|depr|ger -> Noun"
                        }, 
                        {
                            "candidateInterpretations": [
                                {
                                    "base": "do", 
                                    "ctag": "Prep", 
                                    "msd": "gen"
                                }
                            ], 
                            "childIds": [
                                "seg-1.1.32"
                            ], 
                            "chosenInterpretation": {
                                "base": "do", 
                                "ctag": "Prep", 
                                "msd": "gen"
                            }, 
                            "id": "words_a5dbb7", 
                            "orth": "do", 
                            "rule": "prep -> Prep"
                        }, 
                        {
                            "candidateInterpretations": [
                                {
                                    "base": "odnawia\u0107 si\u0119", 
                                    "ctag": "Noun", 
                                    "msd": "sg:gen:n:imperf:refl:aff"
                                }
                            ], 
                            "childIds": [
                                "seg-1.1.33", 
                                "seg-1.1.34"
                            ], 
                            "chosenInterpretation": {
                                "base": "odnawia\u0107 si\u0119", 
                                "ctag": "Noun", 
                                "msd": "sg:gen:n:imperf:refl:aff"
                            }, 
                            "id": "words_a5dbaa", 
                            "orth": "odnawiania si\u0119", 
                            "rule": "zwrotno\u015b\u0107 dla gerundi\u00f3w (1)"
                        }, 
                        {
                            "candidateInterpretations": [
                                {
                                    "base": ".", 
                                    "ctag": "Interp", 
                                    "msd": ""
                                }
                            ], 
                            "childIds": [
                                "seg-1.1.35"
                            ], 
                            "chosenInterpretation": {
                                "base": ".", 
                                "ctag": "Interp", 
                                "msd": ""
                            }, 
                            "id": "words_a5dbb6", 
                            "orth": ".", 
                            "rule": "interp -> Interp"
                        }
                    ]
                }
            ], 
            "text": " Zajady atakuj\u0105 zazwyczaj oba k\u0105ciki.  Je\u015bli pojawi\u0105 si\u0119 zajady, to leczenie powinno rozpocz\u0105\u0107 si\u0119 jak najwcze\u015bniej.  Im wcze\u015bniej, tym szybciej mo\u017cna spodziewa\u0107 si\u0119 efektu.  Zajady maj\u0105 zdolno\u015b\u0107 do odnawiania si\u0119."
        }
    ], 
    "summary": "", 
    "textHeader": {
        "distributor": "Multiservice", 
        "id": "", 
        "processingDuration": 1188, 
        "publicationTime": 1553566022608, 
        "retrievedFrom": "", 
        "sourceDescText": "", 
        "title": ""
    }
}