{
    "annotationDetails": {
        "hasMorphosyntaxDisambiguated": true, 
        "hasMorphosyntaxPartiallyDisambiguated": true, 
        "hasSegmentsDisambiguated": true
    }, 
    "annotationHeaders": {
        "0": {
            "distributor": "Pantera", 
            "id": "", 
            "processingDuration": 49, 
            "publicationTime": 1553566222699, 
            "retrievedFrom": "", 
            "sourceDescText": "", 
            "title": ""
        }, 
        "1": {
            "distributor": "Pantera; modified by Spejd", 
            "id": "", 
            "processingDuration": 58, 
            "publicationTime": 1553566222699, 
            "retrievedFrom": "", 
            "sourceDescText": "", 
            "title": ""
        }, 
        "2": {
            "distributor": "Spejd", 
            "id": "", 
            "processingDuration": 9, 
            "publicationTime": 1553566222699, 
            "retrievedFrom": "", 
            "sourceDescText": "", 
            "title": ""
        }, 
        "3": {
            "distributor": "Spejd", 
            "id": "", 
            "processingDuration": 9, 
            "publicationTime": 1553566222699, 
            "retrievedFrom": "", 
            "sourceDescText": "", 
            "title": ""
        }, 
        "4": {
            "distributor": "Nerf", 
            "id": "", 
            "processingDuration": 48, 
            "publicationTime": 1553566222699, 
            "retrievedFrom": "", 
            "sourceDescText": "", 
            "title": ""
        }, 
        "7": {
            "distributor": "MentionDetector", 
            "id": null, 
            "processingDuration": 1, 
            "publicationTime": 1553566222699, 
            "retrievedFrom": null, 
            "sourceDescText": null, 
            "title": null
        }, 
        "8": {
            "distributor": "Bartek", 
            "id": null, 
            "processingDuration": 5, 
            "publicationTime": 1553566222699, 
            "retrievedFrom": null, 
            "sourceDescText": null, 
            "title": null
        }
    }, 
    "coreferences": [
        {
            "dominant": "szczepionka", 
            "id": "c-0", 
            "mentionIds": [
                "m-0"
            ], 
            "sourceMentionId": null, 
            "type": "ident"
        }, 
        {
            "dominant": "wirusowy zapalenie w\u0105troba typ", 
            "id": "c-1", 
            "mentionIds": [
                "m-1"
            ], 
            "sourceMentionId": null, 
            "type": "ident"
        }, 
        {
            "dominant": "skr\u00f3t", 
            "id": "c-2", 
            "mentionIds": [
                "m-2"
            ], 
            "sourceMentionId": null, 
            "type": "ident"
        }, 
        {
            "dominant": "\u017ar\u00f3d\u0142o", 
            "id": "c-3", 
            "mentionIds": [
                "m-3"
            ], 
            "sourceMentionId": null, 
            "type": "ident"
        }, 
        {
            "dominant": "ponad 20 rok", 
            "id": "c-4", 
            "mentionIds": [
                "m-4"
            ], 
            "sourceMentionId": null, 
            "type": "ident"
        }, 
        {
            "dominant": "r\u00f3\u017cny badanie", 
            "id": "c-5", 
            "mentionIds": [
                "m-5"
            ], 
            "sourceMentionId": null, 
            "type": "ident"
        }, 
        {
            "dominant": "ochrona", 
            "id": "c-6", 
            "mentionIds": [
                "m-6"
            ], 
            "sourceMentionId": null, 
            "type": "ident"
        }, 
        {
            "dominant": "cz\u0119\u015b\u0107 szczepi\u0107", 
            "id": "c-7", 
            "mentionIds": [
                "m-7"
            ], 
            "sourceMentionId": null, 
            "type": "ident"
        }
    ], 
    "paragraphs": [
        {
            "id": "p-1", 
            "sentences": [
                {
                    "dependencyParse": [], 
                    "groups": [
                        {
                            "childIds": [
                                "words_a6363b"
                            ], 
                            "id": "groups_a6364a", 
                            "orth": "SZCZEPIONKA", 
                            "rule": "(Qub) + Noun", 
                            "semanticHeadId": "words_a6363b", 
                            "syntacticHeadId": "words_a6363b", 
                            "type": "NG"
                        }, 
                        {
                            "childIds": [
                                "groups_a63647", 
                                "groups_a63655"
                            ], 
                            "id": "groups_a63656", 
                            "orth": "WIRUSOWE ZAPALENIE W\u0104TROBY TYPU", 
                            "rule": "NG3: NG + NG2(gen)", 
                            "semanticHeadId": "words_a6363c", 
                            "syntacticHeadId": "words_a6363c", 
                            "type": "NG3"
                        }, 
                        {
                            "childIds": [
                                "words_a63626", 
                                "words_a6363c"
                            ], 
                            "id": "groups_a63647", 
                            "orth": "WIRUSOWE ZAPALENIE", 
                            "rule": "NGa: (Qub) + Adj + (Qub) + (Adv) + Noun + (Adj)", 
                            "semanticHeadId": "words_a6363c", 
                            "syntacticHeadId": "words_a6363c", 
                            "type": "NGa"
                        }, 
                        {
                            "childIds": [
                                "groups_a6364b", 
                                "groups_a6364c"
                            ], 
                            "id": "groups_a63655", 
                            "orth": "W\u0104TROBY TYPU", 
                            "rule": "NG2: NG + NG(gen) nie przed NG(gen) i nie przed koordynacj\u0105", 
                            "semanticHeadId": "words_a6363d", 
                            "syntacticHeadId": "words_a6363d", 
                            "type": "NG2"
                        }, 
                        {
                            "childIds": [
                                "words_a6363d"
                            ], 
                            "id": "groups_a6364b", 
                            "orth": "W\u0104TROBY", 
                            "rule": "(Qub) + Noun", 
                            "semanticHeadId": "words_a6363d", 
                            "syntacticHeadId": "words_a6363d", 
                            "type": "NG"
                        }, 
                        {
                            "childIds": [
                                "words_a6363e"
                            ], 
                            "id": "groups_a6364c", 
                            "orth": "TYPU", 
                            "rule": "(Qub) + Noun", 
                            "semanticHeadId": "words_a6363e", 
                            "syntacticHeadId": "words_a6363e", 
                            "type": "NG"
                        }, 
                        {
                            "childIds": [
                                "words_a6363a", 
                                "groups_a6364d"
                            ], 
                            "id": "groups_a63657", 
                            "orth": "W skr\u00f3cie", 
                            "rule": "PrepNG: Prep + NG", 
                            "semanticHeadId": "words_a6363f", 
                            "syntacticHeadId": "words_a6363a", 
                            "type": "PrepNG"
                        }, 
                        {
                            "childIds": [
                                "words_a6363f"
                            ], 
                            "id": "groups_a6364d", 
                            "orth": "skr\u00f3cie", 
                            "rule": "(Qub) + Noun", 
                            "semanticHeadId": "words_a6363f", 
                            "syntacticHeadId": "words_a6363f", 
                            "type": "NG"
                        }, 
                        {
                            "childIds": [
                                "words_a63624"
                            ], 
                            "id": "groups_a63651", 
                            "orth": "przyj\u0119tych", 
                            "rule": "(Qub) + Adj", 
                            "semanticHeadId": "words_a63624", 
                            "syntacticHeadId": "words_a63624", 
                            "type": "AdjG"
                        }, 
                        {
                            "childIds": [
                                "words_a63640"
                            ], 
                            "id": "groups_a6364e", 
                            "orth": "\u017ar\u00f3de\u0142", 
                            "rule": "(Qub) + Noun", 
                            "semanticHeadId": "words_a63640", 
                            "syntacticHeadId": "words_a63640", 
                            "type": "NG"
                        }, 
                        {
                            "childIds": [
                                "words_a63636", 
                                "seg-1.1.26", 
                                "words_a63641"
                            ], 
                            "id": "groups_a63646", 
                            "orth": "ponad 20 lat", 
                            "rule": "NGl: (Qub) + (Adj) + liczba cyframi + (Adj) + Noun + (Adj) (zgoda + rz\u0105d)", 
                            "semanticHeadId": "words_a63641", 
                            "syntacticHeadId": "seg-1.1.26", 
                            "type": "NGl"
                        }, 
                        {
                            "childIds": [
                                "words_a63627", 
                                "words_a63642"
                            ], 
                            "id": "groups_a63648", 
                            "orth": "r\u00f3\u017cnych bada\u0144", 
                            "rule": "NGa: (Qub) + Adj + (Qub) + (Adv) + Noun + (Adj)", 
                            "semanticHeadId": "words_a63642", 
                            "syntacticHeadId": "words_a63642", 
                            "type": "NGa"
                        }, 
                        {
                            "childIds": [
                                "words_a63643"
                            ], 
                            "id": "groups_a6364f", 
                            "orth": "ochrona", 
                            "rule": "(Qub) + Noun", 
                            "semanticHeadId": "words_a63643", 
                            "syntacticHeadId": "words_a63643", 
                            "type": "NG"
                        }, 
                        {
                            "childIds": [
                                "words_a63637", 
                                "words_a63628"
                            ], 
                            "id": "groups_a63652", 
                            "orth": "do\u015b\u0107 w\u0105tpliwa", 
                            "rule": "(Qub) + Adj", 
                            "semanticHeadId": "words_a63628", 
                            "syntacticHeadId": "words_a63628", 
                            "type": "AdjG"
                        }, 
                        {
                            "childIds": [
                                "words_a63645"
                            ], 
                            "id": "groups_a63650", 
                            "orth": "kilku", 
                            "rule": "(Qub) + Num", 
                            "semanticHeadId": "words_a63645", 
                            "syntacticHeadId": "words_a63645", 
                            "type": "NumG"
                        }, 
                        {
                            "childIds": [
                                "words_a63629"
                            ], 
                            "id": "groups_a63653", 
                            "orth": "sezonowa", 
                            "rule": "(Qub) + Adj", 
                            "semanticHeadId": "words_a63629", 
                            "syntacticHeadId": "words_a63629", 
                            "type": "AdjG"
                        }, 
                        {
                            "childIds": [
                                "words_a63623"
                            ], 
                            "id": "groups_a63654", 
                            "orth": "dotycz\u0105ca", 
                            "rule": "(Qub) + Adj", 
                            "semanticHeadId": "words_a63623", 
                            "syntacticHeadId": "words_a63623", 
                            "type": "AdjG"
                        }, 
                        {
                            "childIds": [
                                "words_a63644", 
                                "words_a63625"
                            ], 
                            "id": "groups_a63649", 
                            "orth": "cz\u0119\u015bci szczepionych", 
                            "rule": "NGa: Noun + (Adv) + n*Adj Gen", 
                            "semanticHeadId": "words_a63644", 
                            "syntacticHeadId": "words_a63644", 
                            "type": "NGa"
                        }
                    ], 
                    "id": "s-1.1", 
                    "mentions": [
                        {
                            "childIds": [
                                "seg-1.1.3"
                            ], 
                            "headIds": [
                                "seg-1.1.3"
                            ], 
                            "id": "m-0", 
                            "zeroSubject": false
                        }, 
                        {
                            "childIds": [
                                "seg-1.1.7", 
                                "seg-1.1.8", 
                                "seg-1.1.9", 
                                "seg-1.1.10"
                            ], 
                            "headIds": [
                                "seg-1.1.8"
                            ], 
                            "id": "m-1", 
                            "zeroSubject": false
                        }, 
                        {
                            "childIds": [
                                "seg-1.1.17"
                            ], 
                            "headIds": [
                                "seg-1.1.17"
                            ], 
                            "id": "m-2", 
                            "zeroSubject": false
                        }, 
                        {
                            "childIds": [
                                "seg-1.1.23"
                            ], 
                            "headIds": [
                                "seg-1.1.23"
                            ], 
                            "id": "m-3", 
                            "zeroSubject": false
                        }, 
                        {
                            "childIds": [
                                "seg-1.1.25", 
                                "seg-1.1.26", 
                                "seg-1.1.27"
                            ], 
                            "headIds": [
                                "seg-1.1.27"
                            ], 
                            "id": "m-4", 
                            "zeroSubject": false
                        }, 
                        {
                            "childIds": [
                                "seg-1.1.31", 
                                "seg-1.1.32"
                            ], 
                            "headIds": [
                                "seg-1.1.32"
                            ], 
                            "id": "m-5", 
                            "zeroSubject": false
                        }, 
                        {
                            "childIds": [
                                "seg-1.1.33"
                            ], 
                            "headIds": [
                                "seg-1.1.33"
                            ], 
                            "id": "m-6", 
                            "zeroSubject": false
                        }, 
                        {
                            "childIds": [
                                "seg-1.1.41", 
                                "seg-1.1.42"
                            ], 
                            "headIds": [
                                "seg-1.1.41"
                            ], 
                            "id": "m-7", 
                            "zeroSubject": false
                        }
                    ], 
                    "names": [
                        {
                            "base": "", 
                            "childIds": [
                                "seg-1.1.13"
                            ], 
                            "id": "ne.s-1.1.0", 
                            "orth": "WZW", 
                            "subtype": "", 
                            "type": "orgName"
                        }
                    ], 
                    "rejectedTokens": [], 
                    "sentimentTags": [], 
                    "tokens": [
                        {
                            "candidateInterpretations": [
                                {
                                    "base": "\ufeffJAK", 
                                    "ctag": "ign", 
                                    "msd": ""
                                }
                            ], 
                            "chosenInterpretation": {
                                "base": "\ufeffJAK", 
                                "ctag": "ign", 
                                "msd": ""
                            }, 
                            "id": "seg-1.1.0", 
                            "interpretations": [
                                {
                                    "base": "\ufeffJAK", 
                                    "ctag": "ign", 
                                    "msd": ""
                                }
                            ], 
                            "noPrecedingSpace": false, 
                            "offset": 2, 
                            "orth": "\ufeffJAK"
                        }, 
                        {
                            "candidateInterpretations": [
                                {
                                    "base": "d\u0142ugo", 
                                    "ctag": "adv", 
                                    "msd": "pos"
                                }
                            ], 
                            "chosenInterpretation": {
                                "base": "d\u0142ugo", 
                                "ctag": "adv", 
                                "msd": "pos"
                            }, 
                            "id": "seg-1.1.1", 
                            "interpretations": [
                                {
                                    "base": "d\u0142ugo", 
                                    "ctag": "adv", 
                                    "msd": "pos"
                                }
                            ], 
                            "noPrecedingSpace": false, 
                            "offset": 7, 
                            "orth": "D\u0141UGO"
                        }, 
                        {
                            "candidateInterpretations": [
                                {
                                    "base": "dzia\u0142a\u0107", 
                                    "ctag": "fin", 
                                    "msd": "sg:ter:imperf"
                                }
                            ], 
                            "chosenInterpretation": {
                                "base": "dzia\u0142a\u0107", 
                                "ctag": "fin", 
                                "msd": "sg:ter:imperf"
                            }, 
                            "id": "seg-1.1.2", 
                            "interpretations": [
                                {
                                    "base": "dzia\u0142a\u0107", 
                                    "ctag": "fin", 
                                    "msd": "sg:ter:imperf"
                                }
                            ], 
                            "noPrecedingSpace": false, 
                            "offset": 13, 
                            "orth": "DZIA\u0141A"
                        }, 
                        {
                            "candidateInterpretations": [
                                {
                                    "base": "szczepionka", 
                                    "ctag": "subst", 
                                    "msd": "sg:nom:f"
                                }
                            ], 
                            "chosenInterpretation": {
                                "base": "szczepionka", 
                                "ctag": "subst", 
                                "msd": "sg:nom:f"
                            }, 
                            "id": "seg-1.1.3", 
                            "interpretations": [
                                {
                                    "base": "szczepionka", 
                                    "ctag": "subst", 
                                    "msd": "sg:nom:f"
                                }
                            ], 
                            "noPrecedingSpace": false, 
                            "offset": 20, 
                            "orth": "SZCZEPIONKA"
                        }, 
                        {
                            "candidateInterpretations": [
                                {
                                    "base": "przeciwko", 
                                    "ctag": "prep", 
                                    "msd": "dat"
                                }
                            ], 
                            "chosenInterpretation": {
                                "base": "przeciwko", 
                                "ctag": "prep", 
                                "msd": "dat"
                            }, 
                            "id": "seg-1.1.4", 
                            "interpretations": [
                                {
                                    "base": "przeciwko", 
                                    "ctag": "prep", 
                                    "msd": "dat"
                                }
                            ], 
                            "noPrecedingSpace": false, 
                            "offset": 32, 
                            "orth": "PRZECIWKO"
                        }, 
                        {
                            "candidateInterpretations": [
                                {
                                    "base": "WZW-B", 
                                    "ctag": "ign", 
                                    "msd": ""
                                }
                            ], 
                            "chosenInterpretation": {
                                "base": "WZW-B", 
                                "ctag": "ign", 
                                "msd": ""
                            }, 
                            "id": "seg-1.1.5", 
                            "interpretations": [
                                {
                                    "base": "WZW-B", 
                                    "ctag": "ign", 
                                    "msd": ""
                                }
                            ], 
                            "noPrecedingSpace": false, 
                            "offset": 42, 
                            "orth": "WZW-B"
                        }, 
                        {
                            "candidateInterpretations": [
                                {
                                    "base": "?", 
                                    "ctag": "interp", 
                                    "msd": ""
                                }
                            ], 
                            "chosenInterpretation": {
                                "base": "?", 
                                "ctag": "interp", 
                                "msd": ""
                            }, 
                            "id": "seg-1.1.6", 
                            "interpretations": [
                                {
                                    "base": "?", 
                                    "ctag": "interp", 
                                    "msd": ""
                                }
                            ], 
                            "noPrecedingSpace": true, 
                            "offset": 47, 
                            "orth": "?"
                        }, 
                        {
                            "candidateInterpretations": [
                                {
                                    "base": "wirusowy", 
                                    "ctag": "adj", 
                                    "msd": "sg:nom:n:pos"
                                }
                            ], 
                            "chosenInterpretation": {
                                "base": "wirusowy", 
                                "ctag": "adj", 
                                "msd": "sg:nom:n:pos"
                            }, 
                            "id": "seg-1.1.7", 
                            "interpretations": [
                                {
                                    "base": "wirusowy", 
                                    "ctag": "adj", 
                                    "msd": "sg:nom:n:pos"
                                }
                            ], 
                            "noPrecedingSpace": false, 
                            "offset": 49, 
                            "orth": "WIRUSOWE"
                        }, 
                        {
                            "candidateInterpretations": [
                                {
                                    "base": "zapalenie", 
                                    "ctag": "subst", 
                                    "msd": "sg:nom:n"
                                }
                            ], 
                            "chosenInterpretation": {
                                "base": "zapalenie", 
                                "ctag": "subst", 
                                "msd": "sg:nom:n"
                            }, 
                            "id": "seg-1.1.8", 
                            "interpretations": [
                                {
                                    "base": "zapalenie", 
                                    "ctag": "subst", 
                                    "msd": "sg:nom:n"
                                }
                            ], 
                            "noPrecedingSpace": false, 
                            "offset": 58, 
                            "orth": "ZAPALENIE"
                        }, 
                        {
                            "candidateInterpretations": [
                                {
                                    "base": "w\u0105troba", 
                                    "ctag": "subst", 
                                    "msd": "sg:gen:f"
                                }
                            ], 
                            "chosenInterpretation": {
                                "base": "w\u0105troba", 
                                "ctag": "subst", 
                                "msd": "sg:gen:f"
                            }, 
                            "id": "seg-1.1.9", 
                            "interpretations": [
                                {
                                    "base": "w\u0105troba", 
                                    "ctag": "subst", 
                                    "msd": "sg:gen:f"
                                }
                            ], 
                            "noPrecedingSpace": false, 
                            "offset": 68, 
                            "orth": "W\u0104TROBY"
                        }, 
                        {
                            "candidateInterpretations": [
                                {
                                    "base": "typ", 
                                    "ctag": "subst", 
                                    "msd": "sg:gen:m3"
                                }
                            ], 
                            "chosenInterpretation": {
                                "base": "typ", 
                                "ctag": "subst", 
                                "msd": "sg:gen:m3"
                            }, 
                            "id": "seg-1.1.10", 
                            "interpretations": [
                                {
                                    "base": "typ", 
                                    "ctag": "subst", 
                                    "msd": "sg:gen:m3"
                                }
                            ], 
                            "noPrecedingSpace": false, 
                            "offset": 76, 
                            "orth": "TYPU"
                        }, 
                        {
                            "candidateInterpretations": [
                                {
                                    "base": "B", 
                                    "ctag": "brev", 
                                    "msd": "pun"
                                }
                            ], 
                            "chosenInterpretation": {
                                "base": "B", 
                                "ctag": "brev", 
                                "msd": "pun"
                            }, 
                            "id": "seg-1.1.11", 
                            "interpretations": [
                                {
                                    "base": "B", 
                                    "ctag": "brev", 
                                    "msd": "pun"
                                }
                            ], 
                            "noPrecedingSpace": false, 
                            "offset": 81, 
                            "orth": "B"
                        }, 
                        {
                            "candidateInterpretations": [
                                {
                                    "base": "(", 
                                    "ctag": "interp", 
                                    "msd": ""
                                }
                            ], 
                            "chosenInterpretation": {
                                "base": "(", 
                                "ctag": "interp", 
                                "msd": ""
                            }, 
                            "id": "seg-1.1.12", 
                            "interpretations": [
                                {
                                    "base": "(", 
                                    "ctag": "interp", 
                                    "msd": ""
                                }
                            ], 
                            "noPrecedingSpace": false, 
                            "offset": 83, 
                            "orth": "("
                        }, 
                        {
                            "candidateInterpretations": [
                                {
                                    "base": "WZW", 
                                    "ctag": "ign", 
                                    "msd": ""
                                }
                            ], 
                            "chosenInterpretation": {
                                "base": "WZW", 
                                "ctag": "ign", 
                                "msd": ""
                            }, 
                            "id": "seg-1.1.13", 
                            "interpretations": [
                                {
                                    "base": "WZW", 
                                    "ctag": "ign", 
                                    "msd": ""
                                }
                            ], 
                            "noPrecedingSpace": true, 
                            "offset": 84, 
                            "orth": "WZW"
                        }, 
                        {
                            "candidateInterpretations": [
                                {
                                    "base": "B", 
                                    "ctag": "brev", 
                                    "msd": "pun"
                                }
                            ], 
                            "chosenInterpretation": {
                                "base": "B", 
                                "ctag": "brev", 
                                "msd": "pun"
                            }, 
                            "id": "seg-1.1.14", 
                            "interpretations": [
                                {
                                    "base": "B", 
                                    "ctag": "brev", 
                                    "msd": "pun"
                                }
                            ], 
                            "noPrecedingSpace": false, 
                            "offset": 88, 
                            "orth": "B"
                        }, 
                        {
                            "candidateInterpretations": [
                                {
                                    "base": ")", 
                                    "ctag": "interp", 
                                    "msd": ""
                                }
                            ], 
                            "chosenInterpretation": {
                                "base": ")", 
                                "ctag": "interp", 
                                "msd": ""
                            }, 
                            "id": "seg-1.1.15", 
                            "interpretations": [
                                {
                                    "base": ")", 
                                    "ctag": "interp", 
                                    "msd": ""
                                }
                            ], 
                            "noPrecedingSpace": true, 
                            "offset": 89, 
                            "orth": ")"
                        }, 
                        {
                            "candidateInterpretations": [
                                {
                                    "base": "w", 
                                    "ctag": "prep", 
                                    "msd": "loc:nwok"
                                }
                            ], 
                            "chosenInterpretation": {
                                "base": "w", 
                                "ctag": "prep", 
                                "msd": "loc:nwok"
                            }, 
                            "id": "seg-1.1.16", 
                            "interpretations": [
                                {
                                    "base": "w", 
                                    "ctag": "prep", 
                                    "msd": "loc:nwok"
                                }
                            ], 
                            "noPrecedingSpace": false, 
                            "offset": 92, 
                            "orth": "W"
                        }, 
                        {
                            "candidateInterpretations": [
                                {
                                    "base": "skr\u00f3t", 
                                    "ctag": "subst", 
                                    "msd": "sg:loc:m3"
                                }
                            ], 
                            "chosenInterpretation": {
                                "base": "skr\u00f3t", 
                                "ctag": "subst", 
                                "msd": "sg:loc:m3"
                            }, 
                            "id": "seg-1.1.17", 
                            "interpretations": [
                                {
                                    "base": "skr\u00f3t", 
                                    "ctag": "subst", 
                                    "msd": "sg:loc:m3"
                                }
                            ], 
                            "noPrecedingSpace": false, 
                            "offset": 94, 
                            "orth": "skr\u00f3cie"
                        }, 
                        {
                            "candidateInterpretations": [
                                {
                                    "base": ":", 
                                    "ctag": "interp", 
                                    "msd": ""
                                }
                            ], 
                            "chosenInterpretation": {
                                "base": ":", 
                                "ctag": "interp", 
                                "msd": ""
                            }, 
                            "id": "seg-1.1.18", 
                            "interpretations": [
                                {
                                    "base": ":", 
                                    "ctag": "interp", 
                                    "msd": ""
                                }
                            ], 
                            "noPrecedingSpace": true, 
                            "offset": 101, 
                            "orth": ":"
                        }, 
                        {
                            "candidateInterpretations": [
                                {
                                    "base": "Wg", 
                                    "ctag": "ign", 
                                    "msd": ""
                                }
                            ], 
                            "chosenInterpretation": {
                                "base": "Wg", 
                                "ctag": "ign", 
                                "msd": ""
                            }, 
                            "id": "seg-1.1.19", 
                            "interpretations": [
                                {
                                    "base": "Wg", 
                                    "ctag": "ign", 
                                    "msd": ""
                                }
                            ], 
                            "noPrecedingSpace": false, 
                            "offset": 103, 
                            "orth": "Wg"
                        }, 
                        {
                            "candidateInterpretations": [
                                {
                                    "base": ".", 
                                    "ctag": "interp", 
                                    "msd": ""
                                }
                            ], 
                            "chosenInterpretation": {
                                "base": ".", 
                                "ctag": "interp", 
                                "msd": ""
                            }, 
                            "id": "seg-1.1.20", 
                            "interpretations": [
                                {
                                    "base": ".", 
                                    "ctag": "interp", 
                                    "msd": ""
                                }
                            ], 
                            "noPrecedingSpace": true, 
                            "offset": 105, 
                            "orth": "."
                        }, 
                        {
                            "candidateInterpretations": [
                                {
                                    "base": "przyj\u0105\u0107", 
                                    "ctag": "ppas", 
                                    "msd": "pl:gen:f:perf:aff"
                                }
                            ], 
                            "chosenInterpretation": {
                                "base": "przyj\u0105\u0107", 
                                "ctag": "ppas", 
                                "msd": "pl:gen:f:perf:aff"
                            }, 
                            "id": "seg-1.1.21", 
                            "interpretations": [
                                {
                                    "base": "przyj\u0105\u0107", 
                                    "ctag": "ppas", 
                                    "msd": "pl:gen:f:perf:aff"
                                }
                            ], 
                            "noPrecedingSpace": false, 
                            "offset": 107, 
                            "orth": "przyj\u0119tych"
                        }, 
                        {
                            "candidateInterpretations": [
                                {
                                    "base": "obecnie", 
                                    "ctag": "adv", 
                                    "msd": "pos"
                                }
                            ], 
                            "chosenInterpretation": {
                                "base": "obecnie", 
                                "ctag": "adv", 
                                "msd": "pos"
                            }, 
                            "id": "seg-1.1.22", 
                            "interpretations": [
                                {
                                    "base": "obecnie", 
                                    "ctag": "adv", 
                                    "msd": "pos"
                                }
                            ], 
                            "noPrecedingSpace": false, 
                            "offset": 118, 
                            "orth": "obecnie"
                        }, 
                        {
                            "candidateInterpretations": [
                                {
                                    "base": "\u017ar\u00f3d\u0142o", 
                                    "ctag": "subst", 
                                    "msd": "pl:gen:n"
                                }
                            ], 
                            "chosenInterpretation": {
                                "base": "\u017ar\u00f3d\u0142o", 
                                "ctag": "subst", 
                                "msd": "pl:gen:n"
                            }, 
                            "id": "seg-1.1.23", 
                            "interpretations": [
                                {
                                    "base": "\u017ar\u00f3d\u0142o", 
                                    "ctag": "subst", 
                                    "msd": "pl:gen:n"
                                }
                            ], 
                            "noPrecedingSpace": false, 
                            "offset": 126, 
                            "orth": "\u017ar\u00f3de\u0142"
                        }, 
                        {
                            "candidateInterpretations": [
                                {
                                    "base": "nawet", 
                                    "ctag": "qub", 
                                    "msd": ""
                                }
                            ], 
                            "chosenInterpretation": {
                                "base": "nawet", 
                                "ctag": "qub", 
                                "msd": ""
                            }, 
                            "id": "seg-1.1.24", 
                            "interpretations": [
                                {
                                    "base": "nawet", 
                                    "ctag": "qub", 
                                    "msd": ""
                                }
                            ], 
                            "noPrecedingSpace": false, 
                            "offset": 133, 
                            "orth": "nawet"
                        }, 
                        {
                            "candidateInterpretations": [
                                {
                                    "base": "ponad", 
                                    "ctag": "qub", 
                                    "msd": ""
                                }
                            ], 
                            "chosenInterpretation": {
                                "base": "ponad", 
                                "ctag": "qub", 
                                "msd": ""
                            }, 
                            "id": "seg-1.1.25", 
                            "interpretations": [
                                {
                                    "base": "ponad", 
                                    "ctag": "qub", 
                                    "msd": ""
                                }
                            ], 
                            "noPrecedingSpace": false, 
                            "offset": 139, 
                            "orth": "ponad"
                        }, 
                        {
                            "candidateInterpretations": [
                                {
                                    "base": "20", 
                                    "ctag": "ign", 
                                    "msd": ""
                                }
                            ], 
                            "chosenInterpretation": {
                                "base": "20", 
                                "ctag": "ign", 
                                "msd": ""
                            }, 
                            "id": "seg-1.1.26", 
                            "interpretations": [
                                {
                                    "base": "20", 
                                    "ctag": "ign", 
                                    "msd": ""
                                }
                            ], 
                            "noPrecedingSpace": false, 
                            "offset": 145, 
                            "orth": "20"
                        }, 
                        {
                            "candidateInterpretations": [
                                {
                                    "base": "rok", 
                                    "ctag": "subst", 
                                    "msd": "pl:gen:m3"
                                }
                            ], 
                            "chosenInterpretation": {
                                "base": "rok", 
                                "ctag": "subst", 
                                "msd": "pl:gen:m3"
                            }, 
                            "id": "seg-1.1.27", 
                            "interpretations": [
                                {
                                    "base": "rok", 
                                    "ctag": "subst", 
                                    "msd": "pl:gen:m3"
                                }
                            ], 
                            "noPrecedingSpace": false, 
                            "offset": 148, 
                            "orth": "lat"
                        }, 
                        {
                            "candidateInterpretations": [
                                {
                                    "base": ".", 
                                    "ctag": "interp", 
                                    "msd": ""
                                }
                            ], 
                            "chosenInterpretation": {
                                "base": ".", 
                                "ctag": "interp", 
                                "msd": ""
                            }, 
                            "id": "seg-1.1.28", 
                            "interpretations": [
                                {
                                    "base": ".", 
                                    "ctag": "interp", 
                                    "msd": ""
                                }
                            ], 
                            "noPrecedingSpace": true, 
                            "offset": 151, 
                            "orth": "."
                        }, 
                        {
                            "candidateInterpretations": [
                                {
                                    "base": "Wg", 
                                    "ctag": "ign", 
                                    "msd": ""
                                }
                            ], 
                            "chosenInterpretation": {
                                "base": "Wg", 
                                "ctag": "ign", 
                                "msd": ""
                            }, 
                            "id": "seg-1.1.29", 
                            "interpretations": [
                                {
                                    "base": "Wg", 
                                    "ctag": "ign", 
                                    "msd": ""
                                }
                            ], 
                            "noPrecedingSpace": false, 
                            "offset": 154, 
                            "orth": "Wg"
                        }, 
                        {
                            "candidateInterpretations": [
                                {
                                    "base": ".", 
                                    "ctag": "interp", 
                                    "msd": ""
                                }
                            ], 
                            "chosenInterpretation": {
                                "base": ".", 
                                "ctag": "interp", 
                                "msd": ""
                            }, 
                            "id": "seg-1.1.30", 
                            "interpretations": [
                                {
                                    "base": ".", 
                                    "ctag": "interp", 
                                    "msd": ""
                                }
                            ], 
                            "noPrecedingSpace": true, 
                            "offset": 156, 
                            "orth": "."
                        }, 
                        {
                            "candidateInterpretations": [
                                {
                                    "base": "r\u00f3\u017cny", 
                                    "ctag": "adj", 
                                    "msd": "pl:gen:n:pos"
                                }
                            ], 
                            "chosenInterpretation": {
                                "base": "r\u00f3\u017cny", 
                                "ctag": "adj", 
                                "msd": "pl:gen:n:pos"
                            }, 
                            "id": "seg-1.1.31", 
                            "interpretations": [
                                {
                                    "base": "r\u00f3\u017cny", 
                                    "ctag": "adj", 
                                    "msd": "pl:gen:n:pos"
                                }
                            ], 
                            "noPrecedingSpace": false, 
                            "offset": 158, 
                            "orth": "r\u00f3\u017cnych"
                        }, 
                        {
                            "candidateInterpretations": [
                                {
                                    "base": "badanie", 
                                    "ctag": "subst", 
                                    "msd": "pl:gen:n"
                                }
                            ], 
                            "chosenInterpretation": {
                                "base": "badanie", 
                                "ctag": "subst", 
                                "msd": "pl:gen:n"
                            }, 
                            "id": "seg-1.1.32", 
                            "interpretations": [
                                {
                                    "base": "badanie", 
                                    "ctag": "subst", 
                                    "msd": "pl:gen:n"
                                }
                            ], 
                            "noPrecedingSpace": false, 
                            "offset": 166, 
                            "orth": "bada\u0144"
                        }, 
                        {
                            "candidateInterpretations": [
                                {
                                    "base": "ochrona", 
                                    "ctag": "subst", 
                                    "msd": "sg:nom:f"
                                }
                            ], 
                            "chosenInterpretation": {
                                "base": "ochrona", 
                                "ctag": "subst", 
                                "msd": "sg:nom:f"
                            }, 
                            "id": "seg-1.1.33", 
                            "interpretations": [
                                {
                                    "base": "ochrona", 
                                    "ctag": "subst", 
                                    "msd": "sg:nom:f"
                                }
                            ], 
                            "noPrecedingSpace": false, 
                            "offset": 172, 
                            "orth": "ochrona"
                        }, 
                        {
                            "candidateInterpretations": [
                                {
                                    "base": "do\u015b\u0107", 
                                    "ctag": "qub", 
                                    "msd": ""
                                }
                            ], 
                            "chosenInterpretation": {
                                "base": "do\u015b\u0107", 
                                "ctag": "qub", 
                                "msd": ""
                            }, 
                            "id": "seg-1.1.34", 
                            "interpretations": [
                                {
                                    "base": "do\u015b\u0107", 
                                    "ctag": "qub", 
                                    "msd": ""
                                }
                            ], 
                            "noPrecedingSpace": false, 
                            "offset": 180, 
                            "orth": "do\u015b\u0107"
                        }, 
                        {
                            "candidateInterpretations": [
                                {
                                    "base": "w\u0105tpliwy", 
                                    "ctag": "adj", 
                                    "msd": "sg:nom:f:pos"
                                }
                            ], 
                            "chosenInterpretation": {
                                "base": "w\u0105tpliwy", 
                                "ctag": "adj", 
                                "msd": "sg:nom:f:pos"
                            }, 
                            "id": "seg-1.1.35", 
                            "interpretations": [
                                {
                                    "base": "w\u0105tpliwy", 
                                    "ctag": "adj", 
                                    "msd": "sg:nom:f:pos"
                                }
                            ], 
                            "noPrecedingSpace": false, 
                            "offset": 185, 
                            "orth": "w\u0105tpliwa"
                        }, 
                        {
                            "candidateInterpretations": [
                                {
                                    "base": ",", 
                                    "ctag": "interp", 
                                    "msd": ""
                                }
                            ], 
                            "chosenInterpretation": {
                                "base": ",", 
                                "ctag": "interp", 
                                "msd": ""
                            }, 
                            "id": "seg-1.1.36", 
                            "interpretations": [
                                {
                                    "base": ",", 
                                    "ctag": "interp", 
                                    "msd": ""
                                }
                            ], 
                            "noPrecedingSpace": true, 
                            "offset": 193, 
                            "orth": ","
                        }, 
                        {
                            "candidateInterpretations": [
                                {
                                    "base": "kilka", 
                                    "ctag": "num", 
                                    "msd": "pl:nom:m1:rec"
                                }
                            ], 
                            "chosenInterpretation": {
                                "base": "kilka", 
                                "ctag": "num", 
                                "msd": "pl:nom:m1:rec"
                            }, 
                            "id": "seg-1.1.37", 
                            "interpretations": [
                                {
                                    "base": "kilka", 
                                    "ctag": "num", 
                                    "msd": "pl:nom:m1:rec"
                                }
                            ], 
                            "noPrecedingSpace": false, 
                            "offset": 195, 
                            "orth": "kilku"
                        }, 
                        {
                            "candidateInterpretations": [
                                {
                                    "base": "sezonowy", 
                                    "ctag": "adj", 
                                    "msd": "sg:nom:f:pos"
                                }
                            ], 
                            "chosenInterpretation": {
                                "base": "sezonowy", 
                                "ctag": "adj", 
                                "msd": "sg:nom:f:pos"
                            }, 
                            "id": "seg-1.1.38", 
                            "interpretations": [
                                {
                                    "base": "sezonowy", 
                                    "ctag": "adj", 
                                    "msd": "sg:nom:f:pos"
                                }
                            ], 
                            "noPrecedingSpace": false, 
                            "offset": 201, 
                            "orth": "sezonowa"
                        }, 
                        {
                            "candidateInterpretations": [
                                {
                                    "base": "dotyczy\u0107", 
                                    "ctag": "pact", 
                                    "msd": "sg:nom:f:imperf:aff"
                                }
                            ], 
                            "chosenInterpretation": {
                                "base": "dotyczy\u0107", 
                                "ctag": "pact", 
                                "msd": "sg:nom:f:imperf:aff"
                            }, 
                            "id": "seg-1.1.39", 
                            "interpretations": [
                                {
                                    "base": "dotyczy\u0107", 
                                    "ctag": "pact", 
                                    "msd": "sg:nom:f:imperf:aff"
                                }
                            ], 
                            "noPrecedingSpace": false, 
                            "offset": 210, 
                            "orth": "dotycz\u0105ca"
                        }, 
                        {
                            "candidateInterpretations": [
                                {
                                    "base": "tylko", 
                                    "ctag": "qub", 
                                    "msd": ""
                                }
                            ], 
                            "chosenInterpretation": {
                                "base": "tylko", 
                                "ctag": "qub", 
                                "msd": ""
                            }, 
                            "id": "seg-1.1.40", 
                            "interpretations": [
                                {
                                    "base": "tylko", 
                                    "ctag": "qub", 
                                    "msd": ""
                                }
                            ], 
                            "noPrecedingSpace": false, 
                            "offset": 220, 
                            "orth": "tylko"
                        }, 
                        {
                            "candidateInterpretations": [
                                {
                                    "base": "cz\u0119\u015b\u0107", 
                                    "ctag": "subst", 
                                    "msd": "pl:gen:f"
                                }
                            ], 
                            "chosenInterpretation": {
                                "base": "cz\u0119\u015b\u0107", 
                                "ctag": "subst", 
                                "msd": "pl:gen:f"
                            }, 
                            "id": "seg-1.1.41", 
                            "interpretations": [
                                {
                                    "base": "cz\u0119\u015b\u0107", 
                                    "ctag": "subst", 
                                    "msd": "pl:gen:f"
                                }
                            ], 
                            "noPrecedingSpace": false, 
                            "offset": 226, 
                            "orth": "cz\u0119\u015bci"
                        }, 
                        {
                            "candidateInterpretations": [
                                {
                                    "base": "szczepi\u0107", 
                                    "ctag": "ppas", 
                                    "msd": "pl:gen:f:imperf:aff"
                                }
                            ], 
                            "chosenInterpretation": {
                                "base": "szczepi\u0107", 
                                "ctag": "ppas", 
                                "msd": "pl:gen:f:imperf:aff"
                            }, 
                            "id": "seg-1.1.42", 
                            "interpretations": [
                                {
                                    "base": "szczepi\u0107", 
                                    "ctag": "ppas", 
                                    "msd": "pl:gen:f:imperf:aff"
                                }
                            ], 
                            "noPrecedingSpace": false, 
                            "offset": 233, 
                            "orth": "szczepionych"
                        }, 
                        {
                            "candidateInterpretations": [
                                {
                                    "base": ".", 
                                    "ctag": "interp", 
                                    "msd": ""
                                }
                            ], 
                            "chosenInterpretation": {
                                "base": ".", 
                                "ctag": "interp", 
                                "msd": ""
                            }, 
                            "id": "seg-1.1.43", 
                            "interpretations": [
                                {
                                    "base": ".", 
                                    "ctag": "interp", 
                                    "msd": ""
                                }
                            ], 
                            "noPrecedingSpace": true, 
                            "offset": 245, 
                            "orth": "."
                        }
                    ], 
                    "words": [
                        {
                            "candidateInterpretations": [
                                {
                                    "base": "d\u0142ugo", 
                                    "ctag": "Adv", 
                                    "msd": "pos"
                                }
                            ], 
                            "childIds": [
                                "seg-1.1.1"
                            ], 
                            "chosenInterpretation": {
                                "base": "d\u0142ugo", 
                                "ctag": "Adv", 
                                "msd": "pos"
                            }, 
                            "id": "words_a6362a", 
                            "orth": "D\u0141UGO", 
                            "rule": "adv -> Adv"
                        }, 
                        {
                            "candidateInterpretations": [
                                {
                                    "base": "dzia\u0142a\u0107", 
                                    "ctag": "Verbfin", 
                                    "msd": "sg:ter:pres:ind:imperf:nrefl:aff"
                                }
                            ], 
                            "childIds": [
                                "seg-1.1.2"
                            ], 
                            "chosenInterpretation": {
                                "base": "dzia\u0142a\u0107", 
                                "ctag": "Verbfin", 
                                "msd": "sg:ter:pres:ind:imperf:nrefl:aff"
                            }, 
                            "id": "words_a63622", 
                            "orth": "DZIA\u0141A", 
                            "rule": "fin imperf -> Verbfin"
                        }, 
                        {
                            "candidateInterpretations": [
                                {
                                    "base": "szczepionka", 
                                    "ctag": "Noun", 
                                    "msd": "sg:nom:f"
                                }
                            ], 
                            "childIds": [
                                "seg-1.1.3"
                            ], 
                            "chosenInterpretation": {
                                "base": "szczepionka", 
                                "ctag": "Noun", 
                                "msd": "sg:nom:f"
                            }, 
                            "id": "words_a6363b", 
                            "orth": "SZCZEPIONKA", 
                            "rule": "subst|depr|ger -> Noun"
                        }, 
                        {
                            "candidateInterpretations": [
                                {
                                    "base": "przeciwko", 
                                    "ctag": "Prep", 
                                    "msd": "dat"
                                }
                            ], 
                            "childIds": [
                                "seg-1.1.4"
                            ], 
                            "chosenInterpretation": {
                                "base": "przeciwko", 
                                "ctag": "Prep", 
                                "msd": "dat"
                            }, 
                            "id": "words_a63639", 
                            "orth": "PRZECIWKO", 
                            "rule": "prep -> Prep"
                        }, 
                        {
                            "candidateInterpretations": [
                                {
                                    "base": "?", 
                                    "ctag": "Interp", 
                                    "msd": ""
                                }
                            ], 
                            "childIds": [
                                "seg-1.1.6"
                            ], 
                            "chosenInterpretation": {
                                "base": "?", 
                                "ctag": "Interp", 
                                "msd": ""
                            }, 
                            "id": "words_a6362c", 
                            "orth": "?", 
                            "rule": "interp -> Interp"
                        }, 
                        {
                            "candidateInterpretations": [
                                {
                                    "base": "wirusowy", 
                                    "ctag": "Adj", 
                                    "msd": "sg:nom:n:pos"
                                }
                            ], 
                            "childIds": [
                                "seg-1.1.7"
                            ], 
                            "chosenInterpretation": {
                                "base": "wirusowy", 
                                "ctag": "Adj", 
                                "msd": "sg:nom:n:pos"
                            }, 
                            "id": "words_a63626", 
                            "orth": "WIRUSOWE", 
                            "rule": "adj -> Adj"
                        }, 
                        {
                            "candidateInterpretations": [
                                {
                                    "base": "zapalenie", 
                                    "ctag": "Noun", 
                                    "msd": "sg:nom:n"
                                }
                            ], 
                            "childIds": [
                                "seg-1.1.8"
                            ], 
                            "chosenInterpretation": {
                                "base": "zapalenie", 
                                "ctag": "Noun", 
                                "msd": "sg:nom:n"
                            }, 
                            "id": "words_a6363c", 
                            "orth": "ZAPALENIE", 
                            "rule": "subst|depr|ger -> Noun"
                        }, 
                        {
                            "candidateInterpretations": [
                                {
                                    "base": "w\u0105troba", 
                                    "ctag": "Noun", 
                                    "msd": "sg:gen:f"
                                }
                            ], 
                            "childIds": [
                                "seg-1.1.9"
                            ], 
                            "chosenInterpretation": {
                                "base": "w\u0105troba", 
                                "ctag": "Noun", 
                                "msd": "sg:gen:f"
                            }, 
                            "id": "words_a6363d", 
                            "orth": "W\u0104TROBY", 
                            "rule": "subst|depr|ger -> Noun"
                        }, 
                        {
                            "candidateInterpretations": [
                                {
                                    "base": "typ", 
                                    "ctag": "Noun", 
                                    "msd": "sg:gen:m3"
                                }
                            ], 
                            "childIds": [
                                "seg-1.1.10"
                            ], 
                            "chosenInterpretation": {
                                "base": "typ", 
                                "ctag": "Noun", 
                                "msd": "sg:gen:m3"
                            }, 
                            "id": "words_a6363e", 
                            "orth": "TYPU", 
                            "rule": "subst|depr|ger -> Noun"
                        }, 
                        {
                            "candidateInterpretations": [
                                {
                                    "base": "(", 
                                    "ctag": "Interp", 
                                    "msd": ""
                                }
                            ], 
                            "childIds": [
                                "seg-1.1.12"
                            ], 
                            "chosenInterpretation": {
                                "base": "(", 
                                "ctag": "Interp", 
                                "msd": ""
                            }, 
                            "id": "words_a6362d", 
                            "orth": "(", 
                            "rule": "interp -> Interp"
                        }, 
                        {
                            "candidateInterpretations": [
                                {
                                    "base": ")", 
                                    "ctag": "Interp", 
                                    "msd": ""
                                }
                            ], 
                            "childIds": [
                                "seg-1.1.15"
                            ], 
                            "chosenInterpretation": {
                                "base": ")", 
                                "ctag": "Interp", 
                                "msd": ""
                            }, 
                            "id": "words_a6362e", 
                            "orth": ")", 
                            "rule": "interp -> Interp"
                        }, 
                        {
                            "candidateInterpretations": [
                                {
                                    "base": "w", 
                                    "ctag": "Prep", 
                                    "msd": "loc:nwok"
                                }
                            ], 
                            "childIds": [
                                "seg-1.1.16"
                            ], 
                            "chosenInterpretation": {
                                "base": "w", 
                                "ctag": "Prep", 
                                "msd": "loc:nwok"
                            }, 
                            "id": "words_a6363a", 
                            "orth": "W", 
                            "rule": "prep -> Prep"
                        }, 
                        {
                            "candidateInterpretations": [
                                {
                                    "base": "skr\u00f3t", 
                                    "ctag": "Noun", 
                                    "msd": "sg:loc:m3"
                                }
                            ], 
                            "childIds": [
                                "seg-1.1.17"
                            ], 
                            "chosenInterpretation": {
                                "base": "skr\u00f3t", 
                                "ctag": "Noun", 
                                "msd": "sg:loc:m3"
                            }, 
                            "id": "words_a6363f", 
                            "orth": "skr\u00f3cie", 
                            "rule": "subst|depr|ger -> Noun"
                        }, 
                        {
                            "candidateInterpretations": [
                                {
                                    "base": ":", 
                                    "ctag": "Interp", 
                                    "msd": ""
                                }
                            ], 
                            "childIds": [
                                "seg-1.1.18"
                            ], 
                            "chosenInterpretation": {
                                "base": ":", 
                                "ctag": "Interp", 
                                "msd": ""
                            }, 
                            "id": "words_a6362f", 
                            "orth": ":", 
                            "rule": "interp -> Interp"
                        }, 
                        {
                            "candidateInterpretations": [
                                {
                                    "base": ".", 
                                    "ctag": "Interp", 
                                    "msd": ""
                                }
                            ], 
                            "childIds": [
                                "seg-1.1.20"
                            ], 
                            "chosenInterpretation": {
                                "base": ".", 
                                "ctag": "Interp", 
                                "msd": ""
                            }, 
                            "id": "words_a63630", 
                            "orth": ".", 
                            "rule": "interp -> Interp"
                        }, 
                        {
                            "candidateInterpretations": [
                                {
                                    "base": "przyj\u0105\u0107", 
                                    "ctag": "Ppas", 
                                    "msd": "pl:gen:f:perf:nrefl:aff"
                                }
                            ], 
                            "childIds": [
                                "seg-1.1.21"
                            ], 
                            "chosenInterpretation": {
                                "base": "przyj\u0105\u0107", 
                                "ctag": "Ppas", 
                                "msd": "pl:gen:f:perf:nrefl:aff"
                            }, 
                            "id": "words_a63624", 
                            "orth": "przyj\u0119tych", 
                            "rule": "ppas -> Ppas"
                        }, 
                        {
                            "candidateInterpretations": [
                                {
                                    "base": "obecnie", 
                                    "ctag": "Adv", 
                                    "msd": "pos"
                                }
                            ], 
                            "childIds": [
                                "seg-1.1.22"
                            ], 
                            "chosenInterpretation": {
                                "base": "obecnie", 
                                "ctag": "Adv", 
                                "msd": "pos"
                            }, 
                            "id": "words_a6362b", 
                            "orth": "obecnie", 
                            "rule": "adv -> Adv"
                        }, 
                        {
                            "candidateInterpretations": [
                                {
                                    "base": "\u017ar\u00f3d\u0142o", 
                                    "ctag": "Noun", 
                                    "msd": "pl:gen:n"
                                }
                            ], 
                            "childIds": [
                                "seg-1.1.23"
                            ], 
                            "chosenInterpretation": {
                                "base": "\u017ar\u00f3d\u0142o", 
                                "ctag": "Noun", 
                                "msd": "pl:gen:n"
                            }, 
                            "id": "words_a63640", 
                            "orth": "\u017ar\u00f3de\u0142", 
                            "rule": "subst|depr|ger -> Noun"
                        }, 
                        {
                            "candidateInterpretations": [
                                {
                                    "base": "nawet", 
                                    "ctag": "Qub", 
                                    "msd": ""
                                }
                            ], 
                            "childIds": [
                                "seg-1.1.24"
                            ], 
                            "chosenInterpretation": {
                                "base": "nawet", 
                                "ctag": "Qub", 
                                "msd": ""
                            }, 
                            "id": "words_a63635", 
                            "orth": "nawet", 
                            "rule": "qub -> Qub"
                        }, 
                        {
                            "candidateInterpretations": [
                                {
                                    "base": "ponad", 
                                    "ctag": "Qub", 
                                    "msd": ""
                                }
                            ], 
                            "childIds": [
                                "seg-1.1.25"
                            ], 
                            "chosenInterpretation": {
                                "base": "ponad", 
                                "ctag": "Qub", 
                                "msd": ""
                            }, 
                            "id": "words_a63636", 
                            "orth": "ponad", 
                            "rule": "qub -> Qub"
                        }, 
                        {
                            "candidateInterpretations": [
                                {
                                    "base": "rok", 
                                    "ctag": "Noun", 
                                    "msd": "pl:gen:m3"
                                }
                            ], 
                            "childIds": [
                                "seg-1.1.27"
                            ], 
                            "chosenInterpretation": {
                                "base": "rok", 
                                "ctag": "Noun", 
                                "msd": "pl:gen:m3"
                            }, 
                            "id": "words_a63641", 
                            "orth": "lat", 
                            "rule": "subst|depr|ger -> Noun"
                        }, 
                        {
                            "candidateInterpretations": [
                                {
                                    "base": ".", 
                                    "ctag": "Interp", 
                                    "msd": ""
                                }
                            ], 
                            "childIds": [
                                "seg-1.1.28"
                            ], 
                            "chosenInterpretation": {
                                "base": ".", 
                                "ctag": "Interp", 
                                "msd": ""
                            }, 
                            "id": "words_a63631", 
                            "orth": ".", 
                            "rule": "interp -> Interp"
                        }, 
                        {
                            "candidateInterpretations": [
                                {
                                    "base": ".", 
                                    "ctag": "Interp", 
                                    "msd": ""
                                }
                            ], 
                            "childIds": [
                                "seg-1.1.30"
                            ], 
                            "chosenInterpretation": {
                                "base": ".", 
                                "ctag": "Interp", 
                                "msd": ""
                            }, 
                            "id": "words_a63632", 
                            "orth": ".", 
                            "rule": "interp -> Interp"
                        }, 
                        {
                            "candidateInterpretations": [
                                {
                                    "base": "r\u00f3\u017cny", 
                                    "ctag": "Adj", 
                                    "msd": "pl:gen:n:pos"
                                }
                            ], 
                            "childIds": [
                                "seg-1.1.31"
                            ], 
                            "chosenInterpretation": {
                                "base": "r\u00f3\u017cny", 
                                "ctag": "Adj", 
                                "msd": "pl:gen:n:pos"
                            }, 
                            "id": "words_a63627", 
                            "orth": "r\u00f3\u017cnych", 
                            "rule": "adj -> Adj"
                        }, 
                        {
                            "candidateInterpretations": [
                                {
                                    "base": "badanie", 
                                    "ctag": "Noun", 
                                    "msd": "pl:gen:n"
                                }
                            ], 
                            "childIds": [
                                "seg-1.1.32"
                            ], 
                            "chosenInterpretation": {
                                "base": "badanie", 
                                "ctag": "Noun", 
                                "msd": "pl:gen:n"
                            }, 
                            "id": "words_a63642", 
                            "orth": "bada\u0144", 
                            "rule": "subst|depr|ger -> Noun"
                        }, 
                        {
                            "candidateInterpretations": [
                                {
                                    "base": "ochrona", 
                                    "ctag": "Noun", 
                                    "msd": "sg:nom:f"
                                }
                            ], 
                            "childIds": [
                                "seg-1.1.33"
                            ], 
                            "chosenInterpretation": {
                                "base": "ochrona", 
                                "ctag": "Noun", 
                                "msd": "sg:nom:f"
                            }, 
                            "id": "words_a63643", 
                            "orth": "ochrona", 
                            "rule": "subst|depr|ger -> Noun"
                        }, 
                        {
                            "candidateInterpretations": [
                                {
                                    "base": "do\u015b\u0107", 
                                    "ctag": "Qub", 
                                    "msd": ""
                                }
                            ], 
                            "childIds": [
                                "seg-1.1.34"
                            ], 
                            "chosenInterpretation": {
                                "base": "do\u015b\u0107", 
                                "ctag": "Qub", 
                                "msd": ""
                            }, 
                            "id": "words_a63637", 
                            "orth": "do\u015b\u0107", 
                            "rule": "qub -> Qub"
                        }, 
                        {
                            "candidateInterpretations": [
                                {
                                    "base": "w\u0105tpliwy", 
                                    "ctag": "Adj", 
                                    "msd": "sg:nom:f:pos"
                                }
                            ], 
                            "childIds": [
                                "seg-1.1.35"
                            ], 
                            "chosenInterpretation": {
                                "base": "w\u0105tpliwy", 
                                "ctag": "Adj", 
                                "msd": "sg:nom:f:pos"
                            }, 
                            "id": "words_a63628", 
                            "orth": "w\u0105tpliwa", 
                            "rule": "adj -> Adj"
                        }, 
                        {
                            "candidateInterpretations": [
                                {
                                    "base": ",", 
                                    "ctag": "Interp", 
                                    "msd": ""
                                }
                            ], 
                            "childIds": [
                                "seg-1.1.36"
                            ], 
                            "chosenInterpretation": {
                                "base": ",", 
                                "ctag": "Interp", 
                                "msd": ""
                            }, 
                            "id": "words_a63633", 
                            "orth": ",", 
                            "rule": "interp -> Interp"
                        }, 
                        {
                            "candidateInterpretations": [
                                {
                                    "base": "kilka", 
                                    "ctag": "Num", 
                                    "msd": "pl:nom:m1:rec"
                                }
                            ], 
                            "childIds": [
                                "seg-1.1.37"
                            ], 
                            "chosenInterpretation": {
                                "base": "kilka", 
                                "ctag": "Num", 
                                "msd": "pl:nom:m1:rec"
                            }, 
                            "id": "words_a63645", 
                            "orth": "kilku", 
                            "rule": "num -> Num"
                        }, 
                        {
                            "candidateInterpretations": [
                                {
                                    "base": "sezonowy", 
                                    "ctag": "Adj", 
                                    "msd": "sg:nom:f:pos"
                                }
                            ], 
                            "childIds": [
                                "seg-1.1.38"
                            ], 
                            "chosenInterpretation": {
                                "base": "sezonowy", 
                                "ctag": "Adj", 
                                "msd": "sg:nom:f:pos"
                            }, 
                            "id": "words_a63629", 
                            "orth": "sezonowa", 
                            "rule": "adj -> Adj"
                        }, 
                        {
                            "candidateInterpretations": [
                                {
                                    "base": "dotyczy\u0107", 
                                    "ctag": "Pact", 
                                    "msd": "sg:nom:f:imperf:nrefl:aff"
                                }
                            ], 
                            "childIds": [
                                "seg-1.1.39"
                            ], 
                            "chosenInterpretation": {
                                "base": "dotyczy\u0107", 
                                "ctag": "Pact", 
                                "msd": "sg:nom:f:imperf:nrefl:aff"
                            }, 
                            "id": "words_a63623", 
                            "orth": "dotycz\u0105ca", 
                            "rule": "pact -> Pact"
                        }, 
                        {
                            "candidateInterpretations": [
                                {
                                    "base": "tylko", 
                                    "ctag": "Qub", 
                                    "msd": ""
                                }
                            ], 
                            "childIds": [
                                "seg-1.1.40"
                            ], 
                            "chosenInterpretation": {
                                "base": "tylko", 
                                "ctag": "Qub", 
                                "msd": ""
                            }, 
                            "id": "words_a63638", 
                            "orth": "tylko", 
                            "rule": "qub -> Qub"
                        }, 
                        {
                            "candidateInterpretations": [
                                {
                                    "base": "cz\u0119\u015b\u0107", 
                                    "ctag": "Noun", 
                                    "msd": "pl:gen:f"
                                }
                            ], 
                            "childIds": [
                                "seg-1.1.41"
                            ], 
                            "chosenInterpretation": {
                                "base": "cz\u0119\u015b\u0107", 
                                "ctag": "Noun", 
                                "msd": "pl:gen:f"
                            }, 
                            "id": "words_a63644", 
                            "orth": "cz\u0119\u015bci", 
                            "rule": "subst|depr|ger -> Noun"
                        }, 
                        {
                            "candidateInterpretations": [
                                {
                                    "base": "szczepi\u0107", 
                                    "ctag": "Ppas", 
                                    "msd": "pl:gen:f:imperf:nrefl:aff"
                                }
                            ], 
                            "childIds": [
                                "seg-1.1.42"
                            ], 
                            "chosenInterpretation": {
                                "base": "szczepi\u0107", 
                                "ctag": "Ppas", 
                                "msd": "pl:gen:f:imperf:nrefl:aff"
                            }, 
                            "id": "words_a63625", 
                            "orth": "szczepionych", 
                            "rule": "ppas -> Ppas"
                        }, 
                        {
                            "candidateInterpretations": [
                                {
                                    "base": ".", 
                                    "ctag": "Interp", 
                                    "msd": ""
                                }
                            ], 
                            "childIds": [
                                "seg-1.1.43"
                            ], 
                            "chosenInterpretation": {
                                "base": ".", 
                                "ctag": "Interp", 
                                "msd": ""
                            }, 
                            "id": "words_a63634", 
                            "orth": ".", 
                            "rule": "interp -> Interp"
                        }
                    ]
                }
            ], 
            "text": "  \ufeffJAK D\u0141UGO DZIA\u0141A SZCZEPIONKA PRZECIWKO WZW-B? WIRUSOWE ZAPALENIE W\u0104TROBY TYPU B (WZW B)  W skr\u00f3cie: Wg. przyj\u0119tych obecnie \u017ar\u00f3de\u0142 nawet ponad 20 lat.  Wg. r\u00f3\u017cnych bada\u0144 ochrona do\u015b\u0107 w\u0105tpliwa, kilku sezonowa dotycz\u0105ca tylko cz\u0119\u015bci szczepionych."
        }
    ], 
    "summary": "", 
    "textHeader": {
        "distributor": "Multiservice", 
        "id": "", 
        "processingDuration": 613, 
        "publicationTime": 1553566222699, 
        "retrievedFrom": "", 
        "sourceDescText": "", 
        "title": ""
    }
}